Year,Month,Region,Vehicle_Type,Model,Sales_Channel,Units_Sold,Average_Price_USD,Revenue_USD,Cost_USD,Operating_Expenses_USD,Profit_USD,Profit_Margin_Percent,Market_Share_Percent,Customer_Satisfaction
2022,1,North America,Hybrid,Camry,Corporate,1063,50966,54176858,44780040.96,4238166.98,5158650.06,9.52,8.23,4.0
2019,8,Japan,Pickup,Fortuner,Fleet,968,45777,44312136,30348853.8,5322573.6,8640708.6,19.5,10.14,3.74
2023,12,Asia,EV,Prius,Online,2197,50567,111095699,80500164.95,16694193.12,13901340.93,12.51,12.57,4.78
2020,11,North America,EV,Fortuner,Fleet,954,35174,33555996,26392599.05,3216168.69,3947228.25,11.76,8.95,3.27
2022,12,Latin America,EV,Prius,Fleet,1406,60598,85200788,65741493.75,8477244.13,10982050.12,12.89,9.97,3.96
2025,12,Japan,EV,Prius,Dealer,550,31798,17488900,14166027.04,1406186.35,1916686.61,10.96,14.08,3.95
2018,4,North America,Hatchback,Prius,Online,2067,35558,73498386,61687049.82,7715624.27,4095711.9,5.57,5.86,4.48
2022,4,North America,Sedan,Prius,Fleet,170,62237,10580290,7553362.48,776063.78,2250863.74,21.27,7.95,4.66
2023,5,Asia,Pickup,Prius,Dealer,609,18178,11070402,7134355.92,1689166.91,2246879.16,20.3,11.99,4.0
2020,8,Latin America,Hatchback,Camry,Fleet,740,38470,28467800,17840528.11,3717325.93,6909945.96,24.27,8.13,4.19
2019,5,Middle East,EV,Prius,Fleet,818,35118,28726524,22404187.2,4572325.93,1750010.87,6.09,5.22,4.23
2023,8,Middle East,Sedan,Camry,Dealer,951,40616,38625816,31375093.99,5772785.97,1477936.03,3.83,7.24,4.57
2023,10,North America,Hybrid,Prius,Dealer,1766,18798,33197268,22194258.23,3736988.36,7266021.41,21.89,8.78,4.56
2018,1,Europe,Hybrid,Fortuner,Dealer,271,25601,6937871,4543324.27,810146.66,1584400.07,22.84,9.92,3.86
2021,12,Latin America,Hybrid,Land Cruiser,Online,2066,43363,89587958,56770555.93,7807755.76,25009646.32,27.92,9.32,4.3
2020,10,Japan,EV,Prius,Fleet,2265,20795,47100675,37727388.35,5255660.09,4117626.56,8.74,10.96,4.27
2017,9,Europe,Hybrid,RAV4,Dealer,424,49926,21168624,14574682.87,3202230.86,3391710.28,16.02,11.85,4.05
2023,6,Europe,SUV,Prius,Corporate,1088,63264,68831232,48758208.08,5133213.58,14939810.33,21.7,9.18,4.27
2021,3,Latin America,Pickup,Prius,Fleet,282,55356,15610392,11405031.11,2305968.86,1899392.04,12.17,10.02,4.11
2017,8,North America,Pickup,Fortuner,Corporate,652,25297,16493644,13272100.7,1660667.53,1560875.77,9.46,8.1,4.17
2020,9,North America,EV,Yaris,Online,271,21084,5713764,4360649.31,862527.81,490586.88,8.59,13.27,3.49
2016,6,North America,SUV,Hilux,Dealer,2132,48329,103037428,77825634.41,15937746.06,9274047.52,9.0,8.52,3.69
2025,11,North America,Hatchback,Fortuner,Corporate,1993,29110,58016230,38212265.85,7564030.74,12239933.41,21.1,9.69,4.47
2021,7,Middle East,Hatchback,RAV4,Online,1796,18731,33640876,24655457.77,4366523.16,4618895.07,13.73,12.09,3.56
2024,1,North America,Hybrid,Hilux,Dealer,390,19129,7460310,5799524.31,826213.59,834572.09,11.19,10.2,4.31
2016,5,Middle East,Sedan,Corolla,Corporate,2183,46022,100466026,83800459.82,14587528.35,2078037.83,2.07,10.14,4.06
2025,5,Middle East,Hatchback,Corolla,Corporate,522,19605,10233810,6798416.06,1602053.3,1833340.64,17.91,4.57,4.56
2018,10,North America,Sedan,Yaris,Online,1340,29970,40159800,24983393.01,5612627.71,9563779.28,23.81,11.2,4.39
2022,4,Asia,Pickup,RAV4,Dealer,949,61705,58558045,37276078.94,7376809.08,13905156.98,23.75,9.64,3.9
2019,6,Japan,Sedan,Fortuner,Dealer,664,62130,41254320,28988896.73,5140756.95,7124666.32,17.27,13.85,4.0
2024,7,Europe,Pickup,Camry,Corporate,1674,47265,79121610,63338417.19,11587541.06,4195651.74,5.3,9.96,3.21
2018,9,Middle East,SUV,RAV4,Corporate,1617,50330,81383610,50585712.85,9660913.16,21136983.99,25.97,8.1,4.04
2020,1,Latin America,SUV,Land Cruiser,Corporate,439,20933,9189587,6620920.35,1308113.72,1260552.92,13.72,11.74,3.53
2018,6,Latin America,EV,Hilux,Dealer,1803,33187,59836161,41432396.96,6929007.88,11474756.16,19.18,10.0,4.0
2022,7,Japan,EV,Hilux,Online,2157,43791,94457187,59654056.38,7142851.04,27660279.58,29.28,9.28,3.81
2020,3,Latin America,Hybrid,Prius,Online,1882,42900,80737800,58054675.2,8441559.31,14241565.49,17.64,12.77,3.71
2024,8,Asia,Hatchback,Corolla,Dealer,2091,23074,48247734,32617625.61,5307235.6,10322872.79,21.4,5.92,4.63
2022,5,Latin America,Hybrid,Yaris,Fleet,2235,64805,144839175,101012964.5,11984797.49,31841413.0,21.98,11.75,3.53
2017,9,Europe,Pickup,Hilux,Online,923,44426,41005198,31788679.72,3248623.26,5967895.01,14.55,13.22,3.67
2019,5,Europe,Hybrid,RAV4,Corporate,1705,57867,98663235,72491945.3,11661189.82,14510099.87,14.71,6.73,3.79
2024,9,Middle East,Sedan,Hilux,Fleet,970,18893,18326210,11864799.49,1423267.11,5038143.39,27.49,9.19,3.88
2017,10,North America,Pickup,Yaris,Fleet,2071,52158,108019218,89819189.46,10506496.27,7693532.27,7.12,8.96,3.71
2025,4,Asia,EV,Yaris,Online,2062,37773,77887926,59187063.67,10671715.09,8029147.24,10.31,9.07,3.94
2024,9,Middle East,SUV,Yaris,Fleet,1039,22239,23106321,18219127.39,3623045.63,1264147.98,5.47,14.08,4.24
2025,5,Asia,EV,RAV4,Fleet,1548,38863,60159924,38347553.44,8098028.24,13714342.32,22.8,6.76,4.4
2020,10,North America,Hatchback,Camry,Online,1541,21432,33026712,20818481.82,5262354.07,6945876.11,21.03,8.73,4.38
2017,9,Latin America,Pickup,Prius,Online,811,53139,43095729,26903740.12,5725285.59,10466703.29,24.29,13.26,3.24
2019,3,Latin America,Pickup,Corolla,Fleet,685,19515,13367775,8843246.84,1289208.3,3235319.86,24.2,8.69,4.27
2022,4,North America,Sedan,Hilux,Corporate,694,49670,34470980,24514721.59,4497936.47,5458321.94,15.83,7.16,4.3
2023,9,Middle East,Hatchback,RAV4,Dealer,2084,57094,118983896,98266628.17,15847954.0,4869313.83,4.09,10.16,3.8
2018,10,North America,SUV,Fortuner,Fleet,1799,32605,58656395,42265048.72,6068322.49,10323023.79,17.6,11.51,4.85
2016,11,Japan,Pickup,Corolla,Fleet,753,23586,17760258,12145461.18,1271532.29,4343264.53,24.45,11.52,4.59
2019,6,Europe,Pickup,Camry,Corporate,1350,53685,72474750,53894090.74,9660013.07,8920646.18,12.31,10.89,4.02
2017,2,Middle East,Sedan,RAV4,Fleet,1667,49186,81993062,52854827.38,5899647.49,23238587.13,28.34,6.06,3.83
2023,7,Asia,Hybrid,Land Cruiser,Fleet,1691,44928,75973248,57290765.05,9633934.12,9048548.84,11.91,6.2,4.84
2019,2,Japan,SUV,Land Cruiser,Dealer,976,50728,49510528,36888067.92,4194803.45,8427656.63,17.02,11.4,4.09
2017,11,Middle East,EV,Prius,Dealer,1542,35551,54819642,43539868.44,6627931.4,4651842.16,8.49,10.98,4.14
2021,2,North America,Hatchback,Prius,Dealer,357,39493,14099001,11801868.74,1626350.39,670781.87,4.76,11.4,4.13
2021,11,North America,Pickup,Camry,Online,631,38711,24426641,16492676.59,1739573.23,6194391.18,25.36,6.54,5.0
2025,1,North America,Pickup,Camry,Online,1716,38039,65274924,47789365.82,6700988.16,10784570.02,16.52,11.31,4.0
2019,11,North America,EV,Prius,Dealer,2238,54561,122107518,100122106.93,15153323.81,6832087.26,5.6,9.92,4.09
2021,11,Asia,SUV,Hilux,Dealer,840,27947,23475480,18609993.67,3436213.75,1429272.57,6.09,7.3,3.73
2017,12,Japan,Hybrid,Hilux,Online,1529,50335,76962215,55969184.41,11542622.94,9450407.65,12.28,9.16,3.92
2025,11,Latin America,Pickup,RAV4,Corporate,484,33859,16387756,13568763.1,1860772.29,958220.6,5.85,10.07,3.64
2017,3,Europe,SUV,Fortuner,Fleet,1438,41122,59133436,37407342.84,8016011.73,13710081.43,23.18,12.72,3.74
2025,6,Asia,EV,RAV4,Fleet,1312,19577,25685024,21185513.7,2529484.59,1970025.72,7.67,9.59,3.29
2019,8,Asia,Sedan,Fortuner,Dealer,101,60256,6085856,3840854.48,613434.67,1631566.86,26.81,7.16,4.5
2023,9,Latin America,Hybrid,Camry,Corporate,757,46350,35086950,25978624.92,3070168.36,6038156.72,17.21,4.83,4.17
2022,7,Latin America,Hatchback,Corolla,Online,2108,59932,126336656,103077699.7,15233083.98,8025872.32,6.35,13.32,4.21
2024,4,Europe,Pickup,RAV4,Dealer,1311,51798,67907178,46027390.69,6676007.2,15203780.11,22.39,12.1,4.08
2023,6,Europe,SUV,RAV4,Corporate,2135,49898,106532230,77118113.46,8266195.88,21147920.67,19.85,10.26,4.13
2020,5,Latin America,Sedan,Fortuner,Corporate,1888,33881,63967328,44223962.75,8421333.77,11322031.47,17.7,13.19,4.83
2017,8,North America,Hatchback,Yaris,Corporate,608,28785,17501280,14516815.8,2339882.44,644581.76,3.68,10.06,3.75
2020,1,Asia,SUV,Camry,Online,2117,24691,52270847,41879508.77,5352499.07,5038839.16,9.64,8.17,4.23
2023,1,Middle East,SUV,Camry,Online,1756,35297,61981532,48096449.81,4766696.29,9118385.9,14.71,10.89,4.22
2025,11,Europe,Hatchback,Land Cruiser,Fleet,736,24358,17927488,13432671.23,1942744.41,2552072.37,14.24,7.43,4.61
2024,6,Europe,Sedan,Yaris,Fleet,245,37581,9207345,7370757.68,1011060.32,825527.01,8.97,7.01,4.3
2024,10,Latin America,EV,Fortuner,Corporate,928,19462,18060736,12756275.25,2351153.47,2953307.29,16.35,11.43,4.32
2016,12,Japan,Sedan,Camry,Corporate,575,33511,19268825,13843907.14,1895811.04,3529106.82,18.32,14.64,3.53
2024,2,Middle East,Hybrid,Yaris,Online,669,28570,19113330,14919872.64,2512140.18,1681317.19,8.8,6.32,3.74
2022,5,Middle East,Pickup,Prius,Fleet,508,62414,31706312,22153391.95,4706293.72,4846626.32,15.29,6.41,3.57
2024,1,Europe,Hatchback,Yaris,Corporate,242,33474,8100708,5136320.39,740192.02,2224195.59,27.46,8.39,2.99
2023,7,North America,EV,Hilux,Fleet,2493,25037,62417241,39719436.88,9868338.08,12829466.04,20.55,7.72,4.28
2016,1,Japan,Hatchback,Land Cruiser,Fleet,1342,46129,61905118,39952313.68,6485993.12,15466811.2,24.98,13.69,3.98
2023,4,Middle East,Hatchback,Prius,Corporate,151,60267,9100317,7383359.2,855914.68,861043.12,9.46,9.62,4.28
2023,9,Europe,Sedan,Corolla,Online,734,31386,23037324,16676484.18,2486556.75,3874283.07,16.82,12.41,4.12
2018,1,Middle East,Pickup,RAV4,Corporate,348,24221,8428908,6547863.34,661633.65,1219411.01,14.47,10.29,4.21
2016,4,Japan,Hybrid,Land Cruiser,Corporate,1856,41474,76975744,54378748.74,6259169.59,16337825.67,21.22,10.89,4.7
2023,6,Japan,SUV,Corolla,Fleet,1348,58537,78907876,53414036.02,8466741.25,17027098.73,21.58,7.77,4.1
2018,6,Asia,SUV,RAV4,Corporate,1095,39045,42754275,29773319.37,5926597.9,7054357.73,16.5,9.95,4.4
2018,12,Latin America,Hatchback,Hilux,Online,1163,43783,50919629,40466853.46,7690294.9,2762480.64,5.43,5.22,3.96
2016,8,Latin America,Pickup,Yaris,Corporate,85,58157,4943345,3744818.88,641812.37,556713.75,11.26,7.86,4.47
2020,1,Europe,EV,Camry,Online,1061,22922,24320242,20095347.84,1932723.79,2292170.37,9.42,7.7,3.54
2025,7,Japan,Sedan,Prius,Online,486,64407,31301802,24087833.81,4084314.8,3129653.39,10.0,11.23,3.27
2022,1,Asia,Pickup,Fortuner,Fleet,2033,40706,82755298,61689105.95,10525523.28,10540668.77,12.74,6.21,5.0
2025,7,Asia,Pickup,Prius,Dealer,2153,60771,130839963,98685142.17,18647148.32,13507672.5,10.32,7.69,4.93
2024,3,Middle East,Sedan,Hilux,Dealer,1065,50479,53760135,44476927.18,7756102.63,1527105.2,2.84,12.36,3.22
2022,11,Middle East,Hatchback,Corolla,Fleet,469,23178,10870482,8624686.12,1610334.47,635461.4,5.85,12.36,4.08
2024,8,Asia,Pickup,Fortuner,Corporate,789,48022,37889358,23691801.51,4064461.01,10133095.48,26.74,13.33,4.17
2023,3,Middle East,SUV,Camry,Fleet,1551,33240,51555240,38022542.85,6846937.78,6685759.37,12.97,9.53,4.43
2017,1,Japan,Sedan,Hilux,Online,833,44220,36835260,28415988.56,3467764.65,4951506.79,13.44,13.18,4.88
2016,8,North America,EV,Fortuner,Dealer,2273,54736,124414928,97630094.16,19898956.58,6885877.26,5.53,12.4,3.62
2022,3,Japan,Hybrid,Hilux,Fleet,1491,20716,30887556,20598641.33,2649537.08,7639377.59,24.73,8.82,3.65
2022,2,Asia,Hatchback,Yaris,Corporate,1352,34574,46744048,37899093.33,3314634.41,5530320.25,11.83,11.51,4.1
2023,1,Asia,Sedan,Hilux,Fleet,605,64279,38888795,32288802.3,3243044.89,3356947.8,8.63,12.76,3.67
2020,3,Japan,Hybrid,Camry,Dealer,1565,35719,55900235,37569282.77,7816446.35,10514505.88,18.81,10.28,2.88
2018,2,Middle East,Hybrid,Land Cruiser,Fleet,2140,26181,56027340,45616081.99,6174802.89,4236455.12,7.56,12.96,4.0
2023,2,Middle East,EV,RAV4,Fleet,635,63763,40489505,25967349.96,4464981.07,10057173.97,24.84,14.64,4.49
2021,6,Latin America,Pickup,Fortuner,Dealer,98,62066,6082468,3845673.87,948573.43,1288220.7,21.18,11.44,4.09
2018,12,Asia,EV,Yaris,Online,654,38213,24991302,16205090.86,3817849.77,4968361.36,19.88,10.99,4.38
2016,1,Europe,Pickup,Camry,Online,1083,24380,26403540,16705599.96,2587745.64,7110194.4,26.93,6.7,4.32
2018,2,Latin America,Pickup,Hilux,Dealer,2018,18615,37565070,30273791.04,3336350.39,3954928.56,10.53,12.17,3.64
2020,6,Middle East,Sedan,Yaris,Fleet,2019,18463,37276797,23595878.19,5455958.71,8224960.1,22.06,6.94,4.13
2018,3,Japan,Sedan,Camry,Dealer,1715,49973,85703695,58258468.4,12987685.04,14457541.56,16.87,13.42,3.41
2016,4,Middle East,Hatchback,Land Cruiser,Online,1778,27158,48286924,31040109.31,5733769.13,11513045.56,23.84,10.68,3.87
2020,1,Japan,Pickup,Yaris,Corporate,2249,38651,86926099,59543756.12,11009028.23,16373314.65,18.84,4.26,4.12
2025,8,Latin America,Hybrid,Yaris,Fleet,511,21158,10811738,6918680.71,1006813.75,2886243.53,26.7,10.51,4.1
2022,7,Asia,SUV,RAV4,Online,2171,38008,82515368,63286045.65,11723143.32,7506179.02,9.1,16.05,3.52
2022,7,Middle East,Hatchback,Prius,Fleet,1975,64202,126798950,82334603.07,16089647.92,28374699.01,22.38,4.27,3.61
2024,3,Japan,Sedan,Fortuner,Dealer,2023,22938,46403574,37466528.88,5351084.56,3585960.56,7.73,12.37,4.23
2025,10,Asia,EV,RAV4,Corporate,1420,56185,79782700,63808769.86,6016395.06,9957535.08,12.48,4.63,4.47
2025,10,Europe,Hatchback,Corolla,Dealer,224,40388,9046912,5636276.57,1379058.31,2031577.12,22.46,7.26,4.01
2018,3,Japan,Hatchback,Fortuner,Corporate,2490,26881,66933690,54688827.25,8392857.41,3852005.34,5.75,7.68,3.98
2022,2,Latin America,Hatchback,RAV4,Fleet,1153,23603,27214259,17046134.17,2376953.21,7791171.62,28.63,9.9,4.52
2016,12,Europe,Hatchback,Hilux,Fleet,1168,52980,61880640,41628472.4,7708765.29,12543402.31,20.27,11.48,3.75
2019,1,Europe,SUV,Fortuner,Dealer,2482,40504,100530928,63045519.58,13166706.73,24318701.69,24.19,10.52,4.88
2019,7,North America,EV,Fortuner,Corporate,879,34766,30559314,21204666.93,3585198.25,5769448.82,18.88,7.17,3.49
2020,7,Middle East,EV,Camry,Corporate,1231,46386,57101166,41858046.03,7687481.81,7555638.16,13.23,7.98,4.57
2022,12,Japan,EV,Hilux,Fleet,2036,29695,60459020,48080753.38,7396003.63,4982263.0,8.24,13.18,4.34
2022,2,Europe,Pickup,Corolla,Dealer,542,35796,19401432,13471499.58,3013028.08,2916904.35,15.03,7.25,5.0
2019,7,North America,Hybrid,Prius,Corporate,1854,60543,112246722,87014535.03,8399729.43,16832457.54,15.0,6.18,3.6
2022,8,Latin America,EV,Yaris,Fleet,2125,32559,69187875,45750550.19,5504733.58,17932591.23,25.92,8.9,3.05
2018,1,Asia,Hatchback,Land Cruiser,Online,887,56914,50482718,39635580.21,4322857.72,6524280.07,12.92,7.14,4.66
2021,9,Japan,Hatchback,RAV4,Dealer,266,51139,13602974,9140100.13,1797162.3,2665711.57,19.6,13.53,3.44
2017,7,Europe,EV,Camry,Online,1823,56333,102695059,66914030.76,13155609.69,22625418.55,22.03,12.75,4.38
2025,3,Middle East,EV,RAV4,Dealer,811,26802,21736422,14363209.14,3266664.65,4106548.21,18.89,15.99,4.63
2024,8,North America,Hatchback,Corolla,Fleet,2015,26307,53008605,34988535.85,7206995.38,10813073.78,20.4,10.35,4.27
2020,7,Europe,Pickup,Yaris,Corporate,1293,58205,75259065,55152088.07,8711386.83,11395590.1,15.14,11.11,4.2
2021,11,Middle East,Sedan,Corolla,Corporate,1491,51214,76360074,61535183.16,12161476.6,2663414.24,3.49,8.0,4.28
2019,8,Europe,Sedan,Fortuner,Corporate,508,52159,26496772,16892039.71,2489364.21,7115368.09,26.85,8.16,4.48
2025,6,Japan,EV,Land Cruiser,Dealer,1387,29516,40938692,31749199.78,5935588.35,3253903.88,7.95,15.71,4.36
2022,9,Japan,SUV,Corolla,Fleet,2364,47086,111311304,85036963.17,12067384.64,14206956.19,12.76,11.81,3.55
2024,5,Japan,EV,RAV4,Online,1297,48480,62878560,51054522.79,8072737.02,3751300.19,5.97,12.68,4.92
2022,3,Latin America,EV,Hilux,Fleet,1390,62659,87096010,58677667.44,11797517.08,16620825.48,19.08,12.56,4.12
2016,3,Latin America,Sedan,Hilux,Online,850,56737,48226450,34675983.13,6126585.38,7423881.49,15.39,8.83,4.33
2016,1,North America,Hatchback,Fortuner,Dealer,837,27265,22820805,18797086.81,1886040.43,2137677.76,9.37,13.25,4.42
2024,12,Japan,EV,Prius,Dealer,215,23454,5042610,3858597.91,554009.33,630002.77,12.49,13.93,4.62
2024,8,Middle East,Hatchback,RAV4,Online,871,53918,46962578,33133463.08,5660373.89,8168741.03,17.39,10.64,4.57
2019,2,Europe,Hatchback,RAV4,Online,250,44181,11045250,7167381.18,1617178.55,2260690.27,20.47,7.88,4.16
2024,3,Asia,SUV,Corolla,Online,2286,33386,76320396,51725896.66,8389757.45,16204741.88,21.23,10.77,4.13
2018,8,Middle East,Hatchback,Land Cruiser,Fleet,2328,57182,133119696,99555881.61,20325681.29,13238133.1,9.94,8.43,4.28
2022,8,Latin America,Sedan,RAV4,Online,1660,55425,92005500,71579998.24,10086901.55,10338600.21,11.24,10.67,4.6
2021,11,Latin America,Pickup,Camry,Dealer,1041,61254,63765414,41279995.57,7612964.72,14872453.71,23.32,9.25,3.6
2023,4,Middle East,Pickup,Prius,Dealer,955,42327,40422285,30393976.79,5726451.76,4301856.44,10.64,11.92,4.39
2024,4,Latin America,Hybrid,Corolla,Corporate,2498,39181,97874138,72532300.1,11987241.89,13354596.01,13.64,9.42,3.7
2020,5,Japan,EV,Camry,Online,182,39452,7180264,5263637.55,1123134.21,793492.23,11.05,17.59,4.93
2016,6,North America,Sedan,Fortuner,Fleet,1081,56248,60804088,46930242.05,7869886.78,6003959.17,9.87,8.81,4.27
2018,5,Europe,Hatchback,Hilux,Fleet,1228,58801,72207628,58072184.1,8451458.84,5683985.05,7.87,8.16,3.91
2025,7,North America,Pickup,Fortuner,Fleet,1561,51751,80783311,55825931.55,5826357.12,19131022.33,23.68,10.37,4.29
2023,2,Europe,Sedan,Hilux,Corporate,737,39991,29473367,24037967.7,3160604.83,2274794.47,7.72,12.19,4.1
2021,7,Europe,Pickup,Fortuner,Dealer,1300,59311,77104300,50529485.3,7473901.59,19100913.11,24.77,12.18,4.03
2023,10,North America,Hatchback,RAV4,Fleet,502,27916,14013832,9222015.88,1924512.68,2867303.44,20.46,9.92,3.29
2024,7,Middle East,Pickup,Camry,Dealer,250,28143,7035750,4775092.14,624387.57,1636270.29,23.26,10.35,3.64
2019,1,Europe,EV,Hilux,Corporate,2300,43855,100866500,65189695.3,8923639.87,26753164.83,26.52,10.35,4.04
2016,7,North America,EV,Corolla,Online,532,33581,17865092,11981585.35,1555276.2,4328230.45,24.23,6.81,3.34
2016,5,Europe,Hybrid,Camry,Online,2477,19907,49309639,31726343.82,4009140.18,13574155.01,27.53,12.06,3.84
2025,3,Asia,Hybrid,Corolla,Online,2055,47424,97456320,78041611.03,9549806.23,9864902.74,10.12,6.36,3.88
2019,3,Middle East,Pickup,Camry,Fleet,1737,41308,71751996,46679924.08,10743640.92,14328431.0,19.97,6.81,3.75
2022,4,Japan,Sedan,Camry,Online,2133,59984,127945872,100361440.92,17879611.96,9704819.12,7.59,12.64,4.45
2017,12,Europe,EV,Fortuner,Fleet,367,59505,21838335,13769966.7,2973783.06,5094585.23,23.33,8.7,3.7
2018,2,Asia,Sedan,Hilux,Corporate,1721,64525,111047525,92022249.15,15742131.85,3283144.0,2.96,11.49,4.14
2016,2,Japan,Sedan,Hilux,Corporate,1527,54942,83896434,65141824.06,7907038.4,10847571.55,12.93,13.62,3.94
2020,1,Japan,Pickup,Land Cruiser,Fleet,1993,44957,89599301,55685539.14,13428225.04,20485536.82,22.86,12.85,4.05
2016,5,Europe,Sedan,Camry,Dealer,687,43464,29859768,23530943.29,2459169.98,3869654.72,12.96,6.69,4.82
2023,4,North America,EV,RAV4,Online,536,41649,22323864,16365580.55,2238438.74,3719844.7,16.66,9.57,4.18
2016,11,Europe,Hatchback,RAV4,Online,1844,60065,110759860,87662036.17,13602122.76,9495701.07,8.57,9.37,4.27
2016,10,Asia,Hybrid,Corolla,Online,1305,45125,58888125,43279786.13,4667558.64,10940780.23,18.58,10.06,3.76
2017,2,Japan,Hatchback,Corolla,Fleet,1315,52758,69376770,52797488.9,9415240.57,7164040.53,10.33,11.42,4.38
2017,3,Europe,Sedan,Fortuner,Corporate,1109,23596,26167964,20751011.34,2743767.14,2673185.52,10.22,10.81,4.36
2021,7,North America,Hatchback,Camry,Online,526,34374,18080724,12821471.2,2542086.69,2717166.11,15.03,8.63,4.32
2022,7,Europe,EV,Corolla,Corporate,914,21775,19902350,12351314.68,2276046.0,5274989.32,26.5,10.57,3.56
2020,12,Middle East,EV,Corolla,Online,890,45388,40395320,32598547.75,3485255.99,4311516.26,10.67,11.49,3.84
2016,4,North America,Sedan,Prius,Online,1504,39029,58699616,41312547.89,7990694.38,9396373.74,16.01,8.16,4.75
2016,5,Asia,Pickup,Camry,Fleet,1491,36445,54339495,39620523.37,5036888.42,9682083.21,17.82,7.57,3.79
2018,5,Japan,Hatchback,Yaris,Dealer,1038,32645,33885510,21066915.06,3868807.86,8949787.08,26.41,13.69,4.81
2017,6,Europe,Pickup,Fortuner,Fleet,1555,49105,76358275,55608695.85,5864162.36,14885416.79,19.49,6.2,3.85
2020,9,North America,Pickup,Corolla,Online,888,31668,28121184,23538196.7,3532245.65,1050741.65,3.74,12.28,4.17
2025,2,Middle East,SUV,Fortuner,Online,1058,33960,35929680,24475976.56,4668242.68,6785460.76,18.89,9.53,4.02
2021,5,North America,Sedan,Hilux,Dealer,805,29357,23632385,16707907.6,2459674.67,4464802.73,18.89,9.21,3.72
2022,12,Latin America,Hybrid,Fortuner,Corporate,1296,55203,71543088,55172727.33,11153427.93,5216932.75,7.29,10.87,3.73
2019,3,Middle East,EV,Yaris,Corporate,2277,33804,76971708,61519992.22,11443784.31,4007931.48,5.21,10.71,3.78
2022,4,Asia,EV,RAV4,Online,1983,32626,64697358,46053271.73,8650986.68,9993099.59,15.45,9.52,4.17
2023,10,Japan,Sedan,Yaris,Corporate,858,46132,39581256,27236936.94,5312940.01,7031379.05,17.76,14.7,4.5
2016,6,Asia,Hybrid,RAV4,Online,1052,25951,27300452,22558955.25,2531192.92,2210303.83,8.1,7.82,4.14
2021,12,Europe,EV,Fortuner,Dealer,1618,24449,39558482,30419360.77,5107528.95,4031592.27,10.19,11.28,4.08
2023,8,North America,Sedan,RAV4,Dealer,1496,37065,55449240,35830449.79,4870581.61,14748208.6,26.6,6.8,4.64
2020,1,Latin America,EV,Hilux,Online,2203,53967,118889301,75514219.82,9863090.91,33511990.28,28.19,10.78,4.12
2019,10,Middle East,Pickup,Camry,Dealer,678,57536,39009408,28335691.51,6239637.14,4434079.35,11.37,8.68,3.86
2017,8,Middle East,Hatchback,RAV4,Fleet,304,27130,8247520,5512805.79,1039301.61,1695412.6,20.56,6.22,3.65
2021,11,North America,Hatchback,RAV4,Fleet,1633,41824,68298592,46161423.27,7430129.28,14707039.45,21.53,10.14,4.67
2021,7,Latin America,EV,Fortuner,Dealer,2240,59401,133058240,108188627.65,12764916.58,12104695.77,9.1,9.41,3.95
2016,1,North America,SUV,Hilux,Online,2378,54993,130773354,83656306.35,16262037.96,30855009.69,23.59,5.64,3.84
2024,2,Europe,Hybrid,Land Cruiser,Online,920,49875,45885000,35670086.13,3416753.83,6798160.03,14.82,4.22,3.8
2021,3,Asia,Hybrid,Land Cruiser,Dealer,1894,24054,45558276,30963741.32,3577294.56,11017240.12,24.18,9.12,4.65
2018,1,Middle East,Hybrid,Land Cruiser,Corporate,793,52273,41452489,32634392.57,3024253.5,5793842.93,13.98,13.55,3.84
2019,9,Europe,Pickup,Land Cruiser,Fleet,1186,59821,70947706,55263332.43,8153685.33,7530688.23,10.61,10.3,4.55
2019,8,Asia,Hybrid,Camry,Corporate,204,28832,5881728,3656236.33,729655.39,1495836.27,25.43,7.83,4.0
2018,2,Europe,Hatchback,Yaris,Online,1172,47670,55869240,40896830.69,4225009.51,10747399.8,19.24,12.2,3.56
2025,9,Latin America,Pickup,Fortuner,Online,1359,40852,55517868,36122716.7,7489926.79,11905224.51,21.44,11.77,3.95
2018,7,Middle East,Sedan,Fortuner,Corporate,1830,41620,76164600,61736735.76,6910837.36,7517026.87,9.87,12.68,4.09
2018,9,North America,Hybrid,Prius,Dealer,109,46307,5047463,4097272.51,664590.02,285600.47,5.66,11.21,4.05
2019,6,North America,Hybrid,Hilux,Corporate,2408,19551,47078808,33521809.79,7455905.78,6101092.43,12.96,11.71,4.04
2022,6,Asia,Sedan,Land Cruiser,Corporate,2097,45812,96067764,68954274.23,12700113.09,14413376.69,15.0,11.33,3.96
2019,11,Japan,Hybrid,Camry,Fleet,2495,31799,79338505,54483516.4,11860104.83,12994883.77,16.38,11.31,3.75
2024,4,Latin America,Sedan,Hilux,Fleet,574,44312,25435088,19779682.3,3951032.28,1704373.42,6.7,5.41,4.1
2016,10,Asia,Pickup,Land Cruiser,Corporate,1689,57620,97320180,68017609.05,11075775.57,18226795.38,18.73,8.2,4.34
2023,10,Japan,Hatchback,Camry,Corporate,797,19449,15500853,10523751.45,2064856.97,2912244.57,18.79,15.26,3.44
2022,2,Europe,Sedan,Hilux,Online,1096,42426,46498896,33250934.28,6820329.39,6427632.33,13.82,8.55,4.68
2017,7,Latin America,SUV,Fortuner,Fleet,1417,53427,75706059,48461511.66,7729195.12,19515352.22,25.78,9.14,2.5
2023,5,Europe,Sedan,Fortuner,Fleet,685,58277,39919745,31307168.0,3733524.43,4879052.57,12.22,6.59,4.13
2016,11,Middle East,Hybrid,Yaris,Online,454,49551,22496154,14009957.01,3491265.23,4994931.76,22.2,8.12,4.31
2024,6,Latin America,Pickup,Corolla,Dealer,2040,42277,86245080,65700356.05,11674764.91,8869959.03,10.28,9.48,3.83
2024,2,Japan,EV,Yaris,Fleet,1128,53489,60335592,39835379.73,5416410.08,15083802.19,25.0,13.73,3.14
2017,5,Middle East,Pickup,RAV4,Fleet,1437,63212,90835644,60962424.95,10029845.21,19843373.85,21.85,8.35,4.06
2022,10,North America,EV,Yaris,Dealer,195,27637,5389215,4094935.95,763547.53,530731.52,9.85,8.18,4.18
2025,4,Japan,Sedan,Land Cruiser,Fleet,2175,61258,133236150,111711525.2,15886501.5,5638123.29,4.23,14.61,3.58
2018,9,Asia,Hatchback,Prius,Fleet,1881,53693,100996533,79898139.87,12977619.08,8120774.05,8.04,10.31,3.73
2022,6,North America,SUV,Hilux,Dealer,2226,27824,61936224,41477742.77,8537235.74,11921245.49,19.25,10.62,4.53
2025,2,North America,Pickup,Prius,Dealer,1562,44950,70211900,46250365.15,8845353.23,15116181.62,21.53,13.32,4.15
2024,1,Asia,Hybrid,Corolla,Corporate,1626,41488,67459488,54680720.26,8001176.87,4777590.87,7.08,8.24,3.42
2019,5,Latin America,EV,RAV4,Online,1700,57008,96913600,69556874.4,13322255.7,14034469.9,14.48,9.38,4.3
2016,9,North America,Hybrid,Hilux,Online,764,18215,13916260,9047678.94,1885384.27,2983196.79,21.44,10.88,3.68
2017,6,Japan,Hatchback,Camry,Dealer,1551,58067,90061917,72921919.54,11409810.61,5730186.84,6.36,10.32,3.75
2016,10,Middle East,EV,Land Cruiser,Dealer,1679,29523,49569117,39632507.55,5074938.11,4861671.34,9.81,10.07,4.19
2020,12,North America,Pickup,RAV4,Fleet,2385,28364,67648140,56584922.6,7206088.79,3857128.61,5.7,9.56,4.15
2020,7,Japan,Sedan,Fortuner,Corporate,2248,21153,47551944,38999423.07,7481797.64,1070723.3,2.25,19.44,3.92
2022,5,Europe,Hybrid,Corolla,Corporate,889,41834,37190426,30027322.14,2979501.08,4183602.77,11.25,9.75,3.87
2024,10,Japan,Hatchback,RAV4,Dealer,1057,52474,55465018,35029839.94,5222887.97,15212290.09,27.43,15.39,3.99
2024,6,Middle East,Pickup,Land Cruiser,Fleet,2181,61066,133184946,85634108.7,15225191.37,32325645.93,24.27,11.57,3.75
2018,5,Japan,Pickup,Yaris,Fleet,1434,52335,75048390,55924281.79,10904956.72,8219151.49,10.95,9.61,4.59
2018,11,Asia,Pickup,RAV4,Online,863,28400,24509200,18061452.85,2076684.36,4371062.79,17.83,5.63,3.39
2018,9,Middle East,Pickup,Yaris,Online,320,28345,9070400,6537508.1,861016.03,1671875.88,18.43,10.12,3.99
2019,6,Latin America,EV,Land Cruiser,Fleet,1858,51896,96422768,68199211.68,7320593.93,20902962.4,21.68,12.64,3.44
2023,11,Europe,Pickup,Fortuner,Online,1633,37894,61880902,44236571.87,8263493.6,9380836.54,15.16,10.22,4.52
2021,8,Asia,Hybrid,Hilux,Dealer,562,46899,26357238,19642614.21,2410075.51,4304548.28,16.33,9.7,3.99
2023,2,Latin America,Hatchback,Camry,Fleet,1092,58635,64029420,39727491.21,6721855.1,17580073.7,27.46,8.79,3.62
2016,12,Japan,EV,Fortuner,Online,266,46229,12296914,8329387.62,1351838.25,2615688.13,21.27,9.19,4.41
2023,9,Middle East,Pickup,Yaris,Corporate,1961,23583,46246263,33945753.12,6947032.89,5353476.99,11.58,7.1,3.07
2019,5,Europe,SUV,Yaris,Fleet,2389,22897,54700933,42605875.23,5854078.87,6240978.9,11.41,5.44,4.23
2016,7,Asia,SUV,Camry,Fleet,1032,24001,24769032,16305812.23,2057569.72,6405650.04,25.86,6.74,4.62
2023,10,Latin America,Hatchback,Hilux,Corporate,1467,61881,90779427,67205267.85,10638290.76,12935868.39,14.25,8.18,4.18
2019,1,Latin America,Sedan,RAV4,Dealer,570,22567,12863190,9997028.55,2015227.35,850934.11,6.62,11.44,3.87
2021,10,Europe,Sedan,Camry,Corporate,510,27271,13908210,9983564.66,1734238.46,2190406.88,15.75,8.39,3.54
2023,5,Japan,EV,Corolla,Fleet,318,29703,9445554,5912518.67,1497166.12,2035869.21,21.55,13.14,4.59
2019,12,Europe,EV,Corolla,Dealer,2431,31329,76160799,54747352.2,11096602.35,10316844.45,13.55,9.84,4.52
2018,10,Latin America,EV,Land Cruiser,Online,2425,53509,129759325,88913408.98,9503173.05,31342742.97,24.15,10.75,3.81
2024,2,North America,Sedan,Fortuner,Online,155,24256,3759680,3099942.31,485961.06,173776.63,4.62,6.91,3.82
2018,12,Asia,SUV,Yaris,Online,1436,18228,26175408,16946350.33,2507840.16,6721217.51,25.68,12.15,4.63
2024,6,Europe,Sedan,Hilux,Fleet,2003,42746,85620238,65374879.81,10305724.21,9939633.97,11.61,5.98,4.34
2017,11,Latin America,Hybrid,Land Cruiser,Corporate,1861,34678,64535758,40760678.18,6140000.89,17635078.93,27.33,8.38,3.3
2017,1,Japan,Pickup,Fortuner,Dealer,906,55052,49877112,35819621.88,5057456.24,9000033.89,18.04,12.45,4.01
2017,3,Latin America,EV,Fortuner,Online,2410,64032,154317120,114484088.58,23623664.72,16209366.7,10.5,11.4,4.0
2021,5,Japan,SUV,Land Cruiser,Dealer,670,64158,42985860,29468959.97,3808456.35,9708443.68,22.59,15.95,4.21
2018,4,Europe,Hatchback,Prius,Fleet,2199,41185,90565815,65217950.38,13464403.47,11883461.15,13.12,11.42,4.1
2024,3,Japan,Hatchback,Fortuner,Online,1982,51686,102441652,67199862.84,7451728.98,27790060.19,27.13,16.04,3.87
2019,10,Middle East,Pickup,Prius,Fleet,1990,29445,58595550,40249707.93,4580934.97,13764907.1,23.49,7.43,4.18
2016,5,Middle East,SUV,Corolla,Corporate,654,51266,33527964,25368712.39,4925953.74,3233297.87,9.64,12.48,3.9
2019,11,Middle East,Sedan,Corolla,Fleet,971,20809,20205539,13869001.4,2561052.93,3775484.67,18.69,12.05,5.0
2016,8,North America,Sedan,Fortuner,Fleet,2139,55729,119204331,97502405.0,16360943.72,5340982.27,4.48,3.51,4.16
2020,11,Europe,Hybrid,Corolla,Corporate,220,59785,13152700,9973028.6,1168585.7,2011085.7,15.29,8.95,4.09
2019,4,Latin America,Hybrid,Hilux,Dealer,1869,54547,101948343,73046271.59,12064313.16,16837758.25,16.52,11.01,4.93
2023,1,Latin America,Sedan,Prius,Corporate,96,60818,5838528,3669669.72,796081.72,1372776.56,23.51,8.21,3.49
2023,11,North America,Hatchback,Prius,Corporate,1166,52886,61665076,45009378.05,7798058.97,8857638.97,14.36,6.79,4.05
2022,7,Japan,EV,Fortuner,Fleet,332,24391,8097812,6383106.57,910622.35,804083.08,9.93,17.79,3.67
2018,8,North America,Hatchback,Corolla,Dealer,544,18145,9870880,6696628.78,1543613.55,1630637.67,16.52,9.78,4.39
2016,3,Japan,Hybrid,Camry,Online,455,31929,14527695,11585694.18,1901009.33,1040991.5,7.17,12.85,3.88
2016,6,Japan,Pickup,Yaris,Corporate,1907,42326,80715682,54515168.91,12244372.98,13956140.11,17.29,9.23,4.36
2018,2,Asia,Sedan,Land Cruiser,Dealer,599,47991,28746609,23032478.95,3900321.11,1813808.94,6.31,7.97,4.33
2021,7,Latin America,Hybrid,Land Cruiser,Corporate,1940,55333,107346020,68568240.16,14619638.84,24158141.0,22.5,7.26,4.45
2022,8,Middle East,Hybrid,Prius,Corporate,169,34576,5843344,4736383.34,451115.76,655844.89,11.22,12.2,4.34
2021,6,Japan,EV,Fortuner,Corporate,799,57405,45866595,33474405.11,4694529.29,7697660.6,16.78,13.76,4.0
2021,6,Asia,Sedan,Fortuner,Corporate,709,46464,32942976,22573787.87,4850960.17,5518227.96,16.75,8.07,3.47
2021,5,Latin America,EV,Hilux,Fleet,1964,26243,51541252,34961715.39,4686870.12,11892666.49,23.07,10.9,4.55
2018,8,Middle East,Sedan,RAV4,Dealer,155,49601,7688155,5497356.21,618093.28,1572705.51,20.46,8.87,4.73
2021,1,Japan,EV,Yaris,Dealer,1005,20410,20512050,17225832.72,2037862.84,1248354.45,6.09,13.09,3.68
2023,10,Japan,Hatchback,RAV4,Dealer,1885,19820,37360700,24974582.84,3356463.23,9029653.93,24.17,13.07,4.43
2017,4,North America,Pickup,Prius,Corporate,1049,53289,55900161,35927461.82,8568149.59,11404549.59,20.4,10.55,3.57
2020,4,North America,Pickup,Land Cruiser,Fleet,1174,56650,66507100,49794380.34,9850831.98,6861887.67,10.32,10.25,4.19
2016,3,Latin America,Sedan,Hilux,Corporate,2108,52635,110954580,80717164.92,12756613.47,17480801.62,15.75,10.55,4.28
2016,3,Middle East,SUV,Hilux,Corporate,1484,25465,37790060,27787907.08,2853941.18,7148211.74,18.92,12.64,3.91
2020,4,Japan,Hybrid,Hilux,Dealer,274,50439,13820286,10596369.73,1856211.06,1367705.21,9.9,14.1,4.14
2018,11,Latin America,Hybrid,Prius,Corporate,307,45314,13911398,9442663.21,1754325.44,2714409.35,19.51,8.66,4.48
2019,1,Latin America,Sedan,RAV4,Online,1539,62229,95770431,78564918.62,15069469.69,2136042.69,2.23,9.26,4.05
2018,11,Europe,EV,Land Cruiser,Corporate,540,37583,20294820,14528003.36,2441584.39,3325232.26,16.38,12.58,3.8
2016,11,North America,SUV,Hilux,Online,697,45155,31473035,20407083.25,3155972.28,7909979.47,25.13,9.78,3.55
2016,2,Middle East,Hatchback,Land Cruiser,Corporate,143,56871,8132553,6370275.34,949166.14,813111.53,10.0,8.56,3.92
2020,9,Japan,EV,Corolla,Fleet,2292,30197,69211524,52703395.99,10944674.11,5563453.89,8.04,10.92,3.57
2021,10,Latin America,EV,Fortuner,Fleet,2154,47511,102338694,70558799.12,13577542.55,18202352.33,17.79,10.18,3.93
2018,2,Japan,Sedan,Fortuner,Dealer,364,33424,12166336,9206681.56,1587437.39,1372217.05,11.28,10.36,3.89
2024,5,Europe,Sedan,Land Cruiser,Corporate,1763,18240,32157120,21492842.41,2947564.81,7716712.78,24.0,12.71,4.46
2020,9,Middle East,Hybrid,Camry,Online,2408,22631,54495448,39120356.2,7461747.07,7913344.73,14.52,6.91,4.13
2023,9,Latin America,Sedan,Camry,Online,917,27599,25308283,20698904.52,3480508.07,1128870.41,4.46,13.2,5.0
2016,8,Japan,Sedan,Prius,Corporate,910,62462,56840420,36910891.62,5601964.92,14327563.46,25.21,11.79,3.19
2020,1,North America,Sedan,Prius,Online,1267,42658,54047686,38107575.95,6136263.22,9803846.83,18.14,6.81,4.24
2018,1,Europe,Hybrid,Fortuner,Fleet,303,55845,16921035,13547849.24,1633121.85,1740063.92,10.28,9.97,3.9
2016,9,Middle East,Hatchback,Corolla,Online,863,50574,43645362,36369156.32,4071390.22,3204815.46,7.34,7.12,3.67
2019,11,Europe,Hatchback,Yaris,Dealer,1029,54536,56117544,40396985.67,4059018.23,11661540.11,20.78,9.59,4.09
2020,8,North America,Sedan,RAV4,Fleet,124,59910,7428840,5434492.99,710710.12,1283636.89,17.28,8.06,4.05
2022,10,Middle East,Hybrid,RAV4,Fleet,1890,25995,49130550,36645388.1,5888654.85,6596507.05,13.43,11.86,4.59
2016,9,Europe,Hatchback,Prius,Fleet,550,43186,23752300,19598416.81,1666083.87,2487799.32,10.47,9.84,4.14
2018,7,Asia,EV,Corolla,Corporate,2161,47245,102096445,82576165.64,9749160.7,9771118.67,9.57,6.53,3.79
2017,3,North America,Hatchback,Prius,Corporate,909,40813,37099017,24393800.02,5539882.31,7165334.66,19.31,8.01,4.25
2024,3,North America,Hatchback,Yaris,Fleet,1989,31276,62207964,44546296.89,7678227.76,9983439.34,16.05,11.26,4.0
2025,2,North America,Hybrid,RAV4,Corporate,2348,37989,89198172,64408224.44,11123694.79,13666252.77,15.32,12.72,3.59
2021,5,Asia,EV,Land Cruiser,Online,1971,30746,60600366,48092519.82,6441987.83,6065858.36,10.01,9.39,3.99
2025,12,Asia,Hybrid,Prius,Corporate,771,62243,47989353,36118535.52,6280966.15,5589851.33,11.65,6.89,4.2
2018,12,Japan,Sedan,Hilux,Corporate,1470,36557,53738790,41052593.32,4680323.43,8005873.24,14.9,15.14,4.13
2023,3,Latin America,Pickup,Land Cruiser,Fleet,1011,46060,46566660,39097553.06,6691033.59,778073.35,1.67,11.25,4.25
2023,6,Europe,Hatchback,Yaris,Dealer,920,24568,22602560,14386330.75,1819551.76,6396677.49,28.3,12.77,3.86
2017,2,Japan,Pickup,Yaris,Dealer,2018,53369,107698642,72057086.17,13897445.89,21744109.93,20.19,13.23,4.24
2021,12,Europe,Hybrid,Prius,Dealer,1653,37041,61228773,43456332.17,6165948.03,11606492.81,18.96,8.2,4.15
2022,3,Latin America,Hybrid,Fortuner,Online,2366,24080,56973280,39682580.53,7821073.52,9469625.95,16.62,10.79,4.16
2017,5,Asia,Hybrid,Prius,Corporate,227,31854,7230858,4517565.48,863934.31,1849358.22,25.58,10.32,4.11
2025,12,Latin America,Pickup,Fortuner,Dealer,1112,20159,22416808,14351040.38,2481804.57,5583963.05,24.91,8.06,5.0
2017,11,Asia,Hybrid,Yaris,Fleet,1391,45025,62629775,48213009.81,5339064.07,9077701.11,14.49,10.0,4.6
2025,11,Latin America,Sedan,Corolla,Dealer,467,59081,27590827,22443796.35,3512696.67,1634333.98,5.92,9.01,4.23
2016,1,Japan,Hybrid,Yaris,Dealer,1953,22368,43684704,32026564.53,6890357.17,4767782.3,10.91,14.36,3.74
2023,1,Middle East,SUV,RAV4,Corporate,995,52085,51824575,38278773.18,7478509.45,6067292.38,11.71,10.73,3.97
2016,10,Japan,Pickup,Land Cruiser,Corporate,1958,45094,88294052,59697423.46,6657436.62,21939191.92,24.85,9.87,4.83
2024,9,Europe,SUV,Land Cruiser,Corporate,357,64040,22862280,18036802.57,2374491.13,2450986.3,10.72,6.62,3.85
2021,7,Japan,Hybrid,Camry,Online,2057,19230,39556110,31067163.47,6064049.4,2424897.13,6.13,12.28,4.03
2022,1,North America,Sedan,Camry,Online,1939,35517,68867463,51612062.57,7938623.61,9316776.82,13.53,9.58,4.0
2025,12,Europe,Hatchback,Yaris,Dealer,1905,41991,79992855,53338127.26,10366279.22,16288448.52,20.36,11.4,4.27
2022,8,Latin America,EV,RAV4,Corporate,1913,19301,36922813,23680224.88,5617213.06,7625375.07,20.65,10.78,3.9
2025,3,Europe,EV,Camry,Dealer,697,46610,32487170,20601169.9,4828942.4,7057057.7,21.72,13.15,4.18
2018,8,Middle East,Hybrid,Land Cruiser,Fleet,1710,33927,58015170,43534185.27,6681249.4,7799735.33,13.44,8.33,3.91
2017,5,Asia,Sedan,Prius,Fleet,2262,52678,119157636,95505771.13,13034435.41,10617429.45,8.91,8.19,4.69
2024,1,Latin America,Pickup,Corolla,Corporate,659,42466,27985094,22635259.0,2814526.27,2535308.73,9.06,7.1,3.79
2023,7,Europe,SUV,Corolla,Corporate,1250,32904,41130000,29695730.7,5540694.27,5893575.03,14.33,11.37,4.54
2025,5,Latin America,SUV,RAV4,Fleet,569,58875,33499875,26549980.41,3210253.22,3739641.37,11.16,9.55,3.84
2022,6,Latin America,SUV,Yaris,Corporate,1262,44081,55630222,46079271.86,5145232.81,4405717.33,7.92,4.87,3.72
2024,6,Latin America,Pickup,Camry,Online,463,42354,19609902,13345272.21,2001435.44,4263194.36,21.74,10.01,3.78
2019,8,Asia,EV,Prius,Online,242,45761,11074162,7835537.46,951817.08,2286807.46,20.65,10.16,3.33
2019,9,Japan,Sedan,Corolla,Corporate,1956,36300,71002800,58572011.66,9412186.79,3018601.55,4.25,12.14,4.3
2016,2,Latin America,Pickup,Corolla,Fleet,1292,47491,61358372,42607916.97,7698123.11,11052331.92,18.01,10.24,3.58
2023,9,North America,SUV,Hilux,Dealer,1442,53525,77183050,63371358.07,8757116.92,5054575.01,6.55,6.45,3.94
2018,12,Middle East,Hybrid,Yaris,Corporate,1710,44532,76149720,63648210.54,8005568.29,4495941.16,5.9,13.6,4.44
2022,11,Asia,Hatchback,Hilux,Corporate,1284,24464,31411776,24048804.2,4768798.53,2594173.27,8.26,10.45,4.43
2017,10,Europe,Pickup,Land Cruiser,Dealer,367,34562,12684254,10143799.14,921144.99,1619309.86,12.77,5.07,3.46
2017,9,Asia,Pickup,Corolla,Corporate,1937,59856,115941072,91002150.21,16141280.9,8797640.89,7.59,9.49,4.24
2022,10,Europe,Sedan,RAV4,Dealer,266,60511,16095926,12456597.48,2433251.1,1206077.42,7.49,10.52,4.61
2021,10,Asia,Sedan,Fortuner,Fleet,1987,26683,53019121,36451962.47,5841217.94,10725940.59,20.23,6.72,3.81
2018,7,Europe,Pickup,Fortuner,Online,1241,50634,62836794,39748089.81,7512901.83,15575802.36,24.79,10.83,4.33
2024,1,Latin America,SUV,Prius,Fleet,209,18060,3774540,2625084.55,585060.24,564395.22,14.95,13.7,3.59
2025,7,Japan,Hatchback,Corolla,Online,2321,27269,63291349,48527117.58,5639574.16,9124657.26,14.42,10.89,4.27
2021,10,Europe,Sedan,Corolla,Dealer,2443,41065,100321795,64462413.81,11718803.19,24140578.0,24.06,10.57,4.16
2025,5,Europe,SUV,Land Cruiser,Online,1967,20895,41100465,25590051.92,4633045.87,10877367.21,26.47,10.02,4.4
2025,6,North America,Hybrid,Corolla,Fleet,223,33323,7431029,4835610.76,692983.12,1902435.12,25.6,11.92,4.37
2021,10,Europe,Sedan,RAV4,Online,95,30352,2883440,2241764.75,414273.6,227401.65,7.89,9.23,3.49
2016,7,North America,SUV,Hilux,Dealer,324,62643,20296332,16927437.51,3064016.55,304877.94,1.5,6.83,4.16
2019,5,Middle East,SUV,Corolla,Online,1006,56591,56930546,47609548.74,7991564.6,1329432.65,2.34,11.76,4.75
2025,7,Latin America,Hatchback,Corolla,Corporate,2256,48890,110295840,80369866.74,9659964.06,20266009.19,18.37,6.98,3.12
2021,9,North America,Hatchback,Land Cruiser,Fleet,986,50016,49315776,40007793.45,3837131.18,5470851.36,11.09,14.02,4.54
2021,3,Japan,Hybrid,Yaris,Corporate,966,29962,28943292,22636601.36,3603150.53,2703540.11,9.34,13.9,4.82
2020,8,Latin America,SUV,Camry,Dealer,420,51302,21546840,15734124.24,1618997.85,4193717.91,19.46,8.0,3.43
2016,2,North America,EV,Yaris,Online,2131,37846,80649826,60165360.33,10529184.0,9955281.67,12.34,12.27,3.8
2023,11,Latin America,SUV,Land Cruiser,Corporate,1513,22011,33302643,21653044.53,3920992.57,7728605.9,23.21,9.48,4.33
2020,7,Latin America,Hatchback,Yaris,Corporate,385,37782,14546070,12019207.03,1885908.39,640954.58,4.41,8.95,3.7
2020,2,Latin America,EV,Land Cruiser,Online,987,20155,19892985,13873856.1,2449132.2,3569996.7,17.95,7.8,4.71
2022,4,Middle East,Sedan,RAV4,Online,1451,57725,83758975,60151745.47,9049590.31,14557639.22,17.38,4.8,4.58
2019,7,Japan,Sedan,Prius,Fleet,400,27196,10878400,8352057.5,958158.01,1568184.49,14.42,14.01,3.48
2021,3,Asia,Pickup,Corolla,Corporate,638,61459,39210842,27191093.39,3823574.37,8196174.23,20.9,5.43,3.77
2019,2,Asia,Hatchback,Land Cruiser,Corporate,1284,39709,50986356,34463565.3,5975858.49,10546932.21,20.69,7.52,4.45
2018,11,North America,Pickup,Land Cruiser,Dealer,1489,31327,46645903,35396350.99,6001841.04,5247710.97,11.25,10.58,4.43
2022,10,Latin America,EV,Camry,Fleet,1721,53474,92028754,57563663.35,12898149.35,21566941.3,23.44,8.25,5.0
2023,7,North America,Hatchback,Land Cruiser,Dealer,1211,50769,61481259,47866819.78,8548684.08,5065755.14,8.24,9.89,3.7
2019,1,Middle East,Hybrid,Fortuner,Corporate,897,59993,53813721,39450039.27,8477920.53,5885761.2,10.94,6.47,4.76
2017,8,Middle East,SUV,Prius,Dealer,1274,42700,54399800,40977509.99,5207460.59,8214829.42,15.1,8.63,3.69
2025,3,Europe,Hybrid,Corolla,Corporate,91,32820,2986620,2266885.3,228177.66,491557.04,16.46,9.91,4.33
2018,12,Middle East,EV,Corolla,Corporate,274,28891,7916134,5825887.01,800393.38,1289853.62,16.29,7.12,4.5
2016,12,Europe,Hatchback,Camry,Dealer,2309,52629,121520361,90916361.1,16635712.44,13968287.46,11.49,13.72,2.75
2023,2,Japan,EV,RAV4,Dealer,735,23269,17102715,13176502.94,1871550.93,2054661.13,12.01,10.91,4.51
2018,3,North America,SUV,Corolla,Online,2001,61880,123821880,97285135.73,17780940.68,8755803.58,7.07,12.95,4.72
2025,5,Japan,Sedan,Fortuner,Online,2157,26320,56772240,44284591.18,6780840.74,5706808.07,10.05,12.08,4.59
2022,11,Middle East,Sedan,Corolla,Online,1699,28740,48829260,39615941.39,7504141.96,1709176.66,3.5,5.58,5.0
2025,8,Japan,EV,Fortuner,Corporate,1199,53897,64622503,42759259.8,10036372.94,11826870.26,18.3,9.66,4.53
2020,10,Japan,Pickup,Prius,Dealer,857,48930,41933010,29699161.4,3196863.89,9036984.71,21.55,12.94,3.86
2025,7,Japan,Hatchback,Prius,Fleet,523,35285,18454055,15289463.86,2049824.93,1114766.2,6.04,15.08,4.66
2020,7,Middle East,Hatchback,Hilux,Corporate,377,32380,12207260,8633583.74,1524345.16,2049331.1,16.79,13.92,3.83
2022,12,Latin America,Sedan,Hilux,Fleet,887,29360,26042320,16861657.83,2422678.71,6757983.46,25.95,9.82,4.14
2024,7,Japan,Hybrid,Fortuner,Dealer,1840,23398,43052320,31669197.38,4590966.38,6792156.24,15.78,9.56,4.47
2020,8,Europe,SUV,RAV4,Corporate,924,23529,21740796,14002986.12,2847855.97,4889953.91,22.49,10.2,4.3
2016,1,Middle East,Hybrid,Corolla,Fleet,1095,47062,51532890,34250186.8,4658886.6,12623816.6,24.5,7.44,4.71
2025,4,Japan,Hybrid,Land Cruiser,Fleet,1464,54686,80060304,67221043.17,9941754.19,2897506.64,3.62,13.48,5.0
2025,6,Latin America,EV,Corolla,Online,1477,35451,52361127,38700097.47,6952002.78,6709026.75,12.81,7.15,3.59
2016,9,Middle East,Sedan,Hilux,Online,633,24937,15785121,10773232.15,1233523.04,3778365.81,23.94,4.28,3.95
2017,2,Asia,Sedan,Yaris,Online,2430,57886,140662980,117995209.7,16144964.66,6522805.64,4.64,12.79,4.24
2021,1,Latin America,Sedan,Land Cruiser,Corporate,500,28860,14430000,12015037.94,1351762.03,1063200.02,7.37,8.93,3.89
2024,10,Europe,EV,Fortuner,Dealer,1349,43142,58198558,41726188.82,7868140.78,8604228.4,14.78,9.62,4.07
2023,12,Japan,Pickup,Land Cruiser,Dealer,1340,43279,57993860,39278585.12,5048945.21,13666329.68,23.57,14.99,4.45
2020,2,Asia,Hybrid,Yaris,Online,264,56106,14811984,11915469.73,2226262.12,670252.16,4.53,14.2,4.39
2016,7,Asia,EV,Corolla,Online,547,63240,34592280,26893303.09,3763111.5,3935865.41,11.38,11.3,4.21
2022,3,Middle East,Hatchback,Corolla,Online,2490,53908,134230920,103509102.18,11788196.0,18933621.82,14.11,9.76,4.17
2020,10,Asia,SUV,RAV4,Fleet,1386,58764,81446904,66500177.29,8912080.01,6034646.7,7.41,10.66,4.0
2021,2,Europe,Pickup,Camry,Online,1656,32201,53324856,41149285.99,5694398.13,6481171.89,12.15,8.76,4.73
2022,11,Europe,Hatchback,Land Cruiser,Fleet,415,58544,24295760,16580290.28,2638585.29,5076884.43,20.9,9.59,4.85
2018,7,North America,Hybrid,Hilux,Dealer,2289,55711,127522479,98530230.09,15647074.03,13345174.88,10.46,9.86,4.56
2025,2,Europe,Sedan,Yaris,Corporate,1577,63654,100382358,68990683.86,11735263.33,19656410.81,19.58,7.53,3.58
2018,3,Latin America,Hybrid,Yaris,Corporate,2139,26997,57746583,45448441.95,4820681.39,7477459.66,12.95,9.55,3.98
2020,11,Asia,EV,Yaris,Corporate,1527,58566,89430282,67640104.43,6787947.69,15002229.89,16.78,10.42,4.19
2021,7,Europe,SUV,Hilux,Corporate,667,38175,25462725,16220533.49,3453952.2,5788239.31,22.73,10.79,3.68
2024,4,Middle East,EV,Camry,Fleet,1961,58860,115424460,84585789.05,13894169.65,16944501.3,14.68,10.59,4.14
2020,1,North America,Pickup,Corolla,Fleet,280,21225,5943000,4133512.29,608028.74,1201458.97,20.22,6.15,4.11
2016,5,Asia,Pickup,RAV4,Online,601,62578,37609378,26036428.53,5368821.6,6204127.87,16.5,12.57,4.59
2019,12,North America,SUV,RAV4,Fleet,1967,53228,104699476,78785977.36,10985620.02,14927878.62,14.26,12.37,3.88
2020,9,Asia,Hatchback,Hilux,Online,1791,59505,106573455,73632821.54,15094729.32,17845904.14,16.75,9.26,4.62
2025,8,Middle East,Hatchback,RAV4,Online,867,64688,56084496,44358160.27,5469250.77,6257084.96,11.16,10.64,3.67
2025,12,North America,Pickup,Yaris,Corporate,139,41110,5714290,3631854.81,437463.62,1644971.56,28.79,8.96,3.73
2020,9,Japan,Pickup,Prius,Fleet,657,28754,18891378,14457296.06,2908092.87,1525989.07,8.08,14.38,3.93
2022,10,Latin America,Sedan,Camry,Fleet,400,44655,17862000,14254284.27,1884612.5,1723103.23,9.65,7.46,4.12
2019,9,Latin America,Hatchback,Corolla,Online,1538,61601,94742338,72764291.98,13391102.95,8586943.07,9.06,12.86,3.01
2016,7,Asia,SUV,Prius,Online,2117,21114,44698338,32602539.66,4251838.75,7843959.59,17.55,11.26,4.31
2020,4,Japan,Hatchback,Camry,Dealer,1002,44502,44591004,36968954.13,5715356.52,1906693.36,4.28,14.31,4.87
2022,5,North America,Sedan,Fortuner,Dealer,1489,38028,56623692,38843086.47,8414166.17,9366439.36,16.54,9.24,4.39
2025,1,Japan,EV,Land Cruiser,Online,1774,35587,63131338,39407650.32,4655807.52,19067880.16,30.2,8.97,4.01
2025,1,Japan,Pickup,Hilux,Dealer,648,60719,39345912,28133808.91,5695604.79,5516498.29,14.02,14.71,3.61
2021,3,North America,Pickup,Yaris,Dealer,1181,53333,62986273,39508935.0,7647791.41,15829546.6,25.13,6.05,3.28
2020,8,Middle East,Sedan,RAV4,Online,606,21174,12831444,10648380.2,1599727.66,583336.13,4.55,11.74,3.36
2019,2,Japan,SUV,Fortuner,Online,2252,53398,120252296,80109911.45,14079646.29,26062738.26,21.67,10.57,4.04
2017,4,Japan,Pickup,RAV4,Fleet,950,53929,51232550,40656304.5,7618421.55,2957823.95,5.77,8.53,5.0
2019,2,Middle East,Hybrid,Prius,Online,359,22321,8013239,6333711.05,592250.5,1087277.45,13.57,9.5,2.88
2025,5,Japan,Pickup,Corolla,Online,1972,48435,95513820,63793714.57,8929831.09,22790274.34,23.86,15.46,4.42
2025,9,Japan,Hybrid,Corolla,Corporate,1831,63972,117132732,88630805.2,17431532.53,11070394.28,9.45,10.09,3.8
2018,1,Japan,Sedan,Corolla,Fleet,753,25099,18899547,11917626.7,2602677.66,4379242.64,23.17,16.5,3.95
2025,5,Latin America,Sedan,Yaris,Fleet,1231,41760,51406560,37341026.51,3680096.13,10385437.36,20.2,11.14,3.68
2016,9,Europe,Pickup,RAV4,Fleet,2441,29360,71667760,44664951.1,8351484.6,18651324.3,26.02,9.89,3.48
2023,1,Middle East,Hatchback,Fortuner,Corporate,411,28313,11636643,9572903.61,1369185.35,694554.04,5.97,8.41,4.16
2020,9,Japan,Hybrid,Corolla,Online,1253,64270,80530310,67221784.43,8542606.34,4765919.24,5.92,11.59,4.22
2019,8,Latin America,SUV,Fortuner,Fleet,2119,38462,81500978,54516184.19,7886474.73,19098319.08,23.43,10.58,4.4
2023,4,Middle East,Pickup,RAV4,Fleet,1557,23801,37058157,24672703.08,4867782.98,7517670.94,20.29,11.62,3.34
2022,12,Asia,SUV,Yaris,Dealer,115,32130,3694950,2903559.84,327746.28,463643.88,12.55,8.02,4.49
2017,11,Asia,Pickup,Prius,Fleet,1788,32271,57700548,38990768.4,8188017.65,10521761.96,18.24,7.48,4.5
2016,10,Japan,Hatchback,Yaris,Online,1523,34075,51896225,42394900.29,7383449.5,2117875.21,4.08,11.97,4.29
2019,5,Latin America,Hatchback,Fortuner,Online,2333,54919,128126027,95615893.94,13757343.72,18752789.34,14.64,12.98,3.91
2023,5,Latin America,Hatchback,Yaris,Dealer,1459,59679,87071661,60703843.68,8317025.94,18050791.38,20.73,6.46,4.24
2017,11,Middle East,EV,Yaris,Fleet,519,36984,19194696,15417038.25,1834034.71,1943623.04,10.13,12.36,4.03
2018,12,Middle East,Hatchback,Prius,Fleet,1199,40559,48630241,35429536.51,5514971.77,7685732.73,15.8,9.61,4.54
2016,6,Latin America,Sedan,RAV4,Fleet,243,30861,7499223,6153556.73,1010611.27,335055.0,4.47,5.37,3.94
2016,7,Middle East,Sedan,RAV4,Corporate,227,51434,11675518,9622531.48,1194384.27,858602.25,7.35,8.35,4.15
2018,8,Latin America,EV,Hilux,Fleet,2421,34667,83928807,55090233.86,10483035.41,18355537.73,21.87,11.02,3.32
2020,8,Europe,Hybrid,Yaris,Online,274,23840,6532160,4053278.11,682111.67,1796770.22,27.51,14.0,4.24
2018,11,Latin America,SUV,RAV4,Online,742,21565,16001230,13384465.76,1558633.2,1058131.04,6.61,6.18,3.76
2016,2,Asia,Pickup,RAV4,Corporate,559,61194,34207446,28027879.7,2471055.47,3708510.83,10.84,2.45,4.33
2016,9,Middle East,Pickup,Camry,Corporate,202,38977,7873354,4977518.27,553908.32,2341927.4,29.74,6.23,4.45
2023,7,Latin America,EV,Corolla,Fleet,1503,39118,58794354,47227595.99,5317872.36,6248885.65,10.63,12.33,3.83
2025,4,Latin America,Sedan,Hilux,Dealer,1044,40641,42429204,30579452.23,4521958.85,7327792.91,17.27,5.02,4.11
2017,4,Middle East,Pickup,Land Cruiser,Corporate,1858,25366,47130028,31905688.25,6909898.6,8314441.15,17.64,13.24,4.18
2018,11,Europe,Sedan,Hilux,Corporate,1565,44636,69855340,56815040.98,9909928.74,3130370.27,4.48,12.54,4.27
2017,8,Europe,Hybrid,Hilux,Fleet,2094,33630,70421220,46708056.62,6622754.74,17090408.65,24.27,9.98,4.46
2018,4,Middle East,SUV,Land Cruiser,Fleet,789,38056,30026184,24873870.98,2762668.35,2389644.67,7.96,7.93,4.4
2022,6,North America,Hybrid,Camry,Corporate,991,25382,25153562,16733073.26,2275365.72,6145123.01,24.43,9.64,3.93
2016,5,Middle East,EV,Yaris,Dealer,1440,34149,49174560,37127299.36,4943585.43,7103675.21,14.45,11.03,4.82
2025,3,Middle East,Hatchback,Prius,Corporate,2444,64041,156516204,104721704.25,17973989.8,33820509.95,21.61,10.65,4.44
2023,10,Europe,Hatchback,RAV4,Fleet,1814,18992,34451488,25495724.0,3771752.33,5184011.66,15.05,13.85,4.73
2025,11,Europe,Hatchback,Corolla,Fleet,1903,24858,47304774,36447123.45,4240616.97,6617033.58,13.99,8.85,4.26
2025,2,Middle East,Hybrid,Fortuner,Corporate,1659,20121,33380739,22093046.94,2728562.53,8559129.53,25.64,6.25,4.28
2025,9,Middle East,Pickup,Yaris,Dealer,760,45160,34321600,25212471.37,2441364.16,6667764.48,19.43,5.81,4.05
2017,10,Middle East,SUV,Land Cruiser,Corporate,1413,63156,89239428,64537342.48,7483323.18,17218762.34,19.3,5.31,3.9
2018,9,Europe,Hatchback,Prius,Corporate,635,38906,24705310,15703392.53,3297716.0,5704201.47,23.09,9.99,4.54
2024,1,Middle East,EV,Yaris,Fleet,689,37572,25887108,20710403.99,2379736.38,2796967.64,10.8,8.91,4.22
2022,10,Middle East,EV,Land Cruiser,Dealer,2236,22136,49496096,34342872.55,5552183.14,9601040.31,19.4,9.58,4.04
2019,3,Japan,Hatchback,RAV4,Online,451,34727,15661877,11690151.59,1929811.12,2041914.29,13.04,11.16,3.64
2025,8,North America,Hatchback,Camry,Dealer,695,50167,34866065,25565630.43,5223483.28,4076951.29,11.69,6.72,4.8
2020,6,Asia,SUV,Yaris,Corporate,1994,63421,126461474,92685803.47,18968836.51,14806834.02,11.71,11.04,4.15
2017,5,North America,Hatchback,Land Cruiser,Corporate,2333,33479,78106507,50268483.01,10709654.63,17128369.36,21.93,3.34,3.55
2023,5,Japan,SUV,RAV4,Corporate,926,49376,45722176,32607503.29,3345223.2,9769449.51,21.37,10.5,4.14
2019,6,Asia,EV,RAV4,Dealer,122,22823,2784406,2003437.72,339019.08,441949.2,15.87,11.47,4.01
2024,7,Middle East,Hatchback,Camry,Fleet,944,22920,21636480,16906776.3,3046254.38,1683449.32,7.78,7.25,3.99
2020,1,Japan,Hybrid,Hilux,Corporate,1348,37585,50664580,40775063.89,3625350.84,6264165.27,12.36,13.48,4.36
2024,9,Middle East,Hybrid,Yaris,Corporate,1458,56239,81996462,60668862.54,9796249.76,11531349.7,14.06,7.5,4.01
2019,3,Europe,EV,Yaris,Dealer,864,35272,30475008,19476341.43,4485883.79,6512782.78,21.37,8.36,3.96
2025,4,Latin America,SUV,Hilux,Online,555,44619,24763545,16643749.06,2790088.48,5329707.47,21.52,10.94,4.71
2020,10,Japan,Hybrid,Corolla,Online,162,27533,4460346,2927260.34,313872.58,1219213.08,27.33,9.31,3.32
2024,1,Europe,SUV,Corolla,Fleet,1213,57895,70226635,45465798.94,4985473.25,19775362.81,28.16,11.36,4.08
2023,11,Japan,Hybrid,Hilux,Fleet,2317,21720,50325240,35252722.2,5409824.57,9662693.22,19.2,12.61,4.52
2018,10,Japan,Hybrid,Prius,Corporate,879,37267,32757693,21962938.08,2750033.88,8044721.04,24.56,15.64,4.38
2016,3,Europe,SUV,Fortuner,Dealer,1015,33696,34201440,22847474.57,4439366.04,6914599.39,20.22,10.02,4.56
2018,2,Asia,Pickup,RAV4,Corporate,2378,47968,114067904,72094622.35,15261365.47,26711916.18,23.42,6.83,5.0
2019,2,North America,Hybrid,Fortuner,Fleet,2418,41345,99972210,62371403.15,8598527.96,29002278.88,29.01,13.82,4.86
2017,1,Middle East,Hatchback,RAV4,Dealer,1748,43693,76375364,49079497.31,11453860.28,15842006.41,20.74,7.04,3.58
2016,8,Japan,EV,Hilux,Dealer,405,37385,15140925,9960963.91,1662045.17,3517915.92,23.23,11.93,3.38
2022,3,Middle East,Pickup,Corolla,Fleet,1614,36122,58300908,41674446.36,4830587.71,11795873.93,20.23,11.89,4.25
2023,3,Latin America,SUV,Prius,Online,2065,19364,39986660,29282809.22,5549454.39,5154396.38,12.89,4.8,3.49
2022,6,Europe,Pickup,Corolla,Online,2044,20708,42327152,27552022.45,5972264.01,8802865.55,20.8,13.1,3.23
2020,8,Middle East,Sedan,Fortuner,Dealer,916,30982,28379512,20247429.11,3619426.26,4512656.64,15.9,6.62,4.24
2016,9,Europe,Sedan,Corolla,Corporate,587,35308,20725796,14408257.21,3042793.49,3274745.3,15.8,8.36,4.36
2022,9,Middle East,Hybrid,Hilux,Online,2199,50919,111970881,73940329.75,15268748.79,22761802.46,20.33,10.22,4.87
2022,4,North America,Hybrid,Prius,Corporate,1350,43161,58267350,36213447.3,8705055.64,13348847.06,22.91,9.4,4.45
2024,5,North America,Hatchback,Fortuner,Online,720,53089,38224080,27626221.82,4168333.03,6429525.14,16.82,11.47,4.96
2018,2,North America,EV,Prius,Online,1958,31865,62391670,48094206.09,8565361.9,5732102.01,9.19,5.5,4.26
2024,11,North America,Pickup,Yaris,Corporate,687,18495,12706065,8510281.09,2032686.3,2163097.61,17.02,11.32,3.59
2016,9,North America,Sedan,RAV4,Fleet,2038,62755,127894690,83003334.4,17296964.87,27594390.73,21.58,11.52,4.47
2016,8,North America,Hybrid,Corolla,Online,645,20148,12995460,10593241.47,1043230.57,1358987.96,10.46,12.07,4.7
2019,3,Europe,EV,Prius,Online,1447,51324,74265828,50538300.7,8663011.18,15064516.12,20.28,5.53,4.28
2024,11,Japan,Pickup,Camry,Corporate,2181,31393,68468133,45818516.95,8412083.91,14237532.14,20.79,8.83,4.75
2021,12,Middle East,Hybrid,Yaris,Fleet,1833,19552,35838816,28977880.61,3070632.51,3790302.88,10.58,8.64,4.04
2018,9,North America,Hybrid,Corolla,Online,1661,53853,89449833,71538717.04,14013232.94,3897883.02,4.36,6.1,4.35
2016,3,Europe,Sedan,RAV4,Online,2066,50924,105208984,75606986.94,9027160.18,20574836.88,19.56,4.99,4.02
2019,9,Europe,Sedan,Prius,Fleet,2320,26926,62468320,45453982.95,5371039.45,11643297.61,18.64,8.54,5.0
2024,2,Europe,Hybrid,Fortuner,Online,2185,48851,106739435,71291771.92,16263358.54,19184304.54,17.97,10.09,4.48
2018,12,Japan,SUV,RAV4,Fleet,208,41889,8712912,5552097.26,974700.3,2186114.44,25.09,19.5,3.6
2024,10,Middle East,Hybrid,Camry,Fleet,1952,57930,113079360,84374730.04,8558631.32,20145998.64,17.82,10.87,4.93
2022,9,Japan,EV,Prius,Corporate,785,26055,20453175,13123491.0,2532857.28,4796826.73,23.45,16.88,3.77
2019,8,Asia,Hybrid,Land Cruiser,Dealer,931,22654,21090874,15160972.31,2618735.11,3311166.58,15.7,9.39,4.11
2018,9,Europe,Hatchback,Land Cruiser,Fleet,87,40634,3535158,2923255.32,267982.89,343919.78,9.73,10.9,4.31
2025,5,Asia,Hatchback,Hilux,Corporate,2156,50363,108582628,90082707.01,17104698.31,1395222.68,1.28,9.13,4.35
2020,11,Latin America,Hatchback,Corolla,Dealer,1215,29468,35803620,24083416.09,4259295.19,7460908.71,20.84,16.21,4.32
2020,11,North America,SUV,Fortuner,Online,2258,50922,114981876,87076344.13,13841703.93,14063827.94,12.23,7.79,3.59
2018,2,North America,SUV,Hilux,Dealer,2315,58718,135932170,98455232.77,15878289.42,21598647.8,15.89,8.13,4.32
2024,8,Japan,Hybrid,Prius,Fleet,1778,35380,62905640,51120314.15,7861057.41,3924268.44,6.24,14.49,4.6
2019,12,Middle East,Hatchback,Land Cruiser,Fleet,1578,44870,70804860,48127110.56,6640573.83,16037175.61,22.65,10.02,4.58
2020,6,Asia,SUV,Land Cruiser,Fleet,2339,55394,129566566,80436806.71,12419178.38,36710580.91,28.33,8.44,3.51
2019,8,Middle East,Sedan,Land Cruiser,Fleet,1724,32259,55614516,36469967.73,6452424.96,12692123.31,22.82,11.9,3.8
2020,11,Japan,Hybrid,Prius,Fleet,355,32873,11669915,8132705.6,1664150.03,1873059.36,16.05,12.4,3.63
2022,5,North America,EV,Land Cruiser,Corporate,1782,31016,55270512,38106732.51,4116979.5,13046799.99,23.61,9.38,4.25
2024,10,Middle East,Pickup,RAV4,Fleet,1875,60137,112756875,89540216.65,14016398.85,9200259.5,8.16,10.08,3.4
2022,2,Middle East,Hybrid,Yaris,Corporate,322,18153,5845266,4499237.71,833593.58,512434.72,8.77,5.16,3.59
2020,6,North America,Pickup,Prius,Online,250,25853,6463250,4433158.62,543705.1,1486386.28,23.0,5.52,3.8
2025,5,Asia,Hatchback,Fortuner,Fleet,732,30379,22237428,16026595.3,1586685.6,4624147.1,20.79,12.22,3.29
2025,12,North America,Pickup,Yaris,Fleet,2012,33792,67989504,43582836.02,6672775.24,17733892.74,26.08,7.81,4.09
2022,12,Middle East,Hatchback,Hilux,Dealer,2315,56367,130489605,106687285.56,16041469.95,7760849.49,5.95,9.17,3.15
2025,5,Asia,Sedan,Fortuner,Online,1189,36100,42922900,35445450.16,3538799.33,3938650.5,9.18,13.53,4.32
2020,1,Asia,Pickup,Yaris,Fleet,1579,29049,45868371,38325628.27,4969884.48,2572858.24,5.61,9.28,3.92
2018,2,North America,Hybrid,Camry,Fleet,2179,18786,40934694,33201378.04,4900248.61,2833067.35,6.92,8.97,3.82
2022,8,Middle East,Hatchback,Land Cruiser,Online,2238,22368,50059584,32952792.21,6202356.35,10904435.44,21.78,11.74,3.89
2017,3,Japan,Hybrid,Camry,Corporate,2052,48699,99930348,62972430.5,9463109.65,27494807.85,27.51,11.0,4.07
2024,10,Middle East,SUV,Corolla,Fleet,1146,55040,63075840,47149901.9,6686207.28,9239730.82,14.65,12.51,4.37
2025,3,Europe,Hatchback,Corolla,Dealer,2338,45454,106271452,87224749.73,14883373.24,4163329.03,3.92,11.69,4.69
2025,8,Latin America,Pickup,Yaris,Fleet,2115,56762,120051630,79116101.01,18573106.34,22362422.65,18.63,14.08,4.56
2016,8,Japan,Hatchback,Camry,Dealer,937,41600,38979200,24227499.98,5752130.52,8999569.5,23.09,10.77,5.0
2021,2,Asia,Hybrid,Prius,Dealer,1129,47238,53331702,42516519.76,6441697.1,4373485.14,8.2,12.92,4.4
2022,8,Japan,Sedan,Fortuner,Fleet,378,43241,16345098,10410112.02,1747721.71,4187264.28,25.62,13.89,4.16
2023,11,Asia,Hatchback,Camry,Fleet,1003,37810,37923430,26964139.98,3791057.22,7168232.8,18.9,6.19,3.89
2025,1,Asia,Pickup,Corolla,Dealer,216,38167,8244072,6342619.78,669798.62,1231653.6,14.94,3.01,3.91
2024,6,Japan,SUV,Camry,Online,1123,39811,44707753,30047878.21,3558272.73,11101602.06,24.83,10.5,4.34
2017,8,Asia,EV,Prius,Online,290,57779,16755910,10698175.41,2210978.96,3846755.63,22.96,10.23,3.65
2025,3,Asia,Sedan,Camry,Fleet,1654,38085,62992590,49726644.74,5882342.38,7383602.88,11.72,10.59,4.2
2017,8,Europe,SUV,Fortuner,Corporate,859,64854,55709586,42263437.8,5176509.76,8269638.44,14.84,9.35,4.09
2020,12,Middle East,Hatchback,Hilux,Online,1310,27261,35711910,29907578.51,5708104.38,96227.12,0.27,9.37,3.77
2020,1,Middle East,Hybrid,Prius,Fleet,1882,36733,69131506,48098090.95,6008449.82,15024965.22,21.73,9.19,3.63
2021,11,Latin America,Hybrid,Corolla,Online,1145,57779,66156955,41916234.61,5512553.31,18728167.08,28.31,12.08,5.0
2018,11,Latin America,Pickup,Fortuner,Corporate,490,47079,23068710,18029511.96,1819698.38,3219499.66,13.96,5.91,3.47
2023,9,Europe,Hybrid,Camry,Fleet,506,51980,26301880,19326130.95,3213628.96,3762120.09,14.3,10.17,4.07
2016,11,Latin America,Sedan,Camry,Corporate,1551,32141,49850691,33245668.35,6306498.47,10298524.18,20.66,7.44,4.65
2021,9,Japan,Hybrid,Hilux,Fleet,1021,27344,27918224,22110685.58,2871962.04,2935576.38,10.51,10.23,4.34
2019,5,North America,Pickup,Corolla,Corporate,1987,57472,114196864,75921067.93,13496607.63,24779188.44,21.7,12.44,3.89
2016,10,North America,EV,Corolla,Online,821,33896,27828616,18849589.6,3922609.22,5056417.18,18.17,7.04,3.56
2022,4,North America,Hatchback,RAV4,Online,1472,41817,61554624,39416890.16,8841052.18,13296681.66,21.6,9.15,4.16
2024,11,Europe,Hatchback,Corolla,Corporate,1323,47813,63256599,44777771.43,9881445.33,8597382.23,13.59,14.4,2.91
2019,6,Europe,Hybrid,Hilux,Corporate,1680,36895,61983600,44142515.12,8937050.74,8904034.14,14.37,11.6,4.18
2019,12,Asia,SUV,Land Cruiser,Corporate,1335,18143,24220905,17758854.59,2926750.72,3535299.69,14.6,8.36,4.12
2021,7,North America,Hatchback,RAV4,Fleet,407,28681,11673167,9058052.36,1005866.61,1609248.03,13.79,8.57,4.58
2018,5,Japan,EV,RAV4,Online,1546,25367,39217382,32132456.22,3097338.64,3987587.15,10.17,9.43,3.59
2021,11,Latin America,Hybrid,Camry,Fleet,2179,21228,46255812,30080224.01,3464841.1,12710746.9,27.48,12.75,3.95
2022,10,Japan,Pickup,Camry,Online,2046,22582,46202772,29198145.86,6005774.73,10998851.41,23.81,15.03,4.3
2025,9,Latin America,EV,Corolla,Dealer,455,31147,14171885,8844345.65,2022019.94,3305519.41,23.32,11.22,4.19
2025,3,North America,Hybrid,RAV4,Fleet,342,29397,10053774,6551005.99,1164041.59,2338726.41,23.26,11.49,3.5
2018,7,North America,EV,Yaris,Online,346,56799,19652454,15029192.32,1472445.88,3150815.8,16.03,7.56,3.81
2022,10,North America,Hatchback,Camry,Online,2486,55011,136757346,106676878.1,16163672.34,13916795.56,10.18,5.63,4.73
2018,10,Europe,Pickup,Hilux,Fleet,2024,31647,64053528,50796449.82,9878170.7,3378907.48,5.28,10.9,4.22
2017,11,Latin America,Hybrid,Yaris,Fleet,1973,45718,90201614,60761232.97,11165623.67,18274757.35,20.26,11.72,3.35
2025,5,Europe,Sedan,Camry,Online,1981,62264,123344984,84774620.07,17619642.74,20950721.2,16.99,13.52,4.5
2019,7,Europe,Pickup,Prius,Fleet,1732,60317,104469044,75874782.48,14836039.48,13758222.04,13.17,9.0,3.38
2023,2,Middle East,Sedan,Prius,Corporate,1524,37097,56535828,35838077.27,8700390.1,11997360.63,21.22,8.63,3.96
2024,4,Japan,EV,Camry,Fleet,125,54953,6869125,5182419.15,957010.54,729695.31,10.62,11.9,4.35
2022,2,Japan,SUV,RAV4,Fleet,679,63254,42949466,35923865.68,5896663.02,1128937.29,2.63,14.18,4.65
2016,12,Asia,Pickup,Land Cruiser,Fleet,799,58096,46418704,32464191.98,4227316.09,9727195.93,20.96,8.79,3.05
2018,7,Europe,EV,Land Cruiser,Online,1992,35107,69933144,54941327.27,5272487.99,9719328.74,13.9,9.37,4.42
2024,2,Latin America,Sedan,RAV4,Corporate,1372,21010,28825720,21042990.68,3360616.35,4422112.97,15.34,11.58,4.49
2016,11,Middle East,Hatchback,Fortuner,Dealer,680,23555,16017400,10381174.96,1300598.12,4335626.92,27.07,7.94,3.85
2024,1,Middle East,Hatchback,Land Cruiser,Dealer,460,18067,8310820,6217259.94,1301454.71,792105.35,9.53,12.98,4.14
2023,9,Japan,SUV,Prius,Corporate,197,46412,9143164,6271957.6,878596.15,1992610.26,21.79,14.08,2.73
2016,1,Europe,Pickup,Hilux,Corporate,2243,62953,141203579,88614947.34,20723740.21,31864891.46,22.57,4.86,2.86
2021,8,Asia,Pickup,RAV4,Corporate,339,52305,17731395,13470266.67,1859778.93,2401349.4,13.54,8.21,4.6
2020,2,Europe,Pickup,Corolla,Online,1178,29549,34808722,28159041.86,3449108.63,3200571.51,9.19,4.44,3.86
2021,12,North America,EV,Prius,Dealer,1583,23680,37485440,26084219.01,5778915.55,5622305.44,15.0,9.01,3.94
2025,8,Europe,SUV,Hilux,Corporate,2432,43739,106373248,75085154.87,10924429.55,20363663.59,19.14,8.25,4.21
2020,3,North America,Pickup,Hilux,Online,2134,39209,83672006,68278429.47,8796095.92,6597480.61,7.88,11.59,3.94
2021,6,North America,EV,RAV4,Dealer,445,59515,26484175,21160695.3,2106770.04,3216709.65,12.15,7.3,3.89
2020,3,Asia,Hatchback,Hilux,Fleet,1737,40432,70230384,54589348.57,9153842.29,6487193.14,9.24,10.47,4.28
2020,7,Latin America,Sedan,RAV4,Online,1541,33116,51031756,34432929.95,4898821.35,11700004.7,22.93,10.92,3.43
2019,10,Japan,EV,Land Cruiser,Dealer,2104,38045,80046680,65658102.29,9822077.85,4566499.86,5.7,13.14,4.62
2018,9,Europe,Hatchback,Camry,Online,870,44327,38564490,25220076.09,4751980.22,8592433.69,22.28,12.35,4.0
2018,2,North America,Hatchback,Prius,Dealer,826,53709,44363634,33622733.02,5977022.47,4763878.51,10.74,14.67,3.65
2019,12,Europe,Sedan,Fortuner,Dealer,2494,61617,153672798,96250845.52,21064196.85,36357755.63,23.66,9.78,3.59
2024,12,Latin America,Hatchback,Camry,Fleet,392,44905,17602760,13406585.16,2047213.65,2148961.2,12.21,10.51,4.12
2017,5,Japan,SUV,Prius,Online,617,25067,15466339,10532140.05,1543374.76,3390824.19,21.92,10.3,3.96
2024,6,Latin America,Sedan,RAV4,Corporate,1000,50559,50559000,36348328.02,7349791.18,6860880.8,13.57,6.95,3.4
2016,4,Japan,Hatchback,Prius,Fleet,1157,60919,70483283,49053418.87,6899461.15,14530402.98,20.62,15.08,3.83
2016,4,Middle East,Hybrid,Land Cruiser,Fleet,1570,35985,56496450,37175030.56,6535273.1,12786146.35,22.63,11.75,3.74
2020,4,Japan,EV,RAV4,Dealer,2461,45369,111653109,84503067.15,11847816.49,15302225.36,13.71,9.93,4.67
2021,2,Asia,Hatchback,Camry,Corporate,877,35864,31452728,25603609.55,4622200.27,1226918.18,3.9,6.23,4.16
2021,4,Latin America,SUV,Corolla,Online,427,40614,17342178,14411324.48,1888089.18,1042764.33,6.01,7.88,4.81
2018,11,North America,Pickup,Corolla,Corporate,352,33613,11831776,7836376.92,1239365.84,2756033.24,23.29,9.15,3.78
2022,1,Middle East,Hatchback,Yaris,Corporate,799,24447,19533153,15193316.33,2580019.57,1759817.1,9.01,8.48,3.97
2024,12,Asia,Pickup,Yaris,Corporate,1853,23499,43543647,33361168.09,5408978.76,4773500.15,10.96,9.9,4.27
2025,6,Europe,Hybrid,Prius,Corporate,764,57041,43579324,30311298.71,3471189.69,9796835.61,22.48,11.79,4.37
2023,1,Latin America,Hatchback,Corolla,Corporate,2206,49315,108788890,67906223.55,12590703.13,28291963.31,26.01,10.66,4.42
2021,10,North America,Sedan,RAV4,Dealer,701,19299,13528599,10440751.4,1842501.23,1245346.37,9.21,10.84,3.7
2023,6,Japan,Pickup,Hilux,Dealer,2119,57469,121776811,100832279.59,19397429.87,1547101.54,1.27,6.37,3.71
2020,1,North America,Hybrid,RAV4,Fleet,1026,22994,23591844,17907776.73,2987275.14,2696792.14,11.43,5.47,3.94
2023,6,Europe,Sedan,Hilux,Dealer,2485,47878,118976830,85159379.26,12293444.67,21524006.07,18.09,7.51,4.77
2025,10,Middle East,Sedan,Camry,Fleet,586,33627,19705422,14494005.04,1780456.68,3430960.27,17.41,7.92,3.65
2019,8,Middle East,Sedan,Fortuner,Fleet,1662,25489,42362718,28125385.31,6293181.76,7944150.93,18.75,11.6,3.86
2025,11,Latin America,Sedan,Hilux,Online,323,44111,14247853,11186270.3,2041872.2,1019710.5,7.16,7.3,4.43
2023,2,Middle East,Hatchback,Corolla,Corporate,585,50355,29457675,23101072.91,2682211.27,3674390.82,12.47,11.17,4.4
2025,2,Latin America,EV,RAV4,Dealer,501,26269,13160769,8581003.09,1158896.36,3420869.55,25.99,7.54,4.35
2017,12,Latin America,Hatchback,Camry,Online,2344,20831,48827864,39704633.67,6560624.6,2562605.73,5.25,6.5,4.14
2020,4,Latin America,Hatchback,Corolla,Dealer,1952,62370,121746240,82692693.3,11973217.44,27080329.26,22.24,6.61,3.62
2024,11,Japan,Hybrid,Camry,Fleet,1272,29819,37929768,31712939.95,3701030.94,2515797.11,6.63,18.15,3.79
2019,3,Asia,Hybrid,Fortuner,Dealer,409,42813,17510517,12331583.08,1465737.48,3713196.44,21.21,7.48,4.61
2021,4,Latin America,EV,Land Cruiser,Corporate,729,39637,28895373,19045937.03,2709166.51,7140269.46,24.71,11.23,4.45
2016,12,Latin America,Hybrid,RAV4,Fleet,1544,19996,30873824,21530738.74,3349059.06,5994026.2,19.41,5.6,3.5
2024,7,Asia,SUV,Prius,Fleet,470,62387,29321890,21019094.02,3986470.76,4316325.22,14.72,13.05,4.49
2016,11,North America,EV,RAV4,Online,1599,21089,33721311,21421385.59,3381159.26,8918766.15,26.45,10.37,4.69
2020,1,Latin America,Hybrid,Yaris,Corporate,460,51291,23593860,17629521.98,2349344.23,3614993.79,15.32,10.18,4.12
2019,6,Japan,EV,Fortuner,Fleet,821,38659,31739039,23851225.63,3035591.29,4852222.09,15.29,13.53,4.29
2018,3,Middle East,Hatchback,RAV4,Corporate,2090,63178,132042020,103331423.79,14926760.14,13783836.06,10.44,10.81,4.56
2021,11,Middle East,Hatchback,Yaris,Dealer,899,48429,43537671,27272753.64,3755442.07,12509475.29,28.73,11.52,3.79
2017,10,Europe,EV,Prius,Corporate,752,33732,25366464,18747653.61,2884338.59,3734471.8,14.72,8.0,5.0
2018,7,Europe,SUV,Hilux,Fleet,1851,37506,69423606,43850701.18,9259428.99,16313475.83,23.5,7.86,4.65
2020,10,Middle East,SUV,Camry,Online,1291,58935,76085085,58909008.57,5529951.12,11646125.31,15.31,9.62,4.34
2024,2,Middle East,EV,Prius,Fleet,1009,23190,23398710,14794072.05,1658503.94,6946134.01,29.69,11.21,4.08
2017,2,Japan,Hybrid,Corolla,Corporate,1619,22575,36548925,29991321.5,2805534.29,3752069.2,10.27,12.33,4.32
2025,4,Asia,Pickup,Fortuner,Corporate,992,58495,58027040,44939514.9,6859341.9,6228183.19,10.73,11.43,3.4
2023,1,Europe,SUV,Hilux,Fleet,723,52565,38004495,27805067.09,5582896.7,4616531.2,12.15,11.04,5.0
2017,3,Asia,Sedan,Corolla,Corporate,506,52899,26766894,19195365.8,1885449.36,5686078.84,21.24,8.96,4.61
2020,9,Japan,Hatchback,Corolla,Dealer,581,41706,24231186,15719932.94,3738860.31,4772392.76,19.7,8.13,4.76
2022,7,Middle East,EV,Fortuner,Fleet,809,40884,33075156,22624063.77,2631626.97,7819465.26,23.64,8.24,4.11
2023,7,Latin America,Sedan,Hilux,Online,1363,35199,47976237,38916932.29,6993904.71,2065400.0,4.31,13.86,3.94
2016,11,Asia,EV,Land Cruiser,Fleet,2198,62100,136495800,111787278.22,15486394.27,9222127.51,6.76,10.35,3.8
2021,4,Middle East,Hatchback,Corolla,Dealer,536,57434,30784624,19091530.82,3981749.91,7711343.26,25.05,7.9,4.47
2016,2,Middle East,Hatchback,Corolla,Dealer,2316,30479,70589364,52992141.88,8185646.32,9411575.8,13.33,10.13,3.87
2017,4,North America,SUV,Hilux,Dealer,370,52178,19305860,15024710.91,2180294.56,2100854.53,10.88,11.19,4.02
2016,6,Asia,SUV,RAV4,Dealer,999,30665,30634335,23163366.21,4446296.44,3024672.34,9.87,7.9,4.35
2020,11,Latin America,Sedan,Corolla,Dealer,2419,18534,44833746,28602564.68,6188391.84,10042789.48,22.4,12.59,3.8
2025,11,Asia,EV,Camry,Online,2049,44292,90754308,60614754.92,10301176.75,19838376.33,21.86,10.74,4.57
2024,3,Middle East,Hatchback,Hilux,Corporate,835,54132,45200220,30513532.14,3618152.57,11068535.29,24.49,6.75,4.09
2021,1,Latin America,Sedan,Corolla,Dealer,1738,54110,94043180,75514738.03,7559780.11,10968661.86,11.66,11.64,3.42
2016,12,Japan,Pickup,Fortuner,Dealer,1914,40469,77457666,55916989.31,11009720.45,10530956.24,13.6,11.48,3.8
2016,8,North America,Sedan,Prius,Fleet,1386,64233,89026938,64731683.07,10473588.0,13821666.93,15.53,9.05,4.69
2017,12,Middle East,Hybrid,Camry,Online,1647,55268,91026396,75158353.35,10317206.86,5550835.79,6.1,6.96,3.68
2024,5,Europe,Sedan,Yaris,Online,1949,19172,37366228,28404270.61,4904355.38,4057602.01,10.86,11.08,4.5
2018,5,Europe,Hybrid,Yaris,Corporate,456,45914,20936784,17120152.62,3083899.14,732732.23,3.5,9.13,4.15
2016,11,North America,Hybrid,Prius,Online,1259,38901,48976359,35284133.73,6200337.65,7491887.62,15.3,11.18,4.02
2020,4,Japan,Hybrid,Yaris,Fleet,587,58775,34500925,22524825.11,4783770.99,7192328.89,20.85,11.12,5.0
2022,6,Middle East,Pickup,Prius,Fleet,1516,52409,79452044,65515029.7,11033850.74,2903163.56,3.65,7.84,3.52
2021,3,Asia,Sedan,Corolla,Corporate,638,37324,23812712,17166944.26,2430409.45,4215358.29,17.7,7.63,3.77
2016,9,North America,Sedan,Camry,Fleet,2387,26738,63823606,42120957.63,6042020.43,15660627.94,24.54,10.49,4.09
2020,5,Japan,Pickup,Camry,Dealer,500,55494,27747000,19049066.41,3942980.94,4754952.64,17.14,10.8,5.0
2020,3,Asia,Hatchback,RAV4,Dealer,1632,62557,102093024,64438724.68,10612170.79,27042128.53,26.49,8.99,4.09
2021,11,Europe,SUV,Prius,Fleet,383,42054,16106682,11645551.96,2436944.86,2024185.18,12.57,8.2,4.22
2018,1,Europe,Sedan,Camry,Corporate,1021,47709,48710889,39343210.15,3715284.85,5652394.0,11.6,10.6,3.95
2020,10,Asia,SUV,RAV4,Online,1381,61785,85325085,70426275.69,6419823.22,8478986.09,9.94,5.16,4.26
2022,12,North America,EV,Hilux,Corporate,1169,38107,44547083,36759027.21,6834875.62,953180.17,2.14,10.12,3.98
2020,6,Europe,EV,RAV4,Online,2235,18363,41041305,26576321.91,5268100.58,9196882.51,22.41,13.83,4.41
2020,2,Middle East,Pickup,Fortuner,Fleet,2395,28358,67917410,47817378.44,7074545.16,13025486.4,19.18,12.59,4.45
2020,3,Latin America,EV,Land Cruiser,Fleet,2349,54077,127026873,79545539.69,17524047.82,29957285.49,23.58,7.96,3.99
2025,1,Asia,EV,Corolla,Dealer,1907,21240,40504680,32733305.3,5286242.01,2485132.69,6.14,10.74,3.59
2025,9,Asia,Hatchback,Hilux,Online,1633,24665,40277945,28151313.77,4745067.94,7381563.29,18.33,10.25,4.14
2018,8,Europe,Hatchback,Land Cruiser,Corporate,772,63689,49167908,37310857.83,3879279.15,7977771.02,16.23,13.17,4.73
2016,12,North America,Hatchback,Land Cruiser,Fleet,334,19936,6658624,5175599.66,952823.54,530200.8,7.96,3.22,3.73
2020,2,Middle East,EV,Hilux,Corporate,1558,64736,100858688,72070171.84,14921244.81,13867271.35,13.75,12.28,4.25
2024,12,North America,Pickup,Fortuner,Dealer,2380,43538,103620440,71230484.54,8859048.37,23530907.08,22.71,8.83,3.56
2016,11,Japan,Hybrid,RAV4,Online,336,61965,20820240,17315919.62,3051123.9,453196.48,2.18,10.64,3.63
2018,8,Japan,Hybrid,Corolla,Online,521,29998,15628958,13006222.07,2328812.55,293923.38,1.88,10.57,4.69
2019,12,Latin America,SUV,RAV4,Fleet,1961,18882,37027602,25314882.86,4422894.3,7289824.84,19.69,6.25,4.41
2016,9,Europe,Hybrid,Camry,Online,1193,38224,45601232,33084492.81,5885117.76,6631621.43,14.54,7.96,4.26
2016,1,Europe,Hybrid,RAV4,Fleet,661,57691,38133751,31804528.94,3981215.42,2348006.64,6.16,6.8,3.06
2023,5,Europe,Hatchback,Yaris,Dealer,1815,64476,117023940,72680181.25,11159549.0,33184209.75,28.36,9.95,3.85
2017,8,Latin America,Hatchback,Hilux,Online,98,48825,4784850,3401019.77,645851.8,737978.43,15.42,10.97,4.37
2023,11,Japan,EV,Corolla,Fleet,1204,23204,27937616,17938761.7,4122719.45,5876134.86,21.03,11.86,3.45
2022,2,North America,SUV,RAV4,Corporate,1460,46885,68452100,50107947.03,8821215.39,9522937.58,13.91,13.25,3.94
2025,4,Latin America,Sedan,Corolla,Fleet,1645,58056,95502120,59729641.65,11082367.31,24690111.04,25.85,8.13,4.44
2025,7,Latin America,SUV,Corolla,Online,2160,21203,45798480,32494830.13,3860959.75,9442690.12,20.62,8.73,3.42
2017,3,North America,SUV,Camry,Dealer,2073,20244,41965812,28056402.93,3139516.29,10769892.78,25.66,8.32,3.34
2021,12,Europe,Pickup,Camry,Online,1627,50786,82628822,60924530.83,9098446.42,12605844.75,15.26,11.0,3.43
2021,5,Middle East,EV,Hilux,Online,941,21083,19839103,16647360.39,1476851.81,1714890.8,8.64,11.25,4.25
2018,8,North America,Pickup,Fortuner,Fleet,234,39584,9262656,7374166.64,1123005.5,765483.86,8.26,10.74,3.85
2017,12,Japan,SUV,Yaris,Corporate,984,26521,26096664,21034987.94,2725682.44,2335993.62,8.95,12.19,4.5
2016,10,Asia,SUV,Land Cruiser,Online,1349,51541,69528809,52825089.53,9605197.82,7098521.65,10.21,6.15,4.15
2021,3,Asia,SUV,Corolla,Corporate,484,47063,22778492,14330932.59,2221093.51,6226465.91,27.33,8.7,4.95
2020,4,Latin America,Hybrid,Fortuner,Fleet,923,22732,20981636,13963184.1,2588471.77,4429980.13,21.11,13.2,3.54
2024,9,Asia,Pickup,Land Cruiser,Corporate,1862,45518,84754516,69796547.65,10034215.72,4923752.64,5.81,12.03,4.25
2016,7,Middle East,SUV,Land Cruiser,Fleet,1644,57563,94633572,66295064.9,6664485.87,21674021.23,22.9,10.24,3.74
2022,1,Europe,Hatchback,Yaris,Dealer,1264,57752,72998528,46923459.63,5585485.72,20489582.66,28.07,8.54,4.37
2020,12,Japan,EV,Hilux,Corporate,826,47697,39397722,30514685.33,3787426.69,5095609.98,12.93,12.47,4.15
2020,4,Middle East,EV,Land Cruiser,Corporate,1805,20567,37123435,25462247.56,5546284.15,6114903.29,16.47,8.55,3.65
2017,4,Japan,Hatchback,Yaris,Dealer,350,34121,11942350,8110629.34,993977.86,2837742.8,23.76,15.48,4.03
2018,9,Japan,EV,Land Cruiser,Corporate,849,19674,16703226,14023277.58,2237906.4,442042.02,2.65,10.4,4.13
2022,6,Europe,Hybrid,Corolla,Dealer,1795,28875,51830625,41920120.4,8168661.52,1741843.08,3.36,11.81,3.83
2021,9,Latin America,Hybrid,Corolla,Online,1590,62340,99120600,70350481.09,13990979.71,14779139.2,14.91,8.18,4.43
2017,12,Asia,Sedan,Prius,Fleet,251,18739,4703489,3930505.7,432086.41,340896.9,7.25,12.8,3.64
2021,6,Europe,Sedan,Fortuner,Dealer,353,19545,6899385,5264402.61,1047001.5,587980.89,8.52,10.57,5.0
2017,6,Middle East,Sedan,RAV4,Corporate,2386,47140,112476040,88096289.14,8815831.98,15563918.88,13.84,7.63,4.53
2017,5,Latin America,EV,Yaris,Dealer,1238,27327,33830826,21209656.82,3793544.39,8827624.79,26.09,8.73,4.26
2017,5,Middle East,Hybrid,Camry,Corporate,1786,23127,41304822,26714024.03,6190715.99,8400081.98,20.34,11.28,5.0
2018,2,Latin America,Hybrid,Yaris,Online,1851,41331,76503681,58087617.58,9770584.52,8645478.89,11.3,8.25,3.96
2017,8,Middle East,Hybrid,RAV4,Dealer,501,41004,20543004,16799766.2,2202785.46,1540452.34,7.5,9.56,4.38
2019,8,Europe,Hatchback,Fortuner,Online,1524,59833,91185492,69047808.32,8786010.12,13351673.56,14.64,8.22,4.2
2024,11,Latin America,Hybrid,Camry,Fleet,1289,28492,36726188,23853125.72,3810670.58,9062391.7,24.68,13.9,4.46
2021,1,Latin America,Hatchback,RAV4,Corporate,2491,31749,79086759,51047909.69,9158623.17,18880226.14,23.87,14.33,4.77
2016,8,Japan,Sedan,Prius,Corporate,659,41508,27353772,22039505.71,2700198.98,2614067.3,9.56,16.16,4.35
2023,5,Japan,Sedan,Camry,Online,970,27045,26233650,17068832.94,4124116.24,5040700.83,19.21,12.19,4.57
2022,2,North America,EV,Corolla,Fleet,801,38116,30530916,22423462.74,4701058.51,3406394.75,11.16,8.49,3.85
2025,2,Middle East,Sedan,RAV4,Dealer,960,36667,35200320,22111606.56,5222334.69,7866378.75,22.35,7.55,4.01
2018,6,Japan,EV,Yaris,Dealer,1201,27521,33052721,21079285.19,3568526.62,8404909.19,25.43,16.34,4.84
2016,11,North America,SUV,Camry,Corporate,2087,26669,55658203,42740859.06,7358969.49,5558374.45,9.99,11.83,4.37
2020,9,Japan,SUV,Prius,Online,2149,45302,97353998,75120283.2,14725243.69,7508471.11,7.71,14.95,4.21
2019,1,Middle East,Pickup,Yaris,Online,1553,29283,45476499,31611772.67,6664064.95,7200661.38,15.83,8.88,3.76
2025,12,Latin America,EV,Land Cruiser,Dealer,462,48935,22607970,15089331.2,2425596.24,5093042.55,22.53,5.11,4.53
2023,6,Asia,Pickup,Camry,Fleet,2261,24998,56520478,45160780.92,4528123.65,6831573.43,12.09,5.68,3.75
2016,9,Middle East,Pickup,Camry,Fleet,1529,46806,71566374,47789355.88,5496779.36,18280238.76,25.54,9.64,3.62
2025,8,Europe,SUV,Prius,Dealer,1670,49624,82872080,61262849.95,10105070.39,11504159.66,13.88,8.19,4.15
2016,11,Japan,EV,Land Cruiser,Dealer,1866,31440,58667040,48869993.09,7499789.89,2297257.01,3.92,10.91,3.02
2019,6,Japan,SUV,RAV4,Online,223,63465,14152695,9235023.2,2073169.34,2844502.46,20.1,13.36,4.37
2023,3,Latin America,Pickup,Hilux,Fleet,1966,64501,126808966,104870099.18,12215045.07,9723821.75,7.67,12.03,4.27
2020,8,Europe,EV,RAV4,Dealer,1782,39797,70918254,46822817.8,6033182.11,18062254.09,25.47,7.75,3.94
2017,9,Latin America,Pickup,Land Cruiser,Dealer,1515,19269,29192535,21743694.96,3039250.14,4409589.9,15.11,6.24,3.98
2021,1,Europe,Hybrid,Fortuner,Corporate,303,25868,7838004,5509659.83,798079.37,1530264.8,19.52,7.81,4.05
2020,12,Asia,EV,Yaris,Dealer,299,48251,14427049,12007406.27,1181895.68,1237747.05,8.58,6.89,3.74
2017,9,Japan,EV,Prius,Dealer,258,30373,7836234,5330043.74,1022671.16,1483519.11,18.93,13.98,4.18
2018,6,Japan,Pickup,RAV4,Fleet,1734,36987,64135458,45403078.74,7425749.21,11306630.04,17.63,12.49,3.99
2024,6,Asia,Hybrid,Camry,Online,512,56729,29045248,24288485.25,3918234.4,838528.35,2.89,14.2,4.15
2022,12,North America,Hatchback,Prius,Fleet,344,33734,11604496,8564390.59,1180666.96,1859438.45,16.02,11.34,4.03
2022,4,Latin America,SUV,Corolla,Online,1033,60429,62423157,45605024.24,6199443.42,10618689.35,17.01,14.03,3.94
2021,1,Asia,Pickup,Land Cruiser,Corporate,508,59337,30143196,20398240.37,3392068.91,6352886.72,21.08,5.99,4.23
2023,10,Latin America,EV,Yaris,Dealer,2324,58325,135547300,104954272.12,20192028.7,10400999.18,7.67,2.0,4.45
2019,8,Middle East,SUV,RAV4,Corporate,1657,36064,59758048,37238947.66,4399705.26,18119395.08,30.32,10.11,3.86
2023,2,Japan,SUV,Prius,Online,559,26433,14776047,9322101.35,2104625.57,3349320.08,22.67,12.81,4.28
2019,12,Latin America,SUV,Yaris,Fleet,1433,27111,38850063,29209765.21,4009671.69,5630626.1,14.49,9.19,4.33
2023,1,Europe,Hatchback,RAV4,Fleet,969,56450,54700050,38025746.58,8036296.81,8638006.61,15.79,9.74,3.52
2024,2,Latin America,Sedan,Prius,Corporate,1004,33047,33179188,27529754.45,4718023.16,931410.39,2.81,6.69,4.54
2018,1,Middle East,Pickup,Camry,Online,2250,26084,58689000,48048798.86,5950390.4,4689810.75,7.99,10.91,5.0
2018,1,Japan,Sedan,Corolla,Corporate,1982,39751,78786482,61218308.01,10435181.94,7132992.05,9.05,14.34,4.06
2017,9,Asia,Sedan,Corolla,Corporate,1490,34453,51334970,41067566.75,4330974.75,5936428.5,11.56,6.5,4.02
2025,1,Middle East,Sedan,Fortuner,Dealer,1442,38308,55240136,42358854.79,8322773.86,4558507.36,8.25,8.62,4.0
2018,4,Japan,SUV,Prius,Corporate,857,56968,48821576,31618222.68,5194820.53,12008532.79,24.6,11.77,4.38
2018,10,Latin America,Hybrid,RAV4,Dealer,2475,48077,118990575,93814494.56,13208704.11,11967376.33,10.06,7.82,4.33
2020,6,North America,SUV,Corolla,Dealer,108,61046,6592968,4392513.72,880281.98,1320172.3,20.02,6.6,3.38
2020,7,North America,SUV,Land Cruiser,Fleet,114,52775,6016350,4158244.99,865606.09,992498.91,16.5,9.53,3.71
2017,2,Europe,EV,Corolla,Dealer,1499,64097,96081403,76887367.81,8769431.02,10424604.17,10.85,10.15,4.33
2025,6,Japan,EV,Hilux,Dealer,668,42503,28392004,20954310.67,3677375.3,3760318.03,13.24,10.97,4.03
2021,7,North America,Sedan,Hilux,Fleet,983,20779,20425757,16528256.15,2150420.1,1747080.75,8.55,6.77,3.58
2020,10,Asia,SUV,Corolla,Corporate,2249,39304,88394696,58947573.83,9120853.18,20326268.99,22.99,10.53,4.78
2021,10,Japan,Sedan,Prius,Online,419,18755,7858345,5922923.08,1038105.64,897316.28,11.42,10.58,3.74
2016,2,Asia,EV,Fortuner,Online,254,57263,14544802,9285896.32,1524971.51,3733934.17,25.67,8.73,4.12
2020,2,Asia,Hybrid,Corolla,Online,2003,60955,122092865,92970471.3,12349664.6,16772729.1,13.74,8.41,4.02
2024,10,North America,Pickup,Camry,Corporate,1794,60281,108144114,85191335.62,15705765.0,7247013.38,6.7,12.61,3.61
2025,7,Japan,Sedan,Yaris,Dealer,676,35400,23930400,17916326.66,1893250.03,4120823.31,17.22,10.7,4.18
2017,12,Latin America,Hybrid,RAV4,Online,530,58115,30800950,20900629.3,4029698.64,5870622.06,19.06,13.81,4.28
2016,1,Middle East,Pickup,Fortuner,Corporate,636,32249,20510364,12857852.58,1894855.83,5757655.59,28.07,11.38,3.89
2025,8,North America,Hatchback,Camry,Dealer,1239,64825,80318175,51907930.1,5734303.39,22675941.5,28.23,14.05,3.95
2024,11,North America,Sedan,Fortuner,Fleet,1436,62825,90216700,68285620.66,7669211.98,14261867.36,15.81,11.16,4.37
2025,3,Latin America,Sedan,Camry,Online,2136,42600,90993600,75121809.08,11337760.49,4534030.43,4.98,8.95,3.21
2024,11,Japan,Hatchback,RAV4,Dealer,2461,55706,137092466,91226477.29,18345912.2,27520076.51,20.07,10.21,3.72
2024,6,Japan,Hatchback,RAV4,Online,1096,37222,40795312,31889930.08,2932987.14,5972394.79,14.64,11.61,4.2
2021,9,Asia,Sedan,Hilux,Online,2454,51505,126393270,102456815.7,9261882.68,14674571.62,11.61,13.22,3.86
2023,6,Latin America,Hatchback,Prius,Online,2142,56968,122025456,89639177.5,18453762.1,13932516.4,11.42,9.38,3.86
2016,9,Latin America,SUV,Camry,Dealer,918,59139,54289602,41653071.45,4158449.07,8478081.48,15.62,11.15,4.51
2025,7,Japan,Pickup,Yaris,Corporate,1717,59302,101821534,81386295.23,15321737.3,5113501.47,5.02,13.02,3.82
2019,9,Asia,Pickup,Hilux,Dealer,305,47148,14380140,9740366.76,1301905.0,3337868.24,23.21,10.12,4.99
2016,2,North America,Pickup,Camry,Online,1893,40302,76291686,52283993.06,10421566.53,13586126.41,17.81,10.22,3.31
2023,12,Europe,SUV,Hilux,Dealer,2240,20623,46195520,28647599.86,4521432.36,13026487.77,28.2,10.74,3.1
2016,8,Middle East,Hatchback,RAV4,Fleet,2100,26646,55956600,46549216.07,8241717.92,1165666.01,2.08,7.46,4.5
2018,8,North America,Hybrid,Fortuner,Corporate,1531,31543,48292333,39689530.85,6424857.28,2177944.87,4.51,8.81,3.66
2019,2,Japan,Hatchback,Land Cruiser,Dealer,2128,46960,99930880,78766021.07,10608983.13,10555875.8,10.56,13.27,3.66
2023,12,Middle East,Sedan,Hilux,Fleet,2393,40785,97598505,62208967.41,7502125.84,27887411.74,28.57,9.91,4.54
2021,4,Europe,EV,Camry,Corporate,1594,30817,49122298,35291946.23,6677833.37,7152518.4,14.56,8.35,3.88
2025,11,Europe,Pickup,Camry,Fleet,1311,49406,64771266,41610109.66,8130065.22,15031091.13,23.21,10.54,4.51
2022,7,Asia,Hatchback,Land Cruiser,Corporate,1725,41456,71511600,44587658.43,5024551.94,21899389.62,30.62,7.57,3.83
2023,11,Middle East,Hybrid,Prius,Dealer,1815,41777,75825255,57290548.8,5372051.52,13162654.68,17.36,6.44,4.26
2017,4,Asia,Sedan,Yaris,Fleet,385,38914,14981890,12455680.74,2139284.56,386924.7,2.58,10.24,3.87
2025,4,North America,SUV,RAV4,Online,2139,47553,101715867,83267758.37,9494766.93,8953341.7,8.8,6.5,3.69
2023,6,Latin America,SUV,Camry,Fleet,1803,41548,74911044,57927666.01,9532582.43,7450795.56,9.95,10.2,4.88
2018,10,Latin America,Hybrid,Corolla,Corporate,1769,55265,97763785,62692095.54,10839979.83,24231709.63,24.79,4.61,4.6
2022,6,Latin America,Sedan,Fortuner,Dealer,1597,58701,93745497,63776569.81,13847025.62,16121901.57,17.2,7.69,3.77
2018,10,Middle East,Pickup,Hilux,Corporate,1471,24727,36373417,25112661.03,5547909.99,5712845.97,15.71,8.68,4.02
2022,3,Latin America,Hatchback,Prius,Fleet,499,62924,31399076,24739112.59,5014831.02,1645132.39,5.24,5.48,4.76
2017,9,North America,Sedan,Yaris,Fleet,2298,50427,115881246,92298812.11,9714507.04,13867926.85,11.97,8.57,3.66
2025,12,Asia,SUV,Land Cruiser,Online,213,34692,7389396,5207479.88,1091168.2,1090747.92,14.76,12.46,3.68
2021,10,Middle East,Hybrid,Fortuner,Dealer,2110,49625,104708750,74545769.4,9836541.42,20326439.17,19.41,6.32,4.31
2018,11,Asia,Hybrid,RAV4,Dealer,1530,42918,65664540,41355001.23,8088126.54,16221412.23,24.7,8.64,5.0
2018,2,Middle East,Hatchback,Prius,Fleet,1633,59395,96992035,66304732.62,11204476.73,19482825.66,20.09,13.76,4.12
2024,6,Asia,Hybrid,Yaris,Dealer,1244,59136,73565184,52914167.04,5268659.9,15382357.06,20.91,6.85,4.57
2022,12,Europe,Hybrid,Hilux,Online,1949,33577,65441573,42257997.27,10074691.89,13108883.84,20.03,12.99,3.64
2020,7,Asia,Sedan,Hilux,Corporate,1899,37619,71438481,51415620.77,5504294.6,14518565.63,20.32,8.8,4.26
2025,12,Latin America,Pickup,Land Cruiser,Dealer,1422,64240,91349280,73782692.76,12052596.85,5513990.39,6.04,9.75,3.94
2022,9,Europe,Hatchback,Corolla,Fleet,1544,51710,79840240,59711766.94,11229578.88,8898894.18,11.15,12.73,4.94
2024,3,Asia,Sedan,Land Cruiser,Corporate,2306,55388,127724728,81407216.1,18082744.14,28234767.76,22.11,8.29,4.82
2016,10,Middle East,Pickup,RAV4,Corporate,1159,34195,39632005,26243033.21,3257533.1,10131438.69,25.56,11.08,5.0
2022,3,Middle East,Sedan,Prius,Online,1258,45689,57476762,41636152.43,6338611.78,9501997.79,16.53,11.71,3.79
2021,7,Middle East,EV,Prius,Fleet,1775,29154,51748350,36199376.98,7485326.29,8063646.73,15.58,7.87,4.12
2025,4,Japan,Sedan,Camry,Dealer,190,57121,10852990,7585371.17,1055357.0,2212261.83,20.38,10.6,4.27
2024,8,North America,Hybrid,Corolla,Fleet,2264,47412,107340768,79049910.52,12032618.94,16258238.54,15.15,8.93,3.8
2016,7,Middle East,Pickup,Corolla,Corporate,2359,39341,92805419,69471083.62,8774886.97,14559448.41,15.69,9.01,4.16
2019,5,Europe,Hatchback,Prius,Fleet,547,50018,27359846,21759546.69,3056631.81,2543667.51,9.3,6.8,4.51
2024,7,Middle East,Hatchback,Prius,Dealer,893,27145,24240485,16847443.57,3633779.92,3759261.51,15.51,7.9,3.85
2019,3,Japan,Pickup,Fortuner,Dealer,1352,60262,81474224,64951461.76,9040476.1,7482286.14,9.18,3.83,3.78
2025,12,Latin America,Hybrid,Yaris,Online,1073,64330,69026090,47938237.82,8285345.26,12802506.92,18.55,8.66,3.75
2018,2,Europe,SUV,Fortuner,Dealer,2111,40223,84910753,53680175.36,9030926.45,22199651.19,26.14,11.74,3.5
2024,6,Japan,Sedan,Fortuner,Dealer,402,20880,8393760,6227509.19,935153.39,1231097.42,14.67,8.33,4.48
2017,2,Latin America,Hybrid,Corolla,Fleet,983,39271,38603393,28927009.05,2754957.31,6921426.64,17.93,8.34,3.78
2019,3,Europe,EV,Camry,Fleet,1621,51313,83178373,68671969.43,7946620.2,6559783.37,7.89,15.61,3.74
2021,6,Asia,Pickup,Hilux,Corporate,2079,64900,134927100,105207178.81,14746500.51,14973420.68,11.1,9.44,4.34
2017,5,North America,Sedan,Fortuner,Online,1895,31304,59321080,48756587.89,7536252.5,3028239.61,5.1,12.89,4.1
2023,8,North America,Hatchback,Camry,Fleet,227,52695,11961765,9806690.19,1321830.94,833243.87,6.97,6.97,3.86
2023,9,Japan,SUV,Land Cruiser,Dealer,1221,48225,58882725,44339063.14,5912033.68,8631628.19,14.66,13.62,4.46
2016,11,Latin America,EV,RAV4,Corporate,929,38536,35799944,26352612.8,3756448.25,5690882.95,15.9,6.54,3.85
2018,3,North America,Hatchback,Fortuner,Fleet,446,48831,21778626,16173613.76,1999417.24,3605595.0,16.56,10.5,3.12
2025,12,Latin America,Pickup,Land Cruiser,Online,1169,29673,34687737,28972334.93,5314316.9,401085.18,1.16,11.61,4.7
2024,10,Latin America,Sedan,Hilux,Online,2118,39917,84544206,66798114.41,9888027.43,7858064.16,9.29,11.01,3.73
2020,3,Japan,Pickup,RAV4,Corporate,254,45829,11640566,7489289.88,828888.05,3322388.07,28.54,11.64,3.78
2021,3,Japan,Sedan,RAV4,Corporate,1934,33372,64541448,51068695.0,4630859.43,8841893.57,13.7,13.19,3.78
2019,6,Japan,Hybrid,Hilux,Corporate,667,43938,29306646,19269658.13,4617747.02,5419240.85,18.49,13.21,4.13
2025,1,North America,SUV,Fortuner,Corporate,574,20663,11860562,8520830.8,1066627.22,2273103.97,19.17,11.16,3.98
2017,7,Japan,Hybrid,Corolla,Corporate,1217,27465,33424905,22271051.9,4763207.6,6390645.5,19.12,12.19,4.54
2023,12,North America,Hybrid,Hilux,Dealer,1864,21326,39751664,30676688.03,2991105.1,6083870.87,15.3,11.83,4.84
2021,1,Japan,Pickup,Hilux,Dealer,1250,21659,27073750,22011179.18,4139702.17,922868.65,3.41,16.09,3.79
2020,5,Middle East,SUV,Hilux,Fleet,114,45594,5197716,3554612.02,772887.53,870216.45,16.74,8.71,3.68
2024,10,Latin America,Sedan,RAV4,Online,1078,22763,24538514,15656611.46,2978935.96,5902966.58,24.06,9.62,3.87
2016,8,Japan,Sedan,Yaris,Dealer,1412,41121,58062852,39811867.57,4111423.53,14139560.9,24.35,10.24,4.3
2020,4,Europe,EV,Camry,Dealer,1117,28828,32200876,24727684.1,3001217.56,4471974.34,13.89,10.35,4.05
2021,5,Latin America,Hatchback,Land Cruiser,Dealer,453,29221,13237113,9164413.75,1411262.07,2661437.18,20.11,10.37,3.87
2020,4,Latin America,EV,Corolla,Fleet,1531,29211,44722041,30463969.05,4982293.44,9275778.52,20.74,9.64,3.52
2021,12,Japan,EV,Fortuner,Corporate,1831,31569,57802839,38183153.26,5594799.69,14024886.05,24.26,12.83,3.11
2021,12,Asia,Sedan,Fortuner,Fleet,2360,49358,116484880,84970316.68,8499355.16,23015208.15,19.76,14.3,3.65
2022,4,Japan,Pickup,Land Cruiser,Online,784,55860,43794240,29811122.03,5391573.11,8591544.86,19.62,5.28,4.67
2019,12,Latin America,Hybrid,Camry,Online,642,24022,15422124,12041937.97,1807070.73,1573115.3,10.2,8.26,4.3
2023,8,Europe,Hybrid,Hilux,Online,1953,63337,123697161,78777394.01,11809375.03,33110391.95,26.77,8.64,4.01
2022,2,Latin America,Hybrid,Yaris,Online,2203,31515,69427545,53187558.22,5097220.19,11142766.59,16.05,13.14,4.43
2024,1,Europe,SUV,Corolla,Dealer,518,24159,12514362,8412945.08,1996209.39,2105207.52,16.82,10.69,3.52
2022,3,North America,Sedan,Fortuner,Dealer,1963,63991,125614333,91402193.83,14241996.91,19970142.26,15.9,10.75,4.13
2018,9,Middle East,Pickup,Land Cruiser,Fleet,2059,59213,121919567,83263722.61,16829823.57,21826020.82,17.9,12.65,3.3
2018,4,Latin America,SUV,Prius,Corporate,778,39691,30879598,24055488.12,3418626.66,3405483.22,11.03,9.05,4.26
2023,10,Japan,Hatchback,Yaris,Online,1392,42904,59722368,49448182.64,4412606.64,5861578.72,9.81,14.13,4.22
2020,5,North America,Pickup,Land Cruiser,Fleet,1643,61790,101520970,83425556.73,9935255.02,8160158.26,8.04,8.17,4.23
2019,2,Middle East,EV,Yaris,Dealer,771,21044,16224924,12141983.0,1603183.32,2479757.68,15.28,6.87,4.63
2023,4,Japan,Pickup,Fortuner,Dealer,2380,27612,65716560,47432521.91,9558589.4,8725448.69,13.28,16.99,4.45
2021,2,Asia,Pickup,Hilux,Corporate,1280,23636,30254080,24204054.0,3899166.95,2150859.05,7.11,10.42,3.56
2017,2,Japan,Hybrid,Prius,Corporate,1714,29593,50722402,39073079.22,4807910.11,6841412.67,13.49,14.11,4.63
2019,4,Europe,Pickup,Camry,Corporate,1713,20892,35787996,23633823.71,5622172.35,6531999.94,18.25,6.8,4.01
2019,6,Europe,EV,Corolla,Fleet,206,39672,8172432,6542867.26,808570.33,820994.41,10.05,10.78,3.21
2021,7,Asia,EV,Camry,Dealer,1586,23812,37765832,26978194.52,6036530.71,4751106.78,12.58,13.95,4.05
2021,10,North America,Sedan,Camry,Dealer,1271,49085,62387035,41273817.8,9960385.38,11152831.83,17.88,8.81,4.39
2016,3,Middle East,Pickup,Land Cruiser,Corporate,373,18654,6957942,4745284.56,606794.79,1605862.65,23.08,6.36,3.64
2023,3,Japan,Hybrid,Yaris,Online,1446,35143,50816778,34497271.94,4987499.09,11332006.98,22.3,12.96,4.7
2021,10,Europe,Pickup,Corolla,Corporate,1099,19798,21758002,15975280.65,2474841.7,3307879.66,15.2,6.91,3.68
2018,6,North America,Hatchback,Corolla,Fleet,2437,55927,136294099,91529858.66,17686757.17,27077483.18,19.87,5.61,3.88
2024,12,Asia,Hatchback,Fortuner,Corporate,498,47087,23449326,15176043.31,2755864.93,5517417.76,23.53,7.66,3.8
2017,3,Latin America,Hybrid,Fortuner,Corporate,523,29618,15490214,10025452.18,2435832.0,3028929.81,19.55,8.27,3.33
2023,2,Europe,Sedan,Corolla,Fleet,764,26446,20204744,15119629.45,2730853.49,2354261.05,11.65,7.03,3.65
2025,8,Asia,Sedan,Prius,Corporate,2363,39646,93683498,73227429.24,8345704.15,12110364.61,12.93,12.82,3.78
2018,5,Japan,EV,RAV4,Dealer,1542,54591,84179322,58145794.39,6688786.19,19344741.42,22.98,17.22,4.04
2020,1,Middle East,EV,Fortuner,Online,2341,45200,105813200,66410814.55,13962698.91,25439686.54,24.04,11.05,2.75
2021,3,Europe,SUV,RAV4,Corporate,164,47571,7801644,5055383.2,657372.14,2088888.66,26.77,10.46,4.42
2025,10,Europe,Hybrid,Land Cruiser,Fleet,1847,40538,74873686,61488727.05,10549022.18,2835936.78,3.79,9.14,4.42
2021,8,Japan,Pickup,Prius,Online,164,58555,9603020,6996564.52,941031.62,1665423.86,17.34,10.26,4.63
2019,4,Latin America,Hybrid,Corolla,Fleet,2024,61964,125415136,90272061.35,12468822.19,22674252.45,18.08,13.51,3.43
2018,7,North America,SUV,Prius,Online,2192,38900,85268800,53580425.71,6051684.94,25636689.35,30.07,9.34,3.97
2019,10,Middle East,EV,Fortuner,Online,1749,40356,70582644,55075647.34,9393915.66,6113081.0,8.66,8.34,4.52
2016,12,Europe,Hybrid,Camry,Corporate,742,41023,30439066,22408478.74,2441038.91,5589548.35,18.36,12.04,4.56
2019,2,Middle East,Hybrid,Land Cruiser,Dealer,706,57148,40346488,26808538.89,5630725.68,7907223.42,19.6,9.32,4.77
2016,7,Europe,EV,Corolla,Corporate,143,35392,5061056,3260414.4,578317.27,1222324.32,24.15,11.94,4.15
2016,5,Middle East,SUV,Hilux,Fleet,998,38698,38620604,27202242.07,5429484.69,5988877.24,15.51,8.48,4.07
2025,5,Asia,EV,Land Cruiser,Fleet,1455,60470,87983850,70754468.19,10782718.95,6446662.86,7.33,12.04,3.4
2021,6,Europe,Sedan,Yaris,Online,1261,44535,56158635,45508981.19,4347745.05,6301908.76,11.22,11.95,4.58
2020,9,Middle East,Pickup,RAV4,Online,1692,53450,90437400,68065557.03,12562542.6,9809300.37,10.85,12.81,3.89
2019,6,North America,EV,Prius,Dealer,570,51757,29501490,23012873.7,2250431.29,4238185.01,14.37,7.73,4.12
2018,12,Asia,SUV,Corolla,Corporate,1958,30476,59672008,38508391.91,6747898.92,14415717.16,24.16,9.29,4.09
2016,8,Asia,Hatchback,Land Cruiser,Fleet,2020,59214,119612280,89635975.52,10228217.02,19748087.46,16.51,14.37,3.02
2021,7,North America,Sedan,Prius,Online,392,22711,8902712,6825998.23,1225993.95,850719.83,9.56,8.88,3.73
2017,9,Middle East,Hatchback,Corolla,Dealer,998,24479,24430042,16225379.14,3714422.02,4490240.84,18.38,11.53,4.3
2023,4,Japan,EV,Fortuner,Fleet,1962,49390,96903180,78843725.95,11615915.46,6443538.59,6.65,18.23,4.08
2025,2,North America,Sedan,Land Cruiser,Online,892,31161,27795612,18425691.24,3264407.19,6105513.57,21.97,4.88,4.31
2020,7,Middle East,Pickup,Fortuner,Fleet,1569,50152,78688488,54213615.64,10918553.95,13556318.4,17.23,8.8,4.45
2022,6,North America,EV,Land Cruiser,Dealer,1406,32635,45884810,34712891.46,3232910.33,7939008.2,17.3,9.5,3.73
2025,1,North America,Pickup,Fortuner,Dealer,759,58843,44661837,33962513.98,6815319.41,3884003.61,8.7,5.0,3.87
2017,11,Europe,Hybrid,Yaris,Fleet,514,48297,24824658,19210925.1,2178870.0,3434862.9,13.84,8.36,4.04
2023,9,Middle East,Hatchback,Prius,Corporate,761,38836,29554196,19051893.07,4686429.53,5815873.4,19.68,7.07,4.45
2017,9,Japan,Sedan,Hilux,Fleet,1238,42831,53024778,42784748.18,7225307.65,3014722.17,5.69,14.64,3.99
2019,12,Europe,Pickup,Land Cruiser,Online,1153,19007,21915071,16156368.22,3061154.17,2697548.61,12.31,5.17,3.3
2016,2,North America,SUV,Yaris,Corporate,1535,44331,68048085,49245772.71,8782168.01,10020144.28,14.73,14.22,4.01
2020,3,Latin America,Pickup,Land Cruiser,Online,2467,58456,144210952,120537495.18,16216476.34,7456980.49,5.17,11.22,4.43
2024,5,North America,SUV,Fortuner,Fleet,2474,28763,71159662,55709705.7,8642091.35,6807864.95,9.57,6.87,4.71
2016,5,North America,EV,Corolla,Corporate,1450,21908,31766600,20519995.05,2356327.57,8890277.37,27.99,12.07,4.23
2024,1,Middle East,Sedan,Land Cruiser,Online,728,45573,33177144,26091787.24,4185507.58,2899849.18,8.74,10.99,3.43
2023,8,Middle East,Pickup,Yaris,Fleet,324,37187,12048588,7722599.9,1522324.99,2803663.12,23.27,9.4,3.92
2021,12,Europe,Pickup,Fortuner,Fleet,2236,29957,66983852,41934806.74,10061515.25,14987530.01,22.37,7.7,4.31
2022,8,Japan,Sedan,Camry,Corporate,375,22379,8392125,5948318.87,969366.57,1474439.56,17.57,13.87,4.49
2018,4,Europe,Pickup,Fortuner,Fleet,2239,45959,102902201,86292468.41,7917603.4,8692129.19,8.45,9.81,4.33
2016,7,Asia,SUV,Prius,Dealer,1692,34482,58343544,38417733.98,5691858.04,14233951.98,24.4,7.78,3.99
2020,11,North America,Pickup,Hilux,Online,2470,45105,111409350,85560348.2,14372546.7,11476455.1,10.3,6.14,4.49
2017,10,Latin America,Hatchback,Camry,Online,2228,18877,42057956,27680323.23,3849703.4,10527929.37,25.03,7.37,3.81
2020,3,North America,EV,Prius,Fleet,1707,36252,61882164,48234246.7,5894121.66,7753795.64,12.53,8.24,4.18
2023,6,North America,Hybrid,Prius,Fleet,107,49334,5278738,3859696.07,759305.35,659736.58,12.5,12.41,4.44
2024,10,Europe,SUV,Prius,Dealer,2065,37049,76506185,58878683.82,9378799.56,8248701.62,10.78,11.65,4.36
2017,10,Latin America,Hatchback,Corolla,Corporate,1640,35772,58666080,38991359.87,6791623.59,12883096.54,21.96,8.37,4.37
2018,12,Latin America,EV,Prius,Fleet,137,20637,2827269,2216686.99,278940.27,331641.73,11.73,8.47,4.36
2018,9,Latin America,Sedan,Corolla,Fleet,1601,25242,40412442,33907501.49,5487343.76,1017596.75,2.52,11.98,3.63
2016,1,Europe,SUV,Prius,Fleet,376,60025,22569400,17298161.13,2164284.92,3106953.95,13.77,10.17,4.11
2023,5,North America,Hybrid,RAV4,Fleet,2261,59381,134260441,97817538.7,18304493.43,18138408.87,13.51,10.13,3.69
2021,4,Europe,EV,Yaris,Online,2376,53651,127474776,104924268.55,9727489.66,12823017.79,10.06,7.74,3.97
2023,8,Middle East,Hybrid,Camry,Fleet,981,51972,50984532,31788213.57,7535958.45,11660359.98,22.87,9.19,3.57
2024,11,Middle East,Sedan,RAV4,Online,2044,34928,71392832,55728043.42,8207390.05,7457398.53,10.45,9.51,4.26
2020,12,Europe,Sedan,Prius,Fleet,1178,46742,55062076,44904457.34,6027409.88,4130208.79,7.5,9.27,3.22
2018,1,Latin America,SUV,Camry,Corporate,1757,29831,52413067,33207263.44,6551219.68,12654583.88,24.14,11.34,4.38
2020,9,North America,Pickup,Camry,Dealer,1271,37556,47733676,34321186.92,6022905.72,7389583.36,15.48,11.41,4.11
2020,6,Europe,Sedan,Land Cruiser,Corporate,850,43343,36841550,24501041.04,3016702.75,9323806.21,25.31,7.2,4.96
2020,4,Europe,EV,Hilux,Fleet,1606,40834,65579404,48832653.68,9053959.61,7692790.71,11.73,8.25,4.01
2018,12,Europe,Pickup,RAV4,Fleet,1458,64762,94422996,72035251.8,8954467.61,13433276.59,14.23,7.78,4.01
2025,9,Asia,Hatchback,Hilux,Fleet,1328,57288,76078464,52233731.2,11521822.36,12322910.43,16.2,12.97,4.41
2019,11,Middle East,Hybrid,Camry,Corporate,1634,51422,84023548,60597443.98,12066332.66,11359771.36,13.52,15.13,4.03
2024,5,Latin America,Pickup,Corolla,Fleet,225,41205,9271125,6317851.58,937903.57,2015369.85,21.74,8.34,4.22
2025,5,Japan,Hybrid,Camry,Corporate,2063,36830,75980290,53282398.32,10842124.22,11855767.47,15.6,12.08,4.55
2024,12,Latin America,Pickup,Hilux,Online,1344,26412,35497728,23254518.68,3623435.73,8619773.59,24.28,11.61,3.98
2017,5,Japan,Hatchback,RAV4,Dealer,1987,21666,43050342,35078412.16,3404648.84,4567281.0,10.61,10.73,4.64
2023,1,Asia,Sedan,Prius,Dealer,2471,55045,136016195,84629588.05,21296047.69,30090559.26,22.12,11.66,3.34
2023,1,Europe,Hatchback,Land Cruiser,Corporate,1852,38786,71831672,58480320.64,9247191.49,4104159.87,5.71,9.45,4.82
2022,8,Asia,Sedan,Land Cruiser,Online,1138,23515,26760070,19956840.1,2971677.87,3831552.03,14.32,5.14,3.3
2023,12,Asia,Sedan,Land Cruiser,Corporate,2128,59973,127622544,88437921.2,13502414.32,25682208.49,20.12,6.25,4.71
2018,8,North America,Hybrid,Prius,Online,2099,44627,93672073,72977342.42,9294469.07,11400261.51,12.17,8.66,3.26
2021,12,Middle East,EV,Land Cruiser,Fleet,232,33198,7701936,5635548.73,1219449.71,846937.56,11.0,12.56,4.99
2016,6,Japan,Hatchback,RAV4,Online,587,21985,12905195,9418261.7,1059868.23,2427065.07,18.81,10.27,4.17
2022,12,Europe,Pickup,Prius,Online,570,63903,36424710,23465938.36,3581731.17,9377040.47,25.74,8.16,3.67
2016,11,Japan,Hatchback,Land Cruiser,Online,424,58935,24988440,17634180.33,2841055.38,4513204.3,18.06,13.03,4.94
2024,4,Latin America,Hybrid,Prius,Dealer,2015,47475,95662125,64383877.57,10811729.45,20466517.98,21.39,5.33,3.61
2016,2,Japan,Sedan,Hilux,Online,1841,58216,107175656,66818994.9,12049007.02,28307654.09,26.41,13.25,4.0
2016,2,Latin America,Hybrid,Yaris,Fleet,300,37403,11220900,7845899.23,962983.74,2412017.04,21.5,5.64,5.0
2022,9,Middle East,SUV,Yaris,Fleet,2018,21681,43752258,27990982.58,3633359.34,12127916.09,27.72,10.92,4.28
2017,5,Latin America,SUV,RAV4,Fleet,2022,44019,89006418,60213073.93,8271284.79,20522059.28,23.06,7.48,3.19
2020,4,Japan,Pickup,Fortuner,Online,802,45586,36559972,23411311.76,5568352.59,7580307.65,20.73,10.14,3.98
2023,10,Japan,Hybrid,Corolla,Corporate,607,60292,36597244,23503012.05,2934175.51,10160056.44,27.76,13.18,3.94
2023,1,Latin America,Pickup,Land Cruiser,Corporate,1602,55521,88944642,59039895.47,12289326.36,17615420.17,19.8,11.48,4.18
2018,7,Asia,Pickup,Corolla,Fleet,1744,57850,100890400,84744589.85,13940970.44,2204839.72,2.19,10.44,4.08
2022,3,Middle East,SUV,Prius,Dealer,560,54770,30671200,19030881.86,4382280.7,7258037.44,23.66,10.02,4.35
2018,6,North America,Pickup,Corolla,Corporate,1951,23629,46100179,35059554.01,6905594.48,4135030.52,8.97,10.05,3.41
2021,5,Europe,SUV,RAV4,Online,1542,45710,70484820,45890806.46,6602542.59,17991470.95,25.53,10.46,3.85
2021,5,Japan,Sedan,RAV4,Corporate,1505,48328,72733640,59826196.6,6561327.28,6346116.11,8.73,13.62,4.24
2018,11,Europe,Hybrid,Camry,Fleet,424,30278,12837872,8223931.0,1436500.23,3177440.76,24.75,8.51,3.76
2022,5,North America,Pickup,Yaris,Dealer,124,26417,3275708,2719210.75,307451.48,249045.77,7.6,11.14,4.59
2018,1,Europe,SUV,Land Cruiser,Corporate,2148,52765,113339220,85503538.85,15424096.33,12411584.82,10.95,7.5,3.77
2023,1,North America,Hatchback,Camry,Corporate,1737,26963,46834731,29050599.03,5958996.48,11825135.49,25.25,12.23,4.16
2025,3,Latin America,Pickup,Corolla,Fleet,1967,55292,108759364,88821769.62,16177834.88,3759759.5,3.46,11.46,4.05
2019,12,Asia,EV,Fortuner,Dealer,2175,43009,93544575,68734364.42,7244695.0,17565515.58,18.78,14.95,3.64
2016,10,Japan,Sedan,Camry,Dealer,1594,45675,72805950,49346951.32,11092532.53,12366466.16,16.99,13.78,4.13
2019,4,North America,Sedan,Camry,Fleet,2414,54175,130778450,103158226.94,12607222.58,15013000.47,11.48,11.77,3.51
2022,5,Europe,Hatchback,RAV4,Online,1081,24731,26734211,22025418.76,3052044.13,1656748.12,6.2,5.6,3.9
2019,2,Japan,SUV,Fortuner,Corporate,1113,58563,65180619,47347982.58,7135650.17,10696986.25,16.41,14.85,4.11
2021,8,Asia,Pickup,Prius,Online,2120,29332,62183840,42870892.69,8607987.63,10704959.69,17.22,12.44,3.46
2024,11,Latin America,SUV,Corolla,Corporate,353,37177,13123481,10414373.62,1415104.93,1294002.46,9.86,13.26,4.38
2016,11,Japan,Sedan,Camry,Corporate,1035,41718,43178130,33246849.63,6689146.53,3242133.84,7.51,12.8,4.22
2020,2,North America,SUV,Fortuner,Online,1859,20911,38873549,31702372.29,5878770.99,1292405.72,3.32,8.65,4.34
2022,9,Asia,Sedan,Yaris,Fleet,460,36799,16927540,13074037.7,2513646.65,1339855.65,7.92,6.78,4.1
2016,2,Europe,SUV,Land Cruiser,Fleet,1432,33194,47533808,32017643.41,3632212.75,11883951.84,25.0,7.0,3.58
2019,9,Asia,Hatchback,Fortuner,Corporate,558,22951,12806658,10565045.06,1881083.24,360529.7,2.82,9.44,4.1
2021,7,Asia,Hybrid,Yaris,Fleet,2142,58866,126090972,81084547.72,17696513.62,27309910.67,21.66,5.12,4.38
2017,8,Middle East,Hatchback,Corolla,Corporate,595,46333,27568135,18717313.72,2186598.75,6664222.53,24.17,7.58,3.56
2025,11,Asia,Hatchback,Fortuner,Fleet,270,39673,10711710,7867138.43,853372.9,1991198.67,18.59,9.72,3.6
2020,2,Asia,Hybrid,Yaris,Corporate,1271,58870,74823770,55703546.67,5918915.1,13201308.23,17.64,9.67,3.99
2025,7,Japan,Hybrid,Fortuner,Fleet,1240,23565,29220600,18215196.6,2075245.07,8930158.34,30.56,10.08,3.93
2016,12,Europe,Pickup,Fortuner,Dealer,2281,40821,93112701,73719746.28,11115523.05,8277431.67,8.89,6.42,4.09
2021,6,Japan,Pickup,Land Cruiser,Online,1491,43494,64849554,45365739.61,10220645.49,9263168.9,14.28,9.79,3.97
2021,4,Japan,Hatchback,Yaris,Dealer,351,51941,18231291,12933498.05,1995991.33,3301801.62,18.11,11.95,4.17
2019,7,North America,Hatchback,Yaris,Online,222,26624,5910528,4716963.66,701391.57,492172.77,8.33,14.82,4.65
2023,4,Japan,Sedan,Camry,Online,1992,64024,127535808,89714088.0,20038079.47,17783640.52,13.94,15.15,4.34
2019,2,Middle East,Sedan,Corolla,Corporate,1172,18835,22074620,13915608.06,2052197.97,6106813.97,27.66,10.04,4.13
2023,10,Middle East,Pickup,Land Cruiser,Online,2374,36646,86997604,57315478.68,12811469.24,16870656.08,19.39,10.88,3.6
2023,12,North America,EV,Fortuner,Dealer,867,29824,25857408,21469372.19,3081560.27,1306475.53,5.05,12.04,3.78
2020,7,Latin America,EV,Fortuner,Dealer,2206,55335,122069010,77573535.04,14801219.79,29694255.17,24.33,11.19,4.48
2019,8,Europe,Pickup,Camry,Fleet,1761,21815,38416215,26817778.23,3875644.71,7722792.06,20.1,8.73,3.89
2017,2,Europe,Sedan,Corolla,Dealer,702,20429,14341158,10479075.79,1728720.36,2133361.85,14.88,7.39,3.66
2018,5,Japan,Sedan,RAV4,Fleet,1017,59950,60969150,44417353.81,4669189.8,11882606.4,19.49,12.19,5.0
2018,1,Japan,EV,Land Cruiser,Online,1198,59886,71743428,44543427.34,9959273.56,17240727.11,24.03,15.01,4.79
2019,7,Latin America,SUV,Camry,Dealer,696,62398,43429008,31714285.02,4152764.2,7561958.78,17.41,8.82,4.04
2019,8,Japan,SUV,Corolla,Online,1111,20607,22894377,16127484.63,3431517.97,3335374.4,14.57,9.74,3.61
2025,6,Europe,Sedan,Land Cruiser,Dealer,146,43650,6372900,5314090.17,657087.81,401722.02,6.3,5.19,4.43
2020,5,Asia,SUV,Fortuner,Dealer,270,56698,15308460,10027270.9,1268369.75,4012819.35,26.21,9.2,3.88
2019,6,Middle East,Hybrid,Corolla,Fleet,600,50353,30211800,21085235.87,4006971.15,5119592.99,16.95,6.94,4.5
2025,2,Asia,Pickup,Corolla,Online,1069,54790,58570510,41718949.99,4967484.03,11884075.98,20.29,8.41,3.88
2023,1,Asia,Pickup,Prius,Dealer,1220,29991,36589020,25830113.0,5043110.23,5715796.77,15.62,13.14,4.84
2021,7,Europe,Sedan,Corolla,Corporate,2394,39168,93768192,71871704.68,14733805.51,7162681.82,7.64,9.37,3.87
2021,7,Asia,Hatchback,RAV4,Online,1714,49099,84155686,56166584.44,11795240.6,16193860.96,19.24,7.62,5.0
2023,10,Latin America,EV,Corolla,Online,1267,57385,72706795,48614361.8,5236374.81,18856058.39,25.93,10.27,4.19
2022,11,North America,Sedan,RAV4,Online,455,53919,24533145,19146314.25,3041857.8,2344972.95,9.56,14.3,4.72
2025,10,Japan,SUV,Fortuner,Fleet,732,49416,36172512,26408245.69,4796003.42,4968262.89,13.73,12.2,3.86
2025,2,North America,EV,RAV4,Corporate,628,23580,14808240,10533608.28,2136699.45,2137932.27,14.44,3.61,3.51
2023,2,Middle East,Hatchback,Land Cruiser,Online,1177,25054,29488558,19380607.84,2212827.52,7895122.64,26.77,11.13,3.06
2017,1,Japan,SUV,Fortuner,Dealer,152,42090,6397680,4230504.22,724279.46,1442896.32,22.55,13.37,4.67
2024,10,Asia,Hybrid,Fortuner,Dealer,2435,58387,142172345,88476887.11,16802408.07,36893049.82,25.95,9.73,4.13
