Year,Month,Region,Vehicle_Type,Model,Sales_Channel,Units_Sold,Average_Price_USD,Revenue_USD,Cost_USD,Operating_Expenses_USD,Profit_USD,Profit_Margin_Percent,Market_Share_Percent,Customer_Satisfaction,Date,Region_Encoded,Vehicle_Type_Encoded,Model_Encoded,Sales_Channel_Encoded
2016,1,Europe,Pickup,Camry,Online,-0.3006328527127366,-1.2437322594192983,-0.7720800636543981,-0.8546217285385187,-0.815203043692964,-0.18475438824173382,1.6044346248345551,-1.2502214711493835,0.5198530169854108,2016-01-01,1,3,0,3
2016,1,Japan,Hatchback,Land Cruiser,Fleet,0.07431313703334155,0.35286343067712783,0.2367206593603652,0.038541567965496154,0.05808075053095112,1.0135903610210741,1.323106982972226,1.3486901036932057,-0.24829138012471083,2016-01-01,2,1,4,2
2016,1,Europe,Hybrid,RAV4,Fleet,-0.9115487124534508,1.201630701305427,-0.43875839164546004,-0.27450492820753397,-0.5030385177468678,-0.8676554753419121,-1.3920654374631776,-1.2130410480472007,-2.326799748775626,2016-01-01,1,2,6,2
2016,1,Middle East,Pickup,Fortuner,Corporate,-0.9477404103053889,-0.6660683904888289,-0.9395385414058166,-1.0024562472334686,-0.9704239334287507,-0.3787094085482372,1.7689030923848401,0.48982233003277964,-0.4516237205362131,2016-01-01,4,3,2,0
2016,1,North America,SUV,Hilux,Online,1.5740970960176541,1.0035703228107764,2.193656947362869,1.7176951306448278,2.2481062874366606,3.2202688892390214,1.1225708690293348,-1.6443339560325232,-0.5645861318759373,2016-01-01,5,4,3,3
2016,1,Europe,SUV,Prius,Fleet,-1.3241340679655447,1.3729698130202213,-0.8810296772219928,-0.8318549024678669,-0.910066539703328,-0.7588218952373856,-0.2941662812722414,0.03993921049636539,0.04541088935857143,2016-01-01,1,4,5,2
2016,1,Europe,Pickup,Hilux,Corporate,1.3786619276171888,1.5879145084362098,2.4900386609082967,1.9082113552670639,3.2476149870683675,3.365086648078428,0.9754148717475011,-1.9343412562295503,-2.7786493941345207,2016-01-01,1,3,3,0
2016,1,North America,Hatchback,Fortuner,Dealer,-0.656759159575807,-1.0319441971668641,-0.8738858385517927,-0.7742645945349432,-0.9723987557044266,-0.8978167852354481,-0.9289568577821127,1.1850962420436009,0.7457778396648572,2016-01-01,5,1,2,1
2016,1,Japan,Hybrid,Yaris,Dealer,0.9588382325347075,-1.3914333274442194,-0.2810244058541533,-0.2659740863047063,0.1486662183965646,-0.5206579372287675,-0.7067801560036576,1.5977989384778317,-0.7905109545553839,2016-01-01,2,2,7,1
2016,1,Middle East,Hybrid,Corolla,Fleet,-0.28326083774380634,0.4213550293189029,-0.058013031228655136,-0.18054016989078076,-0.35122689923295103,0.6059029281005509,1.2538571018984217,-0.9750863401932296,1.4009598254352544,2016-01-01,4,2,1,2
2016,2,Japan,Sedan,Hilux,Corporate,0.3421317011376831,0.9998264090586536,0.8616183887189343,1.00634916431262,0.376422728624755,0.3511881338226139,-0.41535357315139865,1.3226638075216777,-0.33866130919648985,2016-02-01,2,5,3,0
2016,2,Latin America,Hybrid,Yaris,Fleet,-1.4341568294354363,-0.2877128713037179,-1.2035047797409018,-1.1950207890404703,-1.1791815350591555,-0.8584763387877253,0.821045345187146,-1.6443339560325232,2.0561418112056518,2016-02-01,3,2,7,2
2016,2,Japan,Sedan,Hilux,Online,0.7966994261580249,1.24017098993022,1.523112815384171,1.0707878395721697,1.304304832207874,2.8549762976527693,1.529413920337934,1.1850962420436009,-0.20310641558882134,2016-02-01,2,5,3,3
2016,2,Asia,Pickup,RAV4,Corporate,-1.059210839689358,1.4587861890247604,-0.5503269343952071,-0.41960778126309195,-0.8413439274949934,-0.6725582139194967,-0.7168790969935874,-2.83038945299216,0.542445499253355,2016-02-01,0,3,6,0
2016,2,North America,Pickup,Camry,Online,0.871978157690056,-0.07489706802128931,0.6455244652109405,0.5123377156332616,0.9397262842135771,0.7438988342880395,0.2886868844322765,0.05852942204745714,-1.7619876920770077,2016-02-01,5,3,0,3
2016,2,Latin America,Pickup,Corolla,Fleet,0.0019297413294654577,0.45284795088087665,0.2211845116402433,0.1405726514671046,0.3296216114410431,0.38055091545053404,0.317541001546362,0.06596550666789357,-1.1519906708424998,2016-02-01,3,3,1,2
2016,2,Europe,SUV,Land Cruiser,Fleet,0.2046032493003185,-0.5966958709642015,-0.17164958037008557,-0.26631684515843856,-0.5812219520761519,0.49980579913915263,1.3259923946836345,-1.1386802018428348,-1.1519906708424998,2016-02-01,1,4,4,2
2016,2,Middle East,Hatchback,Land Cruiser,Corporate,-1.661440691945607,1.1414344409771788,-1.2912621939752909,-1.2517158175880356,-1.1822769481177098,-1.0877605178200669,-0.8380663888727446,-0.5586656014487802,-0.38384627373237934,2016-02-01,4,1,4,0
2016,2,Asia,EV,Fortuner,Online,-1.5007495534830022,1.1702111898170242,-1.109053915026375,-1.1396945797813067,-1.0532852663868966,-0.6689124890134889,1.4226536870158195,-0.4954588821750692,0.06800337162651568,2016-02-01,0,0,2,3
2016,2,Middle East,Hatchback,Corolla,Dealer,1.484341685344848,-0.7960042207095598,0.4834892295810485,0.5395455413115411,0.4388363600647048,0.1452653293958023,-0.3576453389232285,0.025067041255492514,-0.4968086850721026,2016-02-01,4,1,1,1
2016,2,North America,SUV,Yaris,Corporate,0.35371304445030327,0.22087211839640808,0.411277112908876,0.395606080530062,0.5724689032659028,0.23253447910419225,-0.15566651912463306,1.545746346134776,-0.1805139333208771,2016-02-01,5,4,7,0
2016,2,North America,EV,Yaris,Online,1.2165231212405063,-0.2551922087117497,0.7693638839263441,0.8151481711935172,0.9638347054999492,0.22323313503430733,-0.5004732186379496,0.8207280956422076,-0.6549560609477163,2016-02-01,5,0,7,3
2016,3,Middle East,Pickup,Land Cruiser,Corporate,-1.3284770717077772,-1.664078340687041,-1.3246395392319184,-1.3141496798248622,-1.258974836872983,-0.9740794474945481,1.0489928703884177,-1.3766349096968056,-1.0164357772348314,2016-03-01,4,3,4,0
2016,3,Europe,Sedan,RAV4,Online,1.1224247068254674,0.7048647334502376,1.4672285350985768,1.4084317764588088,0.6273519482419879,1.746084850026192,0.5411604091805208,-1.8860067061967125,-0.15792145105293284,2016-03-01,1,5,6,3
2016,3,Japan,Hybrid,Camry,Online,-1.2097683027534203,-0.68955961403156,-1.1095400216993971,-1.0513339167357054,-0.9690454288942574,-1.0550823692286815,-1.2463521460370481,1.0363745496348689,-0.4742162028041583,2016-03-01,2,2,0,3
2016,3,Europe,SUV,Fortuner,Dealer,-0.3990742708700081,-0.5598440140315423,-0.5504975988412333,-0.6186444183924242,-0.4004038046322353,-0.21280285077450276,0.6363789956570015,-0.0158314241569092,1.0620725914160827,2016-03-01,1,4,2,1
2016,3,Latin America,Sedan,Hilux,Online,-0.6379394766927992,1.1315974911186601,-0.15196770171132873,-0.16418062512575335,-0.022433623292396444,-0.13977143805870884,-0.060447932648152354,-0.4582784590728864,0.542445499253355,2016-03-01,3,5,3,3
2016,3,Middle East,SUV,Hilux,Corporate,0.27988198083234966,-1.164082329594726,-0.44852459779251264,-0.4288277828053102,-0.7555700285061797,-0.1793026748438024,0.44882723441544903,0.958295661120285,-0.4064387560003236,2016-03-01,4,4,3,0
2016,3,Latin America,Sedan,Hilux,Corporate,1.1832267592167234,0.8304693693302774,1.6304934299421447,1.6047702123045713,1.462822537572572,1.3023980092158076,-0.008510521842799337,0.18122481828466097,0.4294830879136317,2016-03-01,3,5,3,0
2016,4,Middle East,Hybrid,Land Cruiser,Fleet,0.40438142144301653,-0.3918083556274446,0.08302979556420342,-0.06816458313447761,0.06912043134507896,0.6291811288625679,0.9840711068817264,0.6273898955108563,-0.7905109545553839,2016-04-01,4,2,4,2
2016,4,North America,Sedan,Prius,Online,0.3088353391139001,-0.16834809167721604,0.145634208633435,0.0908032031219485,0.3951633067944918,0.1430853432584723,0.02899983040551146,-0.7073872938575122,1.4913297545070334,2016-04-01,5,5,5,3
2016,4,Japan,Hatchback,Prius,Fleet,-0.193505427071,1.4385984187927259,0.48047486809271894,0.3882156428149109,0.15070568824493324,0.8793087611272593,0.6940872298851719,1.8654979848135493,-0.5871786141438816,2016-04-01,2,1,5,2
2016,4,Japan,Hybrid,Land Cruiser,Corporate,0.8184144448691878,0.011139538203962946,0.6649624238555967,0.5928204415382851,0.007267836801404559,1.1384944509939958,0.7806495812274268,0.307638256832083,1.3783673431673102,2016-04-01,2,2,4,0
2016,4,Middle East,Hatchback,Land Cruiser,Online,0.7054963475711411,-1.0397990750389647,-0.1502492931683734,-0.30387473784457464,-0.11043215776020043,0.4466175767108369,1.1586385154219412,0.22955936831749846,-0.4968086850721026,2016-04-01,4,1,4,3
2016,5,Asia,Pickup,Camry,Fleet,0.2900156562308923,-0.3580397217847688,0.02173849849818826,0.02579383378693411,-0.26654708726956444,0.18405628298005444,0.290129590287981,-0.9267517901603918,-0.6775485432156606,2016-05-01,0,3,0,2
2016,5,Asia,Pickup,RAV4,Online,-0.9984087872981021,1.5603857308470719,-0.45365879583395613,-0.496121438773904,-0.19218755305671617,-0.3146849683669674,0.09969241733501961,0.9322693649487568,1.1298500382199175,2016-05-01,0,3,6,3
2016,5,Middle East,EV,Yaris,Dealer,0.21618459261293868,-0.5265892507038636,-0.12502653156115887,-0.0699984662566936,-0.28744878464451823,-0.18568924469057171,-0.19606228308435228,0.3596908491751387,1.6494771303826472,2016-05-01,4,0,7,1
2016,5,Middle East,SUV,Corolla,Corporate,-0.9216823878519935,0.7299709786115313,-0.569634862985748,-0.521775798177756,-0.29139862857330323,-0.7407040879049637,-0.8900037996780976,0.8988069841567922,-0.42903123826826883,2016-05-01,4,4,1,0
2016,5,North America,EV,Corolla,Corporate,0.2306612717537139,-1.4252019612868951,-0.6196851812192692,-0.7080686400552176,-0.8670452243801625,0.07051076647394527,1.7573614455392057,0.7463672494378419,0.3165206765739084,2016-05-01,5,0,1,0
2016,5,Europe,Sedan,Camry,Dealer,-0.8739093466874353,0.1572255846103213,-0.6738690684895108,-0.5923848282256048,-0.8440065100674602,-0.6494500663187494,-0.4110254555842857,-1.2539395134596019,1.6494771303826472,2016-05-01,1,5,0,1
2016,5,Middle East,SUV,Hilux,Fleet,-0.42368462540932594,-0.19264682602922842,-0.42492414297060094,-0.4513296511243844,-0.17859783263071913,-0.34555206068547734,-0.04313546237970143,-0.5884099399305266,-0.04495903971320757,2016-05-01,4,4,3,2
2016,5,Middle East,Sedan,Corolla,Corporate,1.2918018527725375,0.3450085528050272,1.3324542594416282,1.723233659230781,1.8729833345744658,-0.9063691933058888,-1.9821321324462169,0.028785083565710735,-0.06755152198115383,2016-05-01,4,5,1,0
2016,5,Europe,Hybrid,Camry,Online,1.717416219511329,-1.572095518502535,-0.1211881728024549,-0.27750888310446564,-0.49678282451787037,0.7421821270756991,1.6909969761768104,0.7426492071276237,-0.5645861318759373,2016-05-01,1,2,0,3
2016,6,Latin America,Sedan,RAV4,Fleet,-1.516673900537855,-0.7679615726054246,-1.3092586830864774,-1.260042375502965,-1.168512035413147,-1.1563141617512207,-1.6358827270771963,-1.7447210984084172,-0.33866130919648985,2016-06-01,3,5,6,2
2016,6,North America,Sedan,Fortuner,Fleet,-0.30352818854089164,1.0956999651424244,0.20543416668499892,0.3066409466899865,0.36810003802042085,-0.34338930127496464,-0.8568215649969,-0.4657145436933228,0.40689060564568547,2016-06-01,5,5,2,2
2016,6,Japan,Hatchback,RAV4,Online,-1.0186761380951874,-1.4195493856219255,-1.1556444279061142,-1.134608962064851,-1.1574775115299338,-0.8563184406611475,0.4329574700027018,0.07711963359854823,0.18096578296623894,2016-06-01,2,1,6,3
2016,6,North America,SUV,Hilux,Dealer,1.217970789154584,0.5143655925334034,1.4055223410001891,1.4936745558018794,2.175458549620876,0.12554367694272503,-0.9823369744431699,-0.5735377706896537,-0.9034733658951081,2016-06-01,5,4,3,1
2016,6,Japan,Pickup,Yaris,Corporate,0.8922455084871413,0.07368492088648422,0.7712352255443099,0.598061848569594,1.3480706340678932,0.7969590601141541,0.21366617993565545,-0.3095567666641544,0.6102229460571897,2016-06-01,2,3,7,0
2016,6,Asia,Hybrid,RAV4,Online,-0.34551055804913977,-1.1284050338392033,-0.7465937183972768,-0.6297296354282667,-0.8278719607252103,-0.8874021555202153,-1.1121805014565527,-0.8338007324049344,0.11318833616240417,2016-06-01,0,2,6,3
2016,6,Asia,SUV,RAV4,Dealer,-0.4222369574952484,-0.7823499470253473,-0.6518592369934748,-0.6065075279089438,-0.3988512592798582,-0.7706211362058587,-0.8568215649969,-0.804056393923188,0.5876304637892434,2016-06-01,0,4,6,1
2016,7,Asia,SUV,Prius,Dealer,0.5809969069604742,-0.5021436962047092,0.1355161882162774,-0.020418605076981736,-0.11982106287282808,0.8367974784196798,1.239430043341379,-0.8486729016458076,-0.22569889785676558,2016-07-01,0,4,5,1
2016,7,Middle East,SUV,Land Cruiser,Fleet,0.5115088470847532,1.1922342118883347,1.1667212373165174,1.0506578955476624,0.09806662283925842,1.9037086618891885,1.0230241649857412,0.06596550666789357,-0.7905109545553839,2016-07-01,4,4,4,2
2016,7,Middle East,Pickup,Corolla,Corporate,1.5465914056501813,-0.14544414872305333,1.1147730656554828,1.1726838895819567,0.5708378076852049,0.8834738962966235,-0.017166756977024925,-0.39135369748895715,0.1583733006982947,2016-07-01,4,3,1,0
2016,7,Europe,EV,Corolla,Corporate,-1.661440691945607,-0.435340529255068,-1.3785408043609384,-1.3711999598326141,-1.2653543591694196,-1.0290791148116527,1.2033623969487728,0.6980326994050038,0.13578081843035045,2016-07-01,1,0,1,0
2016,7,Asia,SUV,Prius,Online,1.196255770443421,-1.4834895597022963,-0.252221328084699,-0.24384451341060145,-0.44241359086872345,-0.07953194192490307,0.25117653218396624,0.4452058223101597,0.49726053471746445,2016-07-01,0,4,5,3
2016,7,North America,SUV,Hilux,Dealer,-1.3994127994975758,1.5651573856291892,-0.9456204016642056,-0.8460984955416796,-0.7085090306788707,-1.160641573461566,-2.0643663662213596,-1.2018869211165457,0.1583733006982947,2016-07-01,5,4,3,1
2016,7,Middle East,Sedan,RAV4,Corporate,-1.5398365871630952,0.7423038709714651,-1.190586509823561,-1.126760701348155,-1.12734328367553,-1.081237116453597,-1.2203834406343717,-0.6367444899633647,0.13578081843035045,2016-07-01,4,5,6,0
2016,7,Asia,SUV,Camry,Fleet,-0.3744639163306902,-1.2715546773027202,-0.8185256850905329,-0.8699819954187983,-0.9339728348360742,-0.28578654690536026,1.4500650982742,-1.2353493019085104,1.1976274850237523,2016-07-01,0,4,0,2
2016,7,Asia,EV,Corolla,Online,-1.0765828546582883,1.6089831995510966,-0.5393916228031234,-0.4631994130666065,-0.5518980680370689,-0.6399554066250601,-0.6389729807855576,0.46007799155103324,0.27133571203801793,2016-07-01,0,0,1,3
2016,7,North America,EV,Corolla,Online,-1.098297873369451,-0.5682861724922111,-1.014705687670997,-1.0361233598065416,-1.0464964222199324,-0.5836899828619061,1.214904043794407,-1.2093230057369826,-1.694210245273174,2016-07-01,5,0,1,3
2016,8,North America,EV,Fortuner,Dealer,1.4220919650395143,0.9847039339030205,2.012978084411034,2.2545828187437036,3.0628472981221093,-0.21692162449560284,-1.4829559063725457,0.8690626456750458,-1.0616207417707209,2016-08-01,5,0,2,1
2016,8,Japan,Sedan,Prius,Corporate,-0.9144440482816059,0.013635480705378115,-0.7450785954765112,-0.6496874354468877,-0.7900112928017785,-0.8295021888472632,-0.9015454465237317,2.2670465543171257,0.5876304637892434,2016-08-01,2,5,5,0
2016,8,Japan,Hatchback,Camry,Dealer,-0.5119923681680548,0.020389207473913276,-0.4147344014309375,-0.5656223844266313,-0.10631884673808319,0.08618333508104585,1.0504355762441222,0.2630217491094631,2.0561418112056518,2016-08-01,2,1,0,1
2016,8,North America,Sedan,Prius,Fleet,0.1380105252527525,1.6818794026071338,1.007405039234304,0.990591114247046,0.9513801124878933,0.7776755111581134,-0.040250050668292986,-0.3764815282480836,1.355774860899366,2016-08-01,5,5,5,2
2016,8,North America,Sedan,Fortuner,Fleet,1.2281044645531265,1.0576001369590575,1.8649155385450855,2.2496768663391147,2.270263115038432,-0.4384606568261171,-1.634440021221492,-2.4362769681090204,0.1583733006982947,2016-08-01,5,5,2,2
2016,8,Japan,Sedan,Prius,Corporate,-0.5510794018481479,1.551870162312832,0.09280392968002747,-0.07831308021785291,-0.139958882575395,0.8502214307455446,1.3562892176534238,0.6422620647517292,-2.0330974792923446,2016-08-01,2,5,5,0
2016,8,Asia,Hatchback,Land Cruiser,Fleet,1.0558319827779015,1.3134342433541124,1.8765076780875347,1.947440336449368,0.8964122066516941,1.6275283994763632,0.1011351231907241,1.6015169807880498,-2.4171696778474048,2016-08-01,0,1,4,2
2016,8,North America,Hybrid,Corolla,Online,-0.9347113990786912,-1.5544036907719156,-1.153079488475452,-1.0894649981764908,-1.1612046732677022,-1.00948145234505,-0.7717019195103489,0.7463672494378419,1.3783673431673102,2016-08-01,5,2,1,3
2016,8,Japan,EV,Hilux,Dealer,-1.2821516984572965,-0.28903425262799654,-1.0921146873276588,-1.1137577699031567,-1.022578081553942,-0.6998896585819727,1.0706334582239818,0.6943146570947856,-1.6038403162013948,2016-08-01,2,0,3,1
2016,8,Japan,Sedan,Yaris,Dealer,0.17564989101876807,-0.01477421776661218,0.12754014015034468,0.03314548006680778,-0.47386935059601143,0.8232617309033827,1.2322165140628583,0.06596550666789357,0.4746680524495202,2016-08-01,2,5,7,1
2016,8,Middle East,Hatchback,RAV4,Fleet,1.1716454159041032,-1.0773850327073344,0.06768960222633208,0.292001526062645,0.451397496792793,-1.0372039564689373,-1.9806894265905128,-0.9676502555727932,0.9265176978084152,2016-08-01,4,1,6,2
2016,8,Latin America,Pickup,Yaris,Corporate,-1.7454054309621034,1.235839795589529,-1.381885639959705,-1.3525886280371058,-1.2511302130301325,-1.1245281405002931,-0.6562854510540088,-0.8189285631640612,0.8587402510045805,2016-08-01,3,3,7,0
2016,9,Middle East,Pickup,Camry,Fleet,0.34502703696583814,0.4025620504847181,0.5112516122670422,0.3396490075160134,-0.16352250838561855,1.4170378595299535,1.403898510891664,-0.15711703194520413,-1.0616207417707209,2016-09-01,4,3,0,2
2016,9,Latin America,SUV,Camry,Dealer,-0.5394980585355277,1.3079284878362847,0.02032075603971569,0.10388647799039666,-0.4633347085017572,0.011401584819330162,-0.027265697966954733,0.40430735689775865,0.9491101800763595,2016-09-01,3,4,0,1
2016,9,Europe,Pickup,RAV4,Fleet,1.6653001746045382,-0.8781500930355471,0.5141325622378737,0.21960607557605305,0.47598738321779804,1.4702517879688348,1.4731483919654682,-0.06416597418974669,-1.3779154935219473,2016-09-01,1,3,6,2
2016,9,Middle East,Pickup,Camry,Corporate,-1.5760282850150333,-0.17216541550290984,-1.2986275042892352,-1.3052270153794143,-1.2708224420908818,-0.8685272426501258,2.00983497028745,-1.4249694597296434,0.8135552864686919,2016-09-01,4,3,0,0
2016,9,Middle East,Sedan,Hilux,Online,-0.9520834140476214,-1.202842848440232,-1.073809433669266,-1.0825495661276807,-1.1185754325469872,-0.6625409604667766,1.173065573978984,-2.1499877102222116,-0.3160688269285446,2016-09-01,4,5,3,3
2016,9,North America,Sedan,Camry,Fleet,1.5871261072443519,-1.0706313059387993,0.29123575954816944,0.12186315925171133,-0.04137782854699866,1.0413838183803052,1.2596279253212386,0.158916564423351,0.00022592482268092738,2016-09-01,5,5,0,2
2016,9,North America,Hybrid,Hilux,Online,-0.7624389173034661,-1.6963053629847251,-1.1269143499638063,-1.1488471431486742,-0.9725457483972605,-0.77656875935944,0.8123891100529206,0.3039202145218648,-0.9260658481630524,2016-09-01,5,2,3,3
2016,9,Middle East,Hatchback,Corolla,Online,-0.6191197938097914,0.6791712077003755,-0.28214233469790345,-0.0991271226760051,-0.4828375962067652,-0.7447884856088108,-1.221826146490076,-1.094063694120215,-0.9486583304309976,2016-09-01,4,1,1,3
2016,9,North America,Sedan,RAV4,Fleet,1.0818900052312967,1.573379313869145,2.1118578136872737,1.6926072585949867,2.4799501873804455,2.7526938282331415,0.8325869920327797,0.5418749223758353,0.8587402510045805,2016-09-01,5,5,6,2
2016,9,Europe,Hatchback,Prius,Fleet,-1.0722398509160558,0.13681758415757375,-0.8474167945705748,-0.7434766494942726,-1.0216733336440602,-0.847609106330068,-0.7702592136546447,-0.08275618574083844,0.11318833616240417,2016-09-01,1,1,5,2
2016,9,Europe,Sedan,Corolla,Corporate,-1.0186761380951874,-0.44150697543503487,-0.933416899225277,-0.9428880636646003,-0.7132634118352568,-0.7347604971792363,-0.0012969925642779708,-0.6330264476531465,0.6102229460571897,2016-09-01,1,5,1,0
2016,9,Europe,Hybrid,Camry,Online,-0.1413893821642092,-0.2274432009018987,-0.2265650003573599,-0.2253273643030203,-0.07652710002974783,-0.25338209003351736,-0.18307793038301404,-0.7817481400618783,0.3842981233777412,2016-09-01,1,2,0,3
2016,10,Asia,Pickup,Land Cruiser,Corporate,0.5766539032182416,1.1964185860818837,1.243062973248854,1.1168398613050015,1.0862819237921053,1.409374041104552,0.42141582315706805,-0.6925151246166393,0.5650379815212992,2016-10-01,0,3,4,0
2016,10,Middle East,EV,Land Cruiser,Dealer,0.5621772240774664,-0.8661842510434686,-0.11381493451973901,0.026254278641360495,-0.25802321139387374,-0.507194182602933,-0.8654778001311254,0.0027587873941825477,0.22615074750212943,2016-10-01,4,0,4,1
2016,10,North America,EV,Corolla,Online,-0.6799218462010473,-0.5451619993173353,-0.7315855904467286,-0.7722473818847218,-0.5161674545225918,-0.479267491647716,0.34062429523763005,-1.1238080326019615,-1.1971756353783893,2016-10-01,5,0,1,3
2016,10,Japan,Hatchback,Yaris,Online,0.336341029481373,-0.5320215961481202,-0.04768862788251179,0.13238832561310424,0.25912855898790926,-0.9006564848869283,-1.6921482554496623,0.7091868263356591,0.45207557018157596,2016-10-01,2,1,7,3
2016,10,Asia,SUV,Land Cruiser,Online,0.0844468124318842,0.7501587488435657,0.45335286069071573,0.5331272135680211,0.7568437021784102,-0.18642826883321403,-0.8077695659029552,-1.4547137982113898,0.13578081843035045,2016-10-01,0,4,4,3
2016,10,Asia,Hybrid,Corolla,Online,0.020749424212473243,0.27915971681180934,0.15099081603535922,0.1663865742861699,-0.34928419240540465,0.36455432434408386,0.39977523532150394,-0.0009592549160356702,-0.7453259900194954,2016-10-01,0,2,1,3
2016,10,Japan,Pickup,Land Cruiser,Corporate,0.966076572105095,0.2768840045311073,0.9865796008076684,0.7971695423688591,0.09648745275885272,1.9417343260574793,1.3043518068480708,-0.07160205881018379,1.6720696126505914,2016-10-01,2,3,4,0
2016,10,Middle East,Pickup,RAV4,Corporate,-0.19061009124284495,-0.5232123873195961,-0.39618451736697696,-0.4881834687328656,-0.6651575328850153,0.24849417607699137,1.4067839226030723,0.37828106072623047,2.0561418112056518,2016-10-01,4,3,6,0
2016,10,Japan,Sedan,Camry,Dealer,0.43912545138087705,0.3195352572758783,0.5464749807897525,0.39949346960069637,1.0900358110667165,0.5689986933037043,0.17038500426452777,1.3821524844851705,0.09059585389445993,2016-10-01,2,5,0,1
2016,11,Japan,Pickup,Corolla,Fleet,-0.7783632643583188,-1.3020198578346995,-1.0176846148329537,-1.029827077316763,-1.1100606160234334,-0.5815340851751776,1.2466435726199003,0.5418749223758353,1.1298500382199175,2016-11-01,2,3,1,2
2016,11,Japan,Sedan,Camry,Corporate,-0.37012091258845764,0.029051596155295328,-0.2954190397338214,-0.219089443781964,0.10359109373120551,-0.7394370035683763,-1.1973001469431035,1.0177843380837779,0.2939281943059622,2016-11-01,2,5,0,0
2016,11,North America,EV,RAV4,Online,0.44636379095126466,-1.4853248115415723,-0.5641407806271347,-0.6734362633743242,-0.6374628514611124,0.07459607764029011,1.5351847437607509,0.11430005670073107,1.355774860899366,2016-11-01,5,0,6,3
2016,11,Japan,EV,Land Cruiser,Dealer,0.832891124009963,-0.7254571400077957,0.1447085401363071,0.38116823059562305,0.2851910852184629,-0.8749330081154062,-1.7152315491409302,0.31507434145251945,-2.4171696778474048,2016-11-01,2,0,4,1
2016,11,Middle East,Hatchback,Fortuner,Dealer,-0.884043022085978,-1.3042955701154015,-1.067209072886961,-1.0976128174954314,-1.103549300763206,-0.5826293238416697,1.6246325068144147,-0.7891842246823147,-0.5419936496079921,2016-11-01,4,1,2,1
2016,11,North America,SUV,Camry,Corporate,1.1528257330210954,-1.0756966010152007,0.05921045492348723,0.14568042699093622,0.25364455723452667,-0.40728646472557756,-0.8395090947284488,0.6571342339926027,0.6328154283251339,2016-11-01,5,4,0,0
2016,11,Asia,EV,Land Cruiser,Fleet,1.3135168714837002,1.5252957156801175,2.3562640197080174,2.7985167844880756,2.074346907601433,0.1180983108508908,-1.3055030861209225,0.10686397208029463,-0.6549560609477163,2016-11-01,0,0,4,2
2016,11,Middle East,Hybrid,Yaris,Online,-1.2112159706674979,0.6040727024372075,-0.8831110105575967,-0.9581911780710098,-0.6127969574301093,-0.48808454428715475,0.9220347550864435,-0.7222594630983857,0.49726053471746445,2016-11-01,4,2,7,3
2016,11,Japan,Hybrid,RAV4,Online,-1.3820407845286455,1.515385355748028,-0.9307332107569952,-0.8311726025238672,-0.7113972368195443,-1.1393725901060858,-1.9662623680334703,0.2146871990766256,-1.0390282595027767,2016-11-01,2,2,6,3
2016,11,Latin America,EV,RAV4,Corporate,-0.523573711480675,-0.20453925794773598,-0.505075054780178,-0.48397330513672016,-0.5533907665565231,-0.38828465226868825,0.013130065992764506,-1.3097101481128763,-0.5419936496079921,2016-11-01,3,0,6,0
2016,11,Latin America,Sedan,Camry,Corporate,0.3768757310755436,-0.6739966784345006,-0.10581382384285137,-0.21913482980734375,0.017870432997469637,0.2724543533127722,0.6998580533079888,-0.9750863401932296,1.265404931827587,2016-11-01,3,5,0,0
2016,11,Europe,Hatchback,RAV4,Online,0.8010424299002575,1.3759062159630626,1.624960332884165,1.8715995015605995,1.6522331803321662,0.15732895250998116,-1.0443733262384527,-0.2575041743210986,0.40689060564568547,2016-11-01,1,1,6,3
2016,11,North America,SUV,Hilux,Online,-0.85943266754666,0.28136201901894037,-0.628027024059377,-0.7124068306793591,-0.6879091459339879,-0.07006464451993404,1.3447475708077896,-0.10506443960214841,-1.2197681176463346,2016-11-01,5,4,3,3
2016,11,Japan,Hatchback,Land Cruiser,Online,-1.2546460080898234,1.2929528328277937,-0.8122910622510855,-0.8189446898685507,-0.7584567001126757,-0.5571646021721482,0.32475453082488287,1.103299311218798,1.9205869175979842,2016-11-01,2,1,4,3
2016,11,North America,Hybrid,Prius,Online,-0.04584329983509276,-0.17774458109430843,-0.13065854352700018,-0.1408148366874687,-0.005911670156104786,-0.13001931100135905,-0.0734322853494906,0.4154614838284133,-0.15792145105293284,2016-11-01,5,2,5,3
2016,12,Japan,Pickup,Fortuner,Dealer,0.902379183885684,-0.06263758573492657,0.6786565549175094,0.6519212690731206,1.0714842830272564,0.30578527482413537,-0.31869228081921375,0.5270027531349625,-0.6549560609477163,2016-12-01,2,3,2,1
2016,12,Japan,Sedan,Camry,Corporate,-1.0360481530641177,-0.5734248776421836,-0.974817689866514,-0.9645709894740153,-0.9702099476781383,-0.6982848756207,0.36226488307319366,1.7019041231639445,-1.2649530821822241,2016-12-01,2,5,0,0
2016,12,Latin America,Hybrid,RAV4,Fleet,0.36674205567700097,-1.5655620219547128,-0.645053999312094,-0.6692347998421663,-0.6446539250384489,-0.3448136961860828,0.5195198213449572,-1.6592061252733965,-1.3327305289860578,2016-12-01,3,2,6,2
2016,12,Europe,Hatchback,Camry,Dealer,1.4742080099463053,0.8300289088888512,1.9307270565154664,1.9966341028975316,2.331816690476297,0.7987009986807232,-0.623103216372811,1.3598442306238612,-3.0271666990819126,2016-12-01,1,1,0,1
2016,12,North America,Hatchback,Land Cruiser,Fleet,-1.3849361203568005,-1.5699666263689749,-1.3331448573564066,-1.2976165191432822,-1.181457618876716,-1.128330116249614,-1.1323783834364123,-2.544100195105351,-0.8131034368233291,2016-12-01,5,1,4,2
2016,12,Europe,Hatchback,Hilux,Fleet,-0.17758108001614725,0.8557958447122842,0.23602510086722003,0.10294135650554916,0.332005668219607,0.5943714621384889,0.6435925249355228,0.5270027531349625,-0.7679184722874396,2016-12-01,1,1,3,2
2016,12,Asia,Pickup,Land Cruiser,Fleet,-0.7117705403107528,1.231361781101696,-0.20333599502570043,-0.24915997741212925,-0.44790714705753243,0.1905254788796393,0.7431392289791164,-0.4731506283137599,-2.3493922310435713,2016-12-01,0,3,4,2
2016,12,Europe,Hybrid,Camry,Corporate,-0.7942876114131716,-0.021968404976573545,-0.6574079342480692,-0.6355111018900139,-0.8480682248980792,-0.40281610545541896,0.36803570649601053,0.7352131225071866,1.0620725914160827,2016-12-01,1,2,0,0
2016,12,Europe,Pickup,Fortuner,Dealer,1.4336733083521345,-0.036797239837922484,1.123504686085691,1.335921996819211,1.0951861378840335,-0.01737173960235215,-0.9982067388559166,-1.354326655835496,0.00022592482268092738,2016-12-01,1,3,2,1
2016,12,Japan,EV,Fortuner,Online,-1.483377538514072,0.3602044380342313,-1.1729291331830498,-1.176444654390423,-1.0920705079537443,-0.8292697606808852,0.7878631105059481,-0.3244289359050279,0.7231853573969129,2016-12-01,2,0,2,3
2017,1,Japan,Pickup,Fortuner,Dealer,-0.5568700735044579,1.0079015171514674,-0.10506305372489287,-0.12024081633114792,-0.26193949270799116,0.08624992893492592,0.32186911911347443,0.8876528572261368,-0.1805139333208771,2017-01-01,2,3,2,1
2017,1,Middle East,Hatchback,RAV4,Dealer,0.6620663101488155,0.17403649145808817,0.6479022306978839,0.3892176040262303,1.1709803047391374,1.0673936190395652,0.7113997001536225,-1.1238080326019615,-1.1519906708424998,2017-01-01,4,1,6,1
2017,1,Japan,Sedan,Hilux,Online,-0.6625498312321171,0.21272360023002326,-0.47565586869924514,-0.40469622890454143,-0.6180615476784592,-0.4943117156451132,-0.3417755745104818,1.1590699458720728,1.7850320239903148,2017-01-01,2,5,3,3
2017,1,Japan,SUV,Fortuner,Dealer,-1.6484116807189095,0.05636014352372011,-1.340559752994746,-1.333928084247432,-1.232655969508322,-0.997448934278019,0.9725294600360926,1.2297127497662201,1.3105898963634754,2017-01-01,2,4,2,1
2017,2,Latin America,Hybrid,Corolla,Fleet,-0.4453996441204888,-0.15058285387302572,-0.42541320487212564,-0.3850622818904816,-0.7777443542779664,-0.21182381830416086,0.3059993547007277,-0.640462532273583,-0.7001410254836059,2017-02-01,3,2,1,2
2017,2,Japan,Pickup,Yaris,Dealer,1.0529366469497463,0.8843523633314165,1.5379738070540794,1.272040839133869,1.7183913462289304,1.913759430954925,0.632050878089889,1.1776601574231644,0.33911315884185267,2017-02-01,2,3,7,1
2017,2,Japan,Hatchback,Corolla,Fleet,0.03522610335324846,0.8394988083795145,0.44903257236081556,0.5320667682090204,0.7142895573039701,-0.17703281518197328,-0.7904570956345043,0.5046944992736525,0.6554079105930782,2017-02-01,2,1,1,2
2017,2,Europe,EV,Corolla,Dealer,0.3015969995435125,1.6718956326014731,1.207862308837428,1.4576253619437975,0.5696155680142907,0.29053431289684784,-0.7154363911378833,0.03250312587592895,0.542445499253355,2017-02-01,1,0,1,1
2017,2,Japan,Hybrid,Prius,Corporate,0.6128456010701797,-0.8610455458934961,-0.0810435816001003,0.004760451281553602,-0.31784271392684876,-0.22329787809557927,-0.3345620452319604,1.5048478807223742,1.2202199672916965,2017-02-01,2,2,5,0
2017,2,Asia,Sedan,Yaris,Online,1.6493758275496853,1.2159456656517786,2.4746771842420747,3.037032069355095,2.221879575009897,-0.2689863511483006,-1.6113567275302243,1.014066295773559,0.33911315884185267,2017-02-01,0,5,7,3
2017,2,Europe,Sedan,Corolla,Dealer,-0.8521943279762725,-1.533775460098455,-1.1148405934224062,-1.093851364194699,-1.007641532963189,-0.8984356897766723,-0.1340259312890692,-0.9936765517443213,-0.9712508126989419,2017-02-01,1,5,1,1
2017,2,Japan,Hybrid,Corolla,Corporate,0.4753171492328151,-1.3762374422150152,-0.48379226632710365,-0.3441702733338302,-0.7664141200582583,-0.6663119129073518,-0.7991133307687299,0.8430363495035176,0.5198530169854108,2017-02-01,2,2,1,0
2017,2,Middle East,Sedan,RAV4,Fleet,0.5448052091085361,0.5772780255837798,0.8075328196277222,0.5342697731769559,-0.07327215590202163,2.128068516602239,1.8078561504888548,-1.4881761790033547,-0.5871786141438816,2017-02-01,4,5,6,2
2017,3,Latin America,Hybrid,Fortuner,Corporate,-1.1113268845961488,-0.8592102940542203,-1.0821894103233212,-1.1112800624511359,-0.8492346747308083,-0.7700106120018956,0.5397177033248168,-0.6664888284451111,-1.7168027275411182,2017-03-01,3,2,2,0
2017,3,Japan,Hybrid,Camry,Corporate,1.1021573560283822,0.5415273197546862,1.3172326162317658,0.9229987722183957,0.7250131688814496,2.738413572931204,1.6881115644654021,0.34853672224448407,-0.04495903971320757,2017-03-01,2,2,0,0
2017,3,Latin America,EV,Fortuner,Online,1.6204224692681348,1.6671239778193558,2.8626685660376894,2.9021310871458956,3.8972548809048995,1.1200733439982544,-0.765931096087532,0.4972584146532161,-0.20310641558882134,2017-03-01,3,0,2,3
2017,3,North America,Hatchback,Prius,Corporate,-0.5525270697622254,-0.03738452042649076,-0.4681610398130417,-0.5592329612279724,-0.15386660328688864,-0.17684723602626,0.5050927627879145,-0.7631579285107869,0.3617056411097969,2017-03-01,5,1,5,0
2017,3,Europe,Sedan,Fortuner,Corporate,-0.26299348694672103,-1.301285757098989,-0.7787741108633679,-0.6991927501721238,-0.7802511715505349,-0.8210245943591729,-0.806326860047251,0.2778939183503366,0.6102229460571897,2017-03-01,1,5,2,0
2017,3,Europe,SUV,Fortuner,Fleet,0.21328925678478364,-0.014700807693041145,0.15796148968156937,-0.05923889994663626,0.4008348891096544,0.7616740716737919,1.0634199289454604,0.9880399996020314,-0.7905109545553839,2017-03-01,1,4,2,2
2017,3,North America,SUV,Camry,Dealer,1.13255838222401,-1.5473563237090964,-0.32986785423225895,-0.4185118886375539,-0.6915956100332119,0.34004894335995023,1.421210981160115,-0.6478986168940194,-1.694210245273174,2017-03-01,5,4,0,1
2017,3,Asia,Sedan,Corolla,Corporate,-1.1359372391354667,0.8498496287530304,-0.7617551204107398,-0.7589622950391377,-0.9725311669622801,-0.3889735650346034,0.7835349929388352,-0.40994390904004824,1.175035002755808,2017-03-01,0,5,1,0
2017,4,Japan,Pickup,RAV4,Fleet,-0.49317268528504704,0.9254620045311958,-0.06654739015631334,0.06558963889170209,0.3117669008103149,-0.7802072425297926,-1.4483309658356436,-0.5698197283794355,2.0561418112056518,2017-04-01,2,3,6,2
2017,4,Japan,Hatchback,Yaris,Dealer,-1.3617734337315601,-0.5286447327638526,-1.1830043027869195,-1.1848495785812454,-1.1722382450676665,-0.7974269642224207,1.1470968685763072,2.014219677222281,-0.13532896878498657,2017-04-01,2,1,7,1
2017,4,Middle East,Pickup,Land Cruiser,Corporate,0.8213097806973428,-1.1713499268782583,-0.18312325503150206,-0.27061828066328614,0.15304388149325462,-0.0120645540400146,0.2641608848853045,1.1813781997333828,0.2035582652341832,2017-04-01,4,3,4,0
2017,4,North America,SUV,Hilux,Dealer,-1.3328200754500097,0.7969209657083146,-0.9737653159473363,-0.9192032613537945,-0.9064800667471884,-0.9030972624162849,-0.7111082735707703,0.4191795261386315,-0.15792145105293284,2017-04-01,5,4,3,1
2017,4,Asia,Sedan,Yaris,Fleet,-1.311105056738847,-0.176790250137885,-1.0966337716056775,-1.0179081141382709,-0.915667110049304,-1.1488760101489075,-1.9085541338053,0.06596550666789357,-0.4968086850721026,2017-04-01,0,5,7,2
2017,4,North America,Pickup,Prius,Corporate,-0.34985356179137234,0.8784795574457338,0.06608585086614663,-0.11609749192558574,0.5245245850023001,0.4310591780098607,0.662347701059678,0.18122481828466097,-1.1745831531104451,2017-04-01,5,3,5,0
2017,5,Japan,Hatchback,RAV4,Dealer,1.0080589416133432,-1.4429671990910855,-0.29905021992509656,-0.1487188767094827,-0.63220072542823,-0.549409965211595,-0.7500613316747853,0.2481495798685902,1.2428124495596407,2017-05-01,2,1,6,1
2017,5,Latin America,SUV,RAV4,Fleet,1.0587273186060564,0.19796817544224538,1.0068219499182103,0.8169813781051424,0.45802105482737043,1.7385165049228615,1.0461074586770092,-0.9602141709523564,-2.0330974792923446,2017-05-01,3,4,6,2
2017,5,Asia,Sedan,Prius,Fleet,1.4061676179846616,0.8336260024938318,1.8635886693630683,2.172964084019844,1.5250600940967793,0.3181855941920641,-0.9953213271445082,-0.6962331669268575,1.355774860899366,2017-05-01,0,5,5,2
2017,5,North America,Hatchback,Land Cruiser,Corporate,1.5089520398841658,-0.5757739999964567,0.6970937993104663,0.4348996905395807,1.004263661670885,1.2518589742989705,0.8830816969824288,-2.4994836873827317,-1.2197681176463346,2017-05-01,5,1,4,0
2017,5,Asia,Hybrid,Prius,Corporate,-1.5398365871630952,-0.6950653695493875,-1.3168844513278737,-1.3228988874169305,-1.2013705475551286,-0.9391620108378554,1.4096693343144808,0.09570984514963997,0.04541088935857143,2017-05-01,0,2,5,0
2017,5,Latin America,EV,Yaris,Dealer,-0.07624432603072072,-1.02739277260546,-0.5610288397669013,-0.6815711063657119,-0.5450805045589289,0.06152634226643967,1.483247332955398,-0.4954588821750692,0.3842981233777412,2017-05-01,3,0,7,1
2017,5,North America,Sedan,Fortuner,Online,0.8748734935182111,-0.7354409100134564,0.16329351753873625,0.37681108302230576,0.29335942408649884,-0.7701095871692076,-1.5449922581678286,1.0512467188757424,0.022818407090625176,2017-05-01,5,5,2,3
2017,5,Japan,SUV,Prius,Online,-0.9752461006728618,-1.1932995388759977,-1.0828678341742828,-1.0918125792739997,-1.0491625779048273,-0.7181147023963818,0.8816389911267248,0.08827376052920353,-0.29347634466060035,2017-05-01,2,4,5,3
2017,5,Middle East,Hybrid,Camry,Corporate,0.7170776908837613,-1.3357150816038044,-0.3486503204625073,-0.470087503923336,-0.008067110464766925,0.00021640144821705786,0.6536914659254527,0.45264190693059614,2.0561418112056518,2017-05-01,4,2,0,0
2017,5,Middle East,Pickup,RAV4,Fleet,0.21184158887070612,1.6069277174911076,1.0588006115810076,0.8457722358290894,0.8519730355132151,1.6411925350787888,0.871540050136795,-0.6367444899633647,-0.06755152198115383,2017-05-01,4,3,6,2
2017,6,Middle East,Sedan,RAV4,Corporate,1.5856784393302743,0.42708101505744356,1.6737267179959334,1.888283959367131,0.580010291954299,1.0275156708954116,-0.2840673402823116,-0.9044435362990821,0.99429514461225,2017-06-01,4,5,6,0
2017,6,Europe,Pickup,Fortuner,Fleet,0.3826664027318537,0.5713318096245261,0.6474166355067181,0.640076308691158,-0.08122152010322128,0.9302179921367849,0.531061468190591,-1.4361235866602984,-0.5419936496079921,2017-06-01,1,3,2,2
2017,6,Japan,Hatchback,Camry,Dealer,0.3768757310755436,1.2292328889681359,1.036814649238262,1.3052686507282159,1.1611123158160965,-0.3826484466923954,-1.3632113203490925,0.09570984514963997,-0.7679184722874396,2017-06-01,2,1,0,1
2017,7,Europe,EV,Camry,Online,0.7706414037046295,1.1019398213959624,1.3957937003539103,1.0744392176992497,1.5522055063733622,2.0401397093059743,0.8975087555394715,0.999194126532686,0.6554079105930782,2017-07-01,1,0,0,3
2017,7,Japan,Hybrid,Corolla,Corporate,-0.10664535222634869,-1.0172621824526573,-0.5725633523535496,-0.6407911862460633,-0.3278569517976915,-0.2879382085352323,0.47768135152953395,0.7909837571604612,1.0168876268801943,2017-07-01,2,2,1,0
2017,7,Latin America,SUV,Fortuner,Fleet,0.18288823058915568,0.8886101475985365,0.6288834882657195,0.3654739425782335,0.3365823503182381,1.5941540017389413,1.4385234514285663,-0.343019147456119,-3.591978755780531,2017-07-01,3,4,2,2
2017,8,Latin America,Hatchback,Hilux,Online,-1.7265857480790956,0.5507769890246365,-1.386389379782037,-1.3657977529965,-1.2502253015859517,-1.0985346574073742,-0.056119815081039685,0.3373825953138294,0.6328154283251339,2017-08-01,3,1,3,3
2017,8,Asia,EV,Prius,Online,-1.4486335085762114,1.208090787779678,-1.0462238247959146,-1.085433325360521,-0.8996061601024815,-0.6527338119925247,1.031680400119967,0.06224746435767536,-0.9938432949668871,2017-08-01,0,0,5,3
2017,8,Europe,SUV,Fortuner,Corporate,-0.6249104654661015,1.727467058294746,0.06067053671339154,0.1273373978841664,-0.2352691722127638,-0.018489294286718774,-0.13979675471188635,-0.26494025894153506,0.00022592482268092738,2017-08-01,1,4,2,0
2017,8,Middle East,Hatchback,RAV4,Fleet,-1.4283661577791262,-1.0418545570989537,-1.2879953309439394,-1.284660703439618,-1.1620848372680015,-0.9612379214383042,0.685430994750946,-1.428687502039862,-0.9938432949668871,2017-08-01,4,1,6,2
2017,8,Middle East,Hatchback,Corolla,Corporate,-1.0070947947825672,0.36783908568561885,-0.7389873296350996,-0.7773295609166392,-0.905067804700986,-0.24870706927569194,1.2062478086601818,-0.9230337478501736,-1.1971756353783893,2017-08-01,4,1,1,0
2017,8,Middle East,SUV,Prius,Dealer,-0.024128281123929937,0.10114028840205107,0.023452104794826827,0.07793069310517435,-0.2283355800292374,-0.026348946452322542,-0.10228640246357582,-0.532639305277252,-0.9034733658951081,2017-08-01,4,4,5,1
2017,8,Middle East,Hybrid,RAV4,Dealer,-1.1431755787058544,-0.023363196374423197,-0.9386110543065332,-0.851003762130414,-0.901441664596407,-0.9834593321311338,-1.1987428527988078,-0.18686137042695053,0.6554079105930782,2017-08-01,4,2,6,1
2017,8,North America,Hatchback,Yaris,Corporate,-0.9882751118995595,-0.9203608853388919,-1.02504364528633,-0.9387171279669317,-0.8707292556266614,-1.1119278058275734,-1.7498564896778324,-0.0009592549160356702,-0.7679184722874396,2017-08-01,5,1,7,0
2017,8,North America,Pickup,Fortuner,Corporate,-0.9245777236801486,-1.1764152219546598,-1.0536762859350277,-0.986540396894955,-1.0228866998990949,-0.9805305978492846,-0.9159725050807742,-0.7296955477188222,0.18096578296623894,2017-08-01,5,3,2,0
2017,8,Europe,Hybrid,Hilux,Fleet,1.162959408419638,-0.5646890788872305,0.47871130706812265,0.29810434777608363,0.0887180322916795,1.2464153816830223,1.2206748672172238,-0.030703593397782072,0.8361477687366362,2017-08-01,1,2,3,2
2017,9,Europe,Hybrid,RAV4,Dealer,-1.2546460080898234,0.6316014800263453,-0.9208336499237619,-0.9364938140128498,-0.6775463179029132,-0.7179876364647629,0.030442536261215423,0.6645703186130392,-0.09014400424909808,2017-09-01,1,2,6,1
2017,9,Asia,Pickup,Corolla,Corporate,0.9356755459094671,1.3605635105867164,1.7721878846198307,1.999930211122318,2.221054340612565,0.05722662983647407,-1.1857585000974695,-0.21288766659847871,0.33911315884185267,2017-09-01,0,3,1,0
2017,9,Europe,Pickup,Hilux,Online,-0.5322597189651401,0.22784607538565635,-0.35716433377855134,-0.2751138719813819,-0.667153511570578,-0.3485609272818642,-0.18163522452730957,1.1739421151129463,-0.9486583304309976,2017-09-01,1,3,3,3
2017,9,Japan,EV,Prius,Dealer,-1.4949588818266921,-0.8037856885080894,-1.2996822935394006,-1.2916826144512115,-1.1658103838245406,-0.9916235975105241,0.45026994027115297,1.4565133306895368,0.2035582652341832,2017-09-01,2,0,5,1
2017,9,Japan,Sedan,Hilux,Fleet,-0.07624432603072072,0.11075700803985657,-0.015620051033322719,0.14736669334118307,0.22370168691215564,-0.7720479976091209,-1.4598726126812775,1.7019041231639445,-0.22569889785676558,2017-09-01,2,5,3,2
2017,9,Asia,Sedan,Corolla,Corporate,0.2885679883168148,-0.5042725883382693,-0.06363705839440766,0.0813907689508569,-0.42468557675616025,-0.3530732470326185,-0.6130042753828812,-1.3245823173537496,-0.15792145105293284,2017-09-01,0,5,1,0
2017,9,Middle East,Hatchback,Corolla,Dealer,-0.42368462540932594,-1.2364646621357658,-0.8281583092261354,-0.8730723196976489,-0.5628054652845081,-0.5604575785493715,0.37092111820741896,0.5455929646860536,0.4746680524495202,2017-09-01,4,1,1,1
2017,9,North America,Sedan,Yaris,Fleet,1.4582836628914524,0.6683799268854335,1.7704878894236995,2.0497493309774732,0.7813311086027083,0.7843092163476726,-0.5538533352990068,-0.554947559138562,-0.9712508126989419,2017-09-01,5,5,7,2
2017,9,Latin America,Pickup,Land Cruiser,Dealer,0.32475968616875284,-1.6189311454408548,-0.6928289336768922,-0.6610527969252293,-0.7140571916422441,-0.572022980288519,-0.1008436966078716,-1.4212514174194253,-0.24829138012471083,2017-09-01,3,3,4,1
2017,9,Latin America,Pickup,Prius,Online,-0.6943985253418226,0.8674680464100787,-0.2977605184246317,-0.46279841134942645,-0.11233263689541695,0.29657135642869725,1.2235602789286324,1.1888142843538192,-1.9201350679526203,2017-09-01,3,3,5,3
2017,10,Latin America,Hatchback,Camry,Online,1.356946908906026,-1.6477078942807002,-0.3272495217789389,-0.43296126796256584,-0.5324997862786572,0.3053512195290305,1.3303205122507473,-1.0011126363647578,-0.6323635786797711,2017-10-01,3,1,0,3
2017,10,North America,Pickup,Yaris,Fleet,1.129663046395855,0.7954527642368939,1.5470831852507663,1.9544796095520904,0.95875220957367,-0.10110332582127564,-1.2535656753155695,-0.40994390904004824,-0.8582884013592186,2017-10-01,5,3,7,2
2017,10,Latin America,Hatchback,Corolla,Corporate,0.5057181754284431,-0.4074447012980749,0.14468126110397522,0.001620707534833315,0.1265479624874476,0.6430838545597103,0.8874098145495417,-0.6293084053429283,0.6328154283251339,2017-10-01,3,1,1,0
2017,10,Middle East,SUV,Land Cruiser,Corporate,0.1770975589328456,1.6028167533711297,1.0134430825470098,0.9831243434983014,0.2815022196292559,1.2648213914524313,0.5036500569322104,-1.7670293522697271,-0.42903123826826883,2017-10-01,4,4,4,0
2017,10,Europe,Pickup,Land Cruiser,Dealer,-1.3371630791922422,-0.4962708903190265,-1.1619226119503165,-1.1067330472386634,-1.1885542345947904,-0.9721511080862203,-0.4384368668426667,-1.856262367714966,-1.4231004580578368,2017-10-01,1,3,4,1
2017,10,Europe,EV,Prius,Corporate,-0.7798109322723964,-0.557201251382985,-0.801549261294606,-0.7761638702949727,-0.7487604132430206,-0.6688353924918983,-0.15710922498033728,-0.7668759708210051,2.0561418112056518,2017-10-01,1,0,5,0
2017,11,Europe,Hybrid,Yaris,Fleet,-1.1243558958228466,0.5120164701791303,-0.8169450356608535,-0.7583644902979307,-0.9067991960914085,-0.7117995202890954,-0.2840673402823116,-0.6330264476531465,-0.11273648651704232,2017-11-01,1,2,7,2
2017,11,Latin America,Hybrid,Land Cruiser,Corporate,0.8256527844395753,-0.4877553217847865,0.31147202770775406,0.06959978592667213,-0.01942828626996382,1.324521484396444,1.662142859062725,-0.6255903630327094,-1.784580174344953,2017-11-01,3,2,4,0
2017,11,Middle East,EV,Prius,Dealer,0.3638467198488459,-0.4236683275572735,0.03538219176594581,0.17637921135994786,0.0898777055318729,-0.5372838351636584,-1.0559149730840867,0.34110063762404763,0.11318833616240417,2017-11-01,4,0,5,1
2017,11,Asia,Hybrid,Yaris,Fleet,0.14524886482314012,0.27181870945470593,0.257312265331731,0.3559262390100347,-0.19885382266593335,0.0973874631194344,-0.19029145966153516,-0.02326750877734564,1.1524425204878617,2017-11-01,0,2,7,2
2017,11,Latin America,Hybrid,Yaris,Fleet,0.9877915908162579,0.32269189043943275,1.0407842315087457,0.8380422274394574,1.1064096581328222,1.4162518214658344,0.6421498190798188,0.6162357685802017,-1.6716177630052287,2017-11-01,3,2,7,2
2017,11,Middle East,EV,Yaris,Fleet,-1.117117556252459,-0.3184716921299813,-0.9769241142287313,-0.9041296305376857,-0.9840490556702324,-0.9256443690947036,-0.8193112127485892,0.8541904764341722,-0.13532896878498657,2017-11-01,4,0,7,2
2017,11,Asia,Pickup,Prius,Fleet,0.7199730267119163,-0.6644533688702662,0.1172450333482994,0.0015979826326667063,0.4393675844342148,0.3044668085805652,0.35072323622755935,-0.9602141709523564,0.9265176978084152,2017-11-01,0,3,5,2
2017,12,Latin America,Hybrid,RAV4,Online,-1.1011932091976062,1.2327565724995455,-0.6471247620226691,-0.6934442701082584,-0.49217732677964043,-0.3625099369908895,0.46902511639530814,1.3933066114158257,0.4294830879136317,2017-12-01,3,2,6,3
2017,12,Europe,EV,Fortuner,Fleet,-1.3371630791922422,1.3347965747632833,-0.9018033707341738,-0.9674118592817139,-0.7287230999285905,-0.4737941663293765,1.0850605167810239,-0.5066130091057245,-0.8808808836271629,2017-12-01,1,0,2,2
2017,12,Latin America,Hatchback,Camry,Online,1.5248763869390185,-1.5042646105228992,-0.1348781267625419,0.029025440358202443,0.07479966392917022,-0.8368818143194183,-1.5233516703322647,-1.3245823173537496,0.11318833616240417,2017-12-01,3,1,0,3
2017,12,Asia,Sedan,Prius,Fleet,-1.5050925572252347,-1.657838484433503,-1.388701306187821,-1.345454344272693,-1.2981129361732135,-1.1554764291665796,-1.2348104991914142,1.0177843380837779,-1.0164357772348314,2017-12-01,0,5,5,2
2017,12,Japan,Hybrid,Hilux,Online,0.34502703696583814,0.6616262001168983,0.6645779884093281,0.6539266599485304,1.1908648792583023,0.15083384410281392,-0.5091294537721751,-0.33558306283568257,-0.38384627373237934,2017-12-01,2,2,3,3
2017,12,Middle East,Hybrid,Camry,Online,0.5158518508269857,1.0237580930428107,1.0642209553053488,1.3911948000417036,0.9163476739408511,-0.40836751389220655,-1.4007216725974032,-1.153552371083708,-0.9260658481630524,2017-12-01,4,2,0,3
2017,12,Japan,SUV,Yaris,Corporate,-0.44395197620641125,-1.0865612919037138,-0.7808001473271823,-0.6882820692371325,-0.7843024985928605,-0.8693781508916382,-0.9895505037216913,0.7909837571604612,0.9265176978084152,2017-12-01,2,4,7,0
2018,1,Middle East,Hybrid,Land Cruiser,Corporate,-0.720456547795218,0.8038949226975629,-0.3444542653923518,-0.2426206909623399,-0.7174167327557833,-0.37352011844236715,-0.263869458302452,1.29663751135015,-0.5645861318759373,2018-01-01,4,2,4,0
2018,1,Europe,Hybrid,Fortuner,Dealer,-1.4761391989436843,-1.1540985595890654,-1.3252098699172652,-1.3219092074962562,-1.2134200347453026,-0.9771571966200834,1.0143679298515158,-0.05301184725909204,-0.5194011673400478,2018-01-01,1,2,2,1
2018,1,Japan,EV,Land Cruiser,Online,-0.1341510425938216,1.3627658127938473,0.5162827182987981,0.21493700435194366,0.8361636035587712,1.267971154978535,1.1860499266803222,1.839471688642021,1.5816996835788124,2018-01-01,2,0,4,3
2018,1,Europe,Hybrid,Fortuner,Fleet,-1.4298138256932036,1.0661157054932977,-1.0415316891565407,-0.9759458467164203,-1.0290574717826897,-0.954834890624488,-0.7976706249130256,-0.03442163570800029,-0.42903123826826883,2018-01-01,1,2,2,2
2018,1,Latin America,SUV,Camry,Corporate,0.6750953213755131,-0.84357394838359,-0.03300222201952744,-0.2206103870164485,0.07269277762600192,0.610314977775618,1.2019196910930687,0.4749501607919061,0.6554079105930782,2018-01-01,3,4,0,0
2018,1,Middle East,Pickup,Camry,Online,1.3887956030157314,-1.1186414940542557,0.14533254800089848,0.3496170808558705,-0.061904750112083747,-0.5318391125501466,-1.1280502658692995,0.31507434145251945,2.0561418112056518,2018-01-01,4,3,0,3
2018,1,Europe,Sedan,Camry,Corporate,-0.39038826338554294,0.46885134691936214,-0.13820204843652079,0.015139166950036271,-0.5626121744634313,-0.3938039948735973,-0.6072334519600643,0.19981502983575206,-0.3160688269285446,2018-01-01,1,5,0,0
2018,1,Japan,Sedan,Corolla,Corporate,1.0008206020429555,-0.11534601855892924,0.716415736820736,0.8556035332822217,0.9427764027516423,-0.18148518913557993,-0.9751234451646486,1.5903628538573953,-0.06755152198115383,2018-01-01,2,5,1,0
2018,1,Asia,Hatchback,Land Cruiser,Online,-0.5843757638719309,1.1445910741407332,-0.0878543603349236,0.026372333484195265,-0.42650395047219475,-0.2687749168452874,-0.41679627900710287,-1.0866276094997787,1.2879974140955313,2018-01-01,0,1,4,3
2018,1,Europe,SUV,Land Cruiser,Corporate,1.2411334757798242,0.8400126788945118,1.6982545462544936,1.7886677545168161,2.0603909487520644,0.5754687410034833,-0.7010093325808407,-0.95277808633192,-0.7227335077515501,2018-01-01,1,4,4,0
2018,1,Japan,Sedan,Corolla,Fleet,-0.7783632643583188,-1.1909504165217246,-0.9853109674721867,-1.0385807186987277,-0.8118579787251987,-0.5763747987990332,1.0619772230897564,2.3934599928645475,-0.3160688269285446,2018-01-01,2,5,1,2
2018,1,Middle East,Pickup,RAV4,Corporate,-1.3646687695597153,-1.2554044611170927,-1.2828410714474685,-1.2448926990427638,-1.2466898580517527,-1.029496885522579,-0.1931768713729436,0.08455571821898467,0.27133571203801793,2018-01-01,4,3,6,0
2018,2,Latin America,Hybrid,Yaris,Online,0.8111761052988001,0.0006418976833050346,0.6515484427726003,0.7353191000297623,0.7938935625659739,0.03540649160334037,-0.6505146276311917,-0.6739249130655476,-0.29347634466060035,2018-02-01,3,2,7,3
2018,2,North America,Hybrid,Camry,Fleet,1.2860111811162274,-1.6543882109756645,-0.3591677513780573,-0.2208365103011657,-0.2971570812042837,-0.7980974270534962,-1.2824197924296545,-0.40622586672983,-0.6097710964118268,2018-02-01,5,2,0,2
2018,2,Asia,Sedan,Land Cruiser,Dealer,-1.0013041231262572,0.4895529876663938,-0.7055002146889949,-0.6115363546936692,-0.5211604277411317,-0.9442598026892269,-1.370424849627614,-0.7780300977516601,0.542445499253355,2018-02-01,0,5,4,1
2018,2,Middle East,Hatchback,Prius,Fleet,0.4955845000299004,1.3267214666704696,1.2337385169316255,1.0510293395620243,1.11511350462489,1.5894896700697447,0.6176238195328463,1.374716399864734,0.06800337162651568,2018-02-01,4,1,5,2
2018,2,Europe,SUV,Fortuner,Dealer,1.1875697629589559,-0.08069646383340102,0.8904409312145837,0.5659805143792924,0.6281956664955226,1.979084369271298,1.4904608622339193,0.6236718532006381,-1.3327305289860578,2018-02-01,1,4,2,1
2018,2,North America,SUV,Hilux,Dealer,1.4828940174307703,1.2770228468628793,2.340248102006759,2.286285515729484,2.1621390976267696,1.8929000588101974,0.011687360137060282,-0.718541420788167,0.5198530169854108,2018-02-01,5,4,3,1
2018,2,Japan,Sedan,Fortuner,Dealer,-1.341506082934475,-0.5798115540428636,-1.1766395930620395,-1.1427380945346415,-1.0392916856879266,-1.0075843914987244,-0.6534000393426004,0.11058201439051285,-0.4516237205362131,2018-02-01,2,5,2,1
2018,2,North America,Hatchback,Prius,Dealer,-0.6726835066306597,0.9093117883455683,-0.2617321627072032,-0.20464760689451306,-0.055938644764242575,-0.5212177434710167,-0.7313061555506299,1.713058250094599,-0.9938432949668871,2018-02-01,5,1,5,1
2018,2,Asia,Pickup,RAV4,Corporate,1.5740970960176541,0.48786455597426004,1.71896058208336,1.2734830188187385,2.0239360485469806,2.626146354696895,1.0980448694823628,-1.2018869211165457,2.0561418112056518,2018-02-01,0,3,6,0
2018,2,North America,EV,Prius,Online,0.966076572105095,-0.6942578587401061,0.2505463549219619,0.35136167459588924,0.5239000878371485,-0.3823738099622003,-0.9549255631847892,-1.6963865483755793,0.3842981233777412,2018-02-01,5,0,5,3
2018,2,Asia,Sedan,Hilux,Corporate,0.6229792764687223,1.7033151440898757,1.6331345233380667,2.039123489922271,2.1316371348981464,-0.7335561176693809,-1.8537313112885387,0.5307207954451807,0.11318833616240417,2018-02-01,0,5,3,0
2018,2,Latin America,Pickup,Hilux,Dealer,1.0529366469497463,-1.6669413335563112,-0.45491783683870635,-0.3333174952359386,-0.64750091605533,-0.637221737455629,-0.7616029785204194,0.7835476725400248,-1.0164357772348314,2018-02-01,3,3,3,1
2018,2,Middle East,Hybrid,Land Cruiser,Fleet,1.229552132467204,-1.1115207169178654,0.06969972592128627,0.256149529044417,-0.011631956569885185,-0.5968506299813674,-1.1900866176645821,1.0772730150472707,-0.20310641558882134,2018-02-01,4,2,4,2
2018,2,Europe,Hatchback,Yaris,Online,-0.17179040835983717,0.4659883540500918,0.06520721028413251,0.07483090917805331,-0.44842386615872226,0.336823434146907,0.4949938217979846,0.7947017994706794,-1.1971756353783893,2018-02-01,1,1,7,3
2018,3,North America,SUV,Corolla,Online,1.0283262924104284,1.50914549949449,1.996126234862756,2.241329151485326,2.5883702489177884,0.05122713004347399,-1.2607792045940907,1.0735549727370517,1.4235523077031986,2018-03-01,5,4,1,3
2018,3,Japan,Hatchback,Fortuner,Corporate,1.7362359023943366,-1.0601336654181412,0.3796108449552645,0.6047339854267867,0.48525570306662036,-0.6519809998719961,-1.4512163775470521,-0.8858533247479907,-0.24829138012471083,2018-03-01,2,1,2,0
2018,3,Middle East,Hatchback,RAV4,Corporate,1.1571687367633279,1.6044317749896926,2.229706927396552,2.47363392541285,1.948977900392173,0.7722505376898382,-0.7745873312217576,0.2778939183503366,1.0620725914160827,2018-03-01,4,1,6,0
2018,3,Latin America,Hybrid,Yaris,Corporate,1.2281044645531265,-1.0516180968839013,0.11855314819558829,0.2497086216303232,-0.31498169704356577,-0.13208829065213995,-0.4124681614399902,-0.19057941273716875,-0.24829138012471083,2018-03-01,3,2,7,0
2018,3,North America,Hatchback,Fortuner,Fleet,-1.222797313980118,0.5512174494660627,-0.9035000412982397,-0.8750612002767479,-0.9470001294443503,-0.6873164166046459,0.10834865246924495,0.16263460673356922,-2.1912448551679575,2018-03-01,5,1,2,2
2018,3,Japan,Sedan,Camry,Dealer,0.6142932689842572,0.6350517534841839,0.9129729004388467,0.7418833690029862,1.5145870954725429,0.868860382055859,0.15307253399607712,1.248302961317312,-1.5360628693975602,2018-03-01,2,5,0,1
2018,4,Europe,Hatchback,Prius,Fleet,1.3149645393977778,-0.010075973058065981,1.051133242815305,1.009274017938852,1.6213813617326391,0.49973543384670377,-0.3879421618930179,0.5046944992736525,0.022818407090625176,2018-04-01,1,1,5,2
2018,4,Europe,Pickup,Fortuner,Fleet,1.3728712559608787,0.34038371817005203,1.4016797767240006,1.8189792615541671,0.3787894955715204,0.042096177560525035,-1.061685796506904,-0.09391031267149309,0.542445499253355,2018-04-01,1,3,2,2
2018,4,North America,Hatchback,Prius,Online,1.123872374739545,-0.4231544570422763,0.5661510058228215,0.8736130887519339,0.333542214093012,-0.617033307100335,-1.4771850829497286,-1.5625370252077204,0.8813327332725267,2018-04-01,5,1,5,3
2018,4,Japan,SUV,Prius,Corporate,-0.6278058012942566,1.1485552181135692,-0.1350568044243156,-0.281663011511058,-0.23116720106218874,0.5176707953288393,1.2682841604554644,0.6348259801312928,0.6554079105930782,2018-04-01,2,4,5,0
2018,4,Middle East,SUV,Land Cruiser,Fleet,-0.726247219451528,-0.23977609326183247,-0.6691402482347822,-0.5407881278483385,-0.7760169302744467,-0.8616845524416128,-1.1323783834364123,-0.7929022669925333,0.7005928751289687,2018-04-01,4,4,4,2
2018,4,Latin America,SUV,Prius,Corporate,-0.7421715665063808,-0.1197506229731913,-0.6448899272988813,-0.5722312617830556,-0.6290694199512932,-0.716012587144455,-0.6894676857352067,-0.3764815282480836,0.3842981233777412,2018-04-01,3,4,5,0
2018,5,Japan,Pickup,Yaris,Fleet,0.20749858512847355,0.808446347258967,0.6101953904379441,0.6522014538577289,1.0480151553998212,-0.025729158562749016,-0.7010093325808407,-0.16827115887585944,1.1298500382199175,2018-05-01,2,3,7,2
2018,5,Japan,EV,RAV4,Dealer,0.3638467198488459,0.9740594732352206,0.8696568375713262,0.7375543145218213,0.10351037051288113,1.5696882925601354,1.0345658118313754,2.6611590392002644,-0.11273648651704232,2018-05-01,2,0,6,1
2018,5,Japan,Hatchback,Yaris,Dealer,-0.3657779088462251,-0.6369980013546993,-0.5594749578876975,-0.6870553955622835,-0.5282200130213168,0.07904450090444513,1.529413920337934,1.3486901036932057,1.626884648114701,2018-05-01,2,1,7,1
2018,5,Japan,EV,RAV4,Online,0.369637391505156,-1.1712765168046873,-0.4079663030154501,-0.2619056157220704,-0.7010442298072054,-0.6325384725912132,-0.8135403893257723,-0.23519592045978868,-1.1293981885745557,2018-05-01,2,0,6,3
2018,5,Japan,Sedan,RAV4,Fleet,-0.39617893504185303,1.3674640575023935,0.21012451213787606,0.21009312615853598,-0.3489187806143127,0.4996128620932123,0.531061468190591,0.7909837571604612,2.0561418112056518,2018-05-01,2,5,6,2
2018,5,Europe,Hatchback,Hilux,Fleet,-0.09072100517149594,1.2831158829692753,0.5294732670576013,0.7347261294258586,0.49838357126890975,-0.3892738159989122,-1.1453627361377505,-0.7073872938575122,-0.4064387560003236,2018-05-01,1,1,3,2
2018,5,Europe,Hybrid,Yaris,Corporate,-1.2083206348393427,0.33708026485935544,-0.9274215362319069,-0.8386941774515211,-0.7040549410595532,-1.0992869661914244,-1.7758251950805088,-0.3467371897663372,0.13578081843035045,2018-05-01,1,2,7,0
2018,6,Asia,SUV,RAV4,Corporate,-0.28326083774380634,-0.1671735305000795,-0.3074631587432193,-0.3525461454429352,-0.06723473615855007,-0.19276140614290407,0.09969241733501961,-0.04185772032843739,0.7005928751289687,2018-06-01,0,4,6,0
2018,6,Latin America,EV,Hilux,Dealer,0.7416880454230791,-0.5972097414791987,0.17792988342678684,0.09540793098729174,0.15732473452500914,0.441126849716819,0.4863375866637593,-0.02326750877734564,-0.20310641558882134,2018-06-01,3,0,3,1
2018,6,Japan,Pickup,RAV4,Fleet,0.6417989593517301,-0.3182514619092682,0.30009723953854056,0.2479657191852027,0.26860452259280876,0.417017445404307,0.26271817902960004,0.9025250264670104,-0.22569889785676558,2018-06-01,2,3,6,2
2018,6,North America,Pickup,Corolla,Corporate,0.9559428967065524,-1.2988632246711451,-0.2123870927064367,-0.14944342675224745,0.15207967430433741,-0.6113949892316421,-0.9866650920102826,-0.004677297226253888,-1.5360628693975602,2018-06-01,5,3,1,0
2018,6,Japan,EV,Yaris,Dealer,-0.12980803885158904,-1.0131512183326794,-0.5831392058633436,-0.68658012210118,-0.5954888926773262,0.0009086267704416881,1.3880287464789172,2.3339713159010547,1.6946620949185358,2018-06-01,2,0,7,1
2018,6,North America,Hatchback,Corolla,Fleet,1.659509502948228,1.0721353315261224,2.3505325529367997,2.020205327186982,2.5672712978152474,2.6785689206034418,0.5858842907073529,-1.655488082963178,-0.4742162028041583,2018-06-01,5,1,1,2
2018,7,Middle East,Sedan,Fortuner,Corporate,0.7807750791031722,0.021857408945333962,0.641913232812058,0.8755220750497313,0.15325418212164527,-0.12641432480193143,-0.8568215649969,0.9731678303611578,0.00022592482268092738,2018-07-01,4,5,2,0
2018,7,Europe,Pickup,Fortuner,Online,-0.07190132228848815,0.6835758121146376,0.263194846575804,0.03069507115949492,0.2881284166145796,1.0292197703176764,1.295695571713845,0.28533000297077304,0.542445499253355,2018-07-01,1,3,2,3
2018,7,Asia,Pickup,Corolla,Fleet,0.6562756384925054,1.2133029030032214,1.3445131261778807,1.7595081322629733,1.728141697985943,-0.8881857127521197,-1.964819662177766,0.14032635287225925,-0.02236655744526332,2018-07-01,0,3,1,2
2018,7,Asia,EV,Corolla,Corporate,1.2599531586628319,0.4347890727824022,1.3787836892494247,1.6761949836196688,0.7890942072371094,0.19682403080704558,-0.9001027406680274,-1.3134281904230947,-0.6775485432156606,2018-07-01,0,0,1,0
2018,7,North America,EV,Yaris,Online,-1.3675641053878702,1.1361489156800644,-0.9639166191431384,-0.9190310808479046,-1.065052036376677,-0.7525320749789705,0.031885242116919905,-0.9304698324706103,-0.6323635786797711,2018-07-01,5,0,7,3
2018,7,Europe,EV,Land Cruiser,Online,1.0152972811837309,-0.4562624002228128,0.4648423060426991,0.6144353029096318,-0.21376816867532394,0.18939731827905362,-0.27541110514808603,-0.2575041743210986,0.7457778396648572,2018-07-01,1,0,4,3
2018,7,North America,Hybrid,Hilux,Dealer,1.4452546516647546,1.056278755634779,2.101281192954695,2.2891669919831594,2.110342321229658,0.7093462147635522,-0.7717019195103489,-0.07532010112040201,1.0620725914160827,2018-07-01,5,2,3,1
2018,7,Europe,SUV,Hilux,Fleet,0.8111761052988001,-0.28015163372590135,0.45036344815070634,0.18832173356173879,0.6793847113534449,1.1350026667459268,1.1095865163279965,-0.8189285631640612,1.265404931827587,2018-07-01,1,4,3,2
2018,7,North America,SUV,Prius,Online,1.3048308639992352,-0.17781799116787947,0.9006150725576324,0.5621480274612611,-0.039212788998992436,2.471958068116973,2.0574442635256904,-0.2686583012517533,-0.2708838623926551,2018-07-01,5,4,5,3
2018,8,Europe,Hatchback,Land Cruiser,Corporate,-0.750857573990846,1.641944322584491,-0.12521555252269173,-0.06294595594744581,-0.5258742389501387,-0.06034328838608728,0.060739359231004854,1.1553519035618545,1.446144789971145,2018-08-01,1,1,4,0
2018,8,North America,Hybrid,Fortuner,Corporate,0.3479223727939932,-0.7178959024299791,-0.15009559287057855,0.02844517406077298,0.04438512484474762,-0.892042453231079,-1.6301119036543794,-0.4657145436933228,-0.9712508126989419,2018-08-01,5,2,2,0
2018,8,North America,Pickup,Fortuner,Fleet,-1.5297029117645526,-0.12760550084529199,-1.2591495728551492,-1.2131452534369276,-1.1433335263198057,-1.0945903593253183,-1.0890972077652847,0.2518676221788084,-0.5419936496079921,2018-08-01,5,3,2,2
2018,8,Middle East,Hatchback,Land Cruiser,Fleet,1.5017137003137782,1.1642649738577706,2.2603298007791284,2.328573606771873,3.158441991827369,0.6939963479352986,-0.8467226240069702,-0.6070001514816183,0.4294830879136317,2018-08-01,4,1,4,2
2018,8,Japan,Hybrid,Corolla,Online,-1.114222220424304,-0.8313144660972273,-1.0782469081755586,-0.9967557347057554,-0.8732091278231904,-1.1622124650999721,-2.0095435437045976,0.1886609029050974,1.355774860899366,2018-08-01,2,2,1,3
2018,8,North America,Hybrid,Prius,Online,1.1701977479900256,0.24260150017343426,1.139399609912294,1.3073980563207128,0.6872343756370244,0.43044426431028565,-0.5249992181849218,-0.5214851783465974,-1.874950103416732,2018-08-01,5,2,5,3
2018,8,Latin America,EV,Hilux,Fleet,1.6363468163229877,-0.4885628325940679,0.8625382888373504,0.6201564513866806,0.953496517383354,1.4278357849923722,0.8744254618482035,0.3559728068649205,-1.7393952098090635,2018-08-01,3,0,3,2
2018,8,Middle East,Hybrid,Land Cruiser,Fleet,0.6070549294138696,-0.5428862870366333,0.12618522471321142,0.17616085796544545,0.10182198192256287,-0.08587373203319582,-0.3417755745104818,-0.6441805745838012,-0.4064387560003236,2018-08-01,4,2,4,2
2018,8,Middle East,Sedan,RAV4,Dealer,-1.6440686769766768,0.6077432061157592,-1.3038900558609319,-1.285254292622528,-1.256443753798647,-0.9788342047809625,0.6710039361939039,-0.4434062898320135,1.446144789971145,2018-08-01,4,5,6,1
2018,8,North America,Hatchback,Corolla,Dealer,-1.0809258584005208,-1.7014440681346974,-1.2418664872707583,-1.2391769736978109,-1.0491090842674191,-0.9705266921342831,0.10257782904642807,-0.10506443960214841,0.6780003928610224,2018-08-01,5,1,1,1
2018,9,Asia,Hatchback,Prius,Fleet,0.8546061427211258,0.9081372271684317,1.3475289652804614,1.5733024047517126,1.512332123260952,-0.03983655291759337,-1.1208367365907783,0.09199180283942175,-0.8131034368233291,2018-09-01,0,1,5,2
2018,9,Europe,Hatchback,Land Cruiser,Fleet,-1.7425100951339483,-0.05052492359570591,-1.4219002011079445,-1.3841539678255796,-1.3348753391059027,-1.155042946040292,-0.8770194469767594,0.31135629914230123,0.49726053471746445,2018-09-01,1,1,4,2
2018,9,Latin America,Sedan,Corolla,Fleet,0.4492591267794197,-1.1804527760010666,-0.37400788595449513,-0.1937065014776738,-0.1656362676097455,-1.0584371928964147,-1.9172103689395257,0.7129048686458773,-1.0390282595027767,2018-09-01,3,5,1,2
2018,9,Middle East,SUV,RAV4,Corporate,0.47242181340466005,0.6612591497490432,0.7902148396144734,0.4470879960805948,0.7693250296880929,1.826697142501032,1.4659348626869468,-0.7296955477188222,-0.11273648651704232,2018-09-01,4,4,6,0
2018,9,North America,Hybrid,Corolla,Online,0.536119201624071,0.9198828389397972,1.01942187921137,1.2521245496086795,1.7443299134606838,-0.6454021081683153,-1.651752491489943,-1.4733040097624817,0.5876304637892434,2018-09-01,5,2,1,3
2018,9,Middle East,Pickup,Land Cruiser,Fleet,1.1122910314269248,1.3133608332805413,1.942070757954085,1.7026116486698852,2.3753013858367598,1.9255055104136534,0.30167123713361477,0.9620137034305032,-1.784580174344953,2018-09-01,4,3,4,2
2018,9,Japan,EV,Land Cruiser,Corporate,-0.6393871446068767,-1.589200065644586,-1.0477208753577603,-0.9576793877011617,-0.8935738860889453,-1.1409721475456303,-1.8984551928153703,0.12545418363138638,0.09059585389445993,2018-09-01,2,0,4,0
2018,9,Middle East,Pickup,Yaris,Online,-1.4052034711538859,-0.9526613177101471,-1.2646126537301439,-1.2452905583017493,-1.2020242994382717,-0.9646131037042743,0.37813464748594033,0.021348998945273638,-0.22569889785676558,2018-09-01,4,3,7,3
2018,9,North America,Hybrid,Prius,Dealer,-1.710661401024243,0.36593042377277196,-1.3789270584093622,-1.3390469872775876,-1.2460275732625046,-1.1634059762703164,-1.4642007302483904,0.4266156107590686,-0.09014400424909808,2018-09-01,5,2,5,1
2018,9,Europe,Hatchback,Camry,Online,-0.6089861184112487,0.22057847810212394,-0.4265186592417157,-0.5274865618274991,-0.3303721048391278,0.02779977247107181,0.9335764019320778,0.850472434123954,-0.20310641558882134,2018-09-01,1,1,0,3
2018,9,Europe,Hatchback,Prius,Corporate,-0.9491880782194664,-0.17737753072645326,-0.8203363876928778,-0.8931275966255635,-0.656155776184099,-0.38637476709722135,1.0504355762441222,-0.026985551087563855,1.0168876268801943,2018-09-01,1,1,5,0
2018,10,Middle East,Pickup,Hilux,Corporate,0.2610622979493419,-1.2182589638901493,-0.48877944175054183,-0.5316135618946628,-0.15206824572103805,-0.3851351396938202,-0.014281345265616224,-0.5140490937261609,-0.15792145105293284,2018-10-01,4,3,3,0
2018,10,Latin America,Hybrid,RAV4,Dealer,1.7145208836831738,0.49586625399350276,1.8588415210084919,2.1079834517138853,1.5640996964645768,0.5117689299065498,-0.829410153738519,-0.8338007324049344,0.542445499253355,2018-10-01,3,2,6,1
2018,10,Europe,Pickup,Hilux,Fleet,1.0616226544342116,-0.7102612547785916,0.2977691446229681,0.4551847330683494,0.8179949742794387,-0.7198235670241084,-1.519023552765152,0.31135629914230123,0.2939281943059622,2018-10-01,1,3,3,2
2018,10,Latin America,EV,Land Cruiser,Online,1.6421374879792978,0.8946297736313613,2.1648426454082363,1.9196785667393268,0.7339881552416052,3.290210185952391,1.2033623969487728,0.25558566448902664,-0.6323635786797711,2018-10-01,3,0,4,3
2018,10,Japan,Hybrid,Prius,Corporate,-0.5959571071845511,-0.29769664130937856,-0.5915226208120988,-0.6526292446694733,-0.7788472990379015,-0.050742608248398,1.2625133370326471,2.073708354185774,0.6554079105930782,2018-10-01,2,2,5,0
2018,10,Latin America,Hybrid,Corolla,Corporate,0.6924673363444434,1.0235378628220977,1.2556683015171626,0.9122280069388496,1.0334590592752952,2.270482984290856,1.295695571713845,-2.027292313985008,1.1524425204878617,2018-10-01,3,2,1,0
2018,10,North America,Sedan,Yaris,Online,0.07141780120518651,-0.8333699481572162,-0.38118687479448127,-0.5365801757681934,-0.13757020875312323,0.16709141589022253,1.1543103978548281,0.42289756844884974,0.6780003928610224,2018-10-01,5,5,7,3
2018,10,North America,SUV,Fortuner,Fleet,0.735897373766769,-0.6399344042975407,0.1444060554496689,0.1273992911321728,-0.03548565190337891,0.27596761468458547,0.2583900614624876,0.5381568800656171,1.71725457718648,2018-10-01,5,4,2,2
2018,11,Europe,Hybrid,Camry,Fleet,-1.2546460080898234,-0.8107596454973377,-1.1575574552953622,-1.180496409124097,-1.0731045660785226,-0.7487140369165656,1.289924748291028,-0.5772558129998719,-0.7453259900194954,2018-11-01,1,2,0,2
2018,11,Latin America,Hybrid,Prius,Corporate,-1.4240231540368935,0.29303422071673485,-1.1270525068963038,-1.133671430275464,-1.0019054934919838,-0.815113068031317,0.533946879902,-0.5214851783465974,0.8813327332725267,2018-11-01,3,2,5,0
2018,11,Europe,EV,Land Cruiser,Corporate,-1.0867165300568309,-0.2744990580609317,-0.9456633661401282,-0.938287290094371,-0.8479460266932405,-0.7275206314691991,0.08237994706656844,0.935987407258975,-0.6549560609477163,2018-11-01,1,0,4,0
2018,11,North America,Pickup,Corolla,Corporate,-1.3588780979034052,-0.565937050137938,-1.186146335829694,-1.1953866462490363,-1.1172665308984722,-0.8091441728170009,1.079289693358207,-0.3393011051459008,-0.7001410254836059,2018-11-01,5,3,1,0
2018,11,Asia,Pickup,RAV4,Online,-0.6191197938097914,-0.9486237636637401,-0.8259089825164212,-0.8025284283244316,-0.9296907810593281,-0.5775477950643707,0.29157229614368496,-1.6480519983427415,-1.5812478339334497,2018-11-01,0,3,6,3
2018,11,Asia,Hybrid,RAV4,Dealer,0.34647470487991566,0.11714368444053655,0.34354711174278063,0.09243430528798845,0.4169900191314499,1.121800681504934,1.2827112190125067,-0.5289212629670338,2.0561418112056518,2018-11-01,0,2,6,1
2018,11,Latin America,Pickup,Fortuner,Corporate,-1.159099925760707,0.4226030005696105,-0.8668414546869692,-0.803755631057226,-0.9872606744096476,-0.7426827609611131,-0.26675487001386045,-1.543946813656629,-1.4005079757898917,2018-11-01,3,3,2,0
2018,11,North America,Pickup,Land Cruiser,Dealer,0.2871203204027373,-0.7337524783213226,-0.19687998578948476,-0.1365033310237661,-0.050378798939161175,-0.45183582709979964,-0.6577281569097131,0.19237894521531562,0.7683703219328014,2018-11-01,5,3,4,1
2018,11,Europe,Sedan,Hilux,Corporate,0.3971430818726289,0.24326219083557357,0.46263145413483625,0.686425362841783,0.82510939731456,-0.7554639784164232,-1.634440021221492,0.9211152380181015,0.40689060564568547,2018-11-01,1,5,3,0
2018,11,Latin America,SUV,RAV4,Online,-0.7942876114131716,-1.45038161652176,-1.0676685540878008,-0.9822232125991323,-1.045744388463161,-1.0526245470914046,-1.3271436739564861,-1.4435596712807353,-0.7453259900194954,2018-11-01,3,4,6,3
2018,12,Europe,Pickup,RAV4,Fleet,0.2422426150663341,1.7207133315262109,1.1607375815745231,1.2712019395749383,0.6110673886630543,0.7219800621812743,-0.2278018119098457,-0.8486729016458076,-0.1805139333208771,2018-12-01,1,3,6,2
2018,12,Japan,Sedan,Hilux,Corporate,0.25961463003526436,-0.34981779354481296,0.004669070251404881,0.08081547395390144,-0.3464246294092473,-0.05631341019667107,-0.13114051957766076,1.8878062386748593,0.09059585389445993,2018-12-01,2,5,3,0
2018,12,Latin America,EV,Prius,Fleet,-1.6701266994300723,-1.51850616479568,-1.4420153333145804,-1.4113010694085957,-1.3324206713532147,-1.1568036270791409,-0.5884782758359088,-0.5921279822407448,0.6102229460571897,2018-12-01,3,0,5,2
2018,12,Asia,SUV,Corolla,Corporate,0.966076572105095,-0.7962244509302728,0.17326536780764892,-0.016935431644886405,0.11675277993049292,0.862862733565974,1.2048051028044773,-0.287248512802845,0.00022592482268092738,2018-12-01,0,4,1,0
2018,12,Latin America,Hatchback,Hilux,Online,-0.18481941958653486,0.18064339807948127,-0.07543924648581235,0.05831072981876354,0.3278679390624024,-0.80821961110485,-1.4973829649295882,-1.8004917330616919,-0.29347634466060035,2018-12-01,3,1,3,3
2018,12,Middle East,Hybrid,Yaris,Corporate,0.6070549294138696,0.235627543184186,0.6414904078109142,0.9489629551781028,0.398495353984001,-0.5596401486366922,-1.4295757897114882,1.3152277229012412,0.7909628042007477,2018-12-01,4,2,7,0
2018,12,Asia,EV,Yaris,Online,-0.9216823878519935,-0.22825071171118008,-0.8122097366359462,-0.8738518168456525,-0.5396356233461912,-0.49189475840703784,0.5873269965630569,0.34481867993426585,0.6554079105930782,2018-12-01,0,0,7,3
2018,12,Japan,SUV,RAV4,Fleet,-1.5673422775305683,0.0416047187359422,-1.274770910719991,-1.2831510836588447,-1.1765567961156824,-0.8908709311249996,1.3389767473849727,3.5088726859300365,-1.1068057063066103,2018-12-01,2,4,6,2
2018,12,Asia,SUV,Yaris,Online,0.2103939209566286,-1.6953510320283016,-0.7785625847001613,-0.8453718450197674,-0.8331034363980684,-0.24053394890270344,1.4240963928715236,0.7761115879195883,1.2202199672916965,2018-12-01,0,4,7,3
2018,12,Middle East,EV,Corolla,Corporate,-1.4717961952014518,-0.9125794175403623,-1.2974118824109466,-1.2726317922611696,-1.2156049605121317,-1.019395365512966,0.06939559436523018,-1.094063694120215,0.9265176978084152,2018-12-01,4,0,1,0
2018,12,Middle East,Hatchback,Prius,Fleet,-0.13270337467974408,-0.05603067911353348,-0.14049371447766676,-0.1352283082916758,-0.15944705219347438,-0.10222178536409735,-0.0012969925642779708,-0.16827115887585944,1.0168876268801943,2018-12-01,4,1,5,2
2019,1,Middle East,Hybrid,Fortuner,Corporate,-0.5698990847311557,1.3706206906659482,0.006798283971882862,0.01924365458347486,0.5043115081593549,-0.3603389736259838,-0.7024520384365449,-1.3357364442844046,1.5139222367749778,2019-01-01,4,2,2,0
2019,1,Latin America,Sedan,RAV4,Dealer,-1.0432864926345053,-1.3768247228035835,-1.1568380276489267,-1.112372128339467,-0.9434583551165959,-1.0823367331436446,-1.325700968100782,0.5121305838940889,-0.4968086850721026,2019-01-01,3,5,6,1
2019,1,Europe,EV,Hilux,Corporate,1.4611789987196075,0.18592892337659575,1.3438339919354518,1.008188427919559,0.6041613710506095,2.6320614402302747,1.5452836847506808,0.10686397208029463,-0.11273648651704232,2019-01-01,1,0,3,0
2019,1,Latin America,Sedan,RAV4,Online,0.35950371610661336,1.534765615170781,1.1990258346266944,1.522078636052108,1.980947634980698,-0.8980512554278801,-1.959048838754949,-0.29840263973349973,-0.09014400424909808,2019-01-01,3,5,6,3
2019,1,Europe,SUV,Fortuner,Dealer,1.7246545590817164,-0.06006823315994037,1.3342984925212142,0.9258069318756069,1.5546914607017046,2.2829577071151164,1.20913322037159,0.17007069135400565,1.7850320239903148,2019-01-01,1,4,2,1
2019,1,Middle East,Pickup,Yaris,Online,0.37977106690369866,-0.8838026687005168,-0.23010937071137066,-0.2819108277083696,0.09797232851429559,-0.1717813594360259,0.003031125002834695,-0.43968824752179464,-0.7453259900194954,2019-01-01,4,3,7,3
2019,2,Middle East,Hybrid,Land Cruiser,Dealer,-0.8464036563199624,1.1617690313563553,-0.3758820123070115,-0.46645614316658573,-0.1335159089708656,-0.07045986403582778,0.5469312326033382,-0.27609438587218976,1.536514719042922,2019-02-01,4,2,4,1
2019,2,Middle East,Sedan,Corolla,Corporate,-0.17179040835983717,-1.6507911173706837,-0.8950891768232005,-0.96181616439031,-0.9351762120576821,-0.3286398503349052,1.7097521523009656,-0.008395339536472767,0.09059585389445993,2019-02-01,4,5,1,0
2019,2,Europe,Hatchback,RAV4,Online,-1.5065402251393123,0.20986060736075293,-1.2084959901878722,-1.221090169236523,-1.032629083279364,-0.8801767044491496,0.6724466420496078,-0.8114924785436247,0.1583733006982947,2019-02-01,1,1,6,3
2019,2,Japan,Hatchback,Land Cruiser,Dealer,1.2121801174982738,0.4138672018146574,1.317247733362183,1.5298052046045694,0.9817112737218745,0.30935875732245216,-0.7572748609533064,1.1925323266640373,-0.9712508126989419,2019-02-01,2,1,4,1
2019,2,Asia,Hatchback,Land Cruiser,Corporate,-0.009651601983154717,-0.11842924164891268,-0.07354315482913708,-0.17234194253019183,-0.05619939908423263,0.3080762402018802,0.7041861708751017,-0.9453420017114835,0.8135552864686919,2019-02-01,0,1,4,0
2019,2,Middle East,EV,Yaris,Dealer,-0.7523052419049234,-1.4886282648522688,-1.0613121417352551,-1.0299607126663464,-1.035764288937327,-0.8487622831838233,-0.0763176970608993,-1.1870147518756726,1.2202199672916965,2019-02-01,4,0,7,1
2019,2,Japan,SUV,Fortuner,Corporate,-0.25720281529041095,1.265644285459369,0.3297961777791684,0.32269097910971445,0.20361665518529481,0.32959409548270036,0.08670806463368136,1.7799830116785282,0.04541088935857143,2019-02-01,2,4,2,0
2019,2,North America,Hybrid,Fortuner,Fleet,1.632003812580755,0.0016696387132995156,1.3184221525353872,0.8999066665693622,0.5313299349325049,2.9545859829747383,1.90451744282104,1.397024653726044,1.7398470594544262,2019-02-01,5,2,2,2
2019,2,Middle East,Hybrid,Prius,Online,-1.3487444225048624,-1.394883600902058,-1.29465257987492,-1.253120656232503,-1.2622330427259099,-1.048444931318744,-0.3230203983863264,-0.2091696242882605,-2.7334644295986315,2019-02-01,4,2,5,3
2019,2,Japan,SUV,Fortuner,Online,1.3916909388438865,0.8864812554649766,1.8946941542926492,1.5814388925485203,1.7592078047625261,2.5330537826204353,0.8455713447341185,0.1886609029050974,-0.11273648651704232,2019-02-01,2,4,2,3
2019,2,Japan,SUV,Land Cruiser,Dealer,-0.4555333195190315,0.6904763590303148,-0.11547977954608436,-0.0791899908804072,-0.45519061527372584,0.00417062572714536,0.1747131218316407,0.4972584146532161,0.00022592482268092738,2019-02-01,2,4,4,1
2019,3,Europe,EV,Prius,Online,0.22631826801148133,0.7342287628786514,0.5879583757507695,0.4452663711963898,0.5457754393070435,0.9559009625108706,0.6450352307912273,-1.6852324214449244,0.4294830879136317,2019-03-01,1,0,5,3
2019,3,Japan,Pickup,Fortuner,Dealer,0.08878981617411677,1.3903680004565564,0.7927896961100145,0.999035243667922,0.630334975153656,-0.13139617001243067,-0.9563682690404934,-2.317299614182035,-0.7001410254836059,2019-03-01,2,3,2,1
2019,3,Asia,Hybrid,Fortuner,Dealer,-1.2763610268009864,0.10943562671557794,-1.024781169847112,-1.0226760773191776,-1.0665548493805275,-0.6718862941372479,0.7792068753717227,-0.9602141709523564,1.175035002755808,2019-03-01,0,2,2,1
2019,3,Middle East,EV,Yaris,Corporate,1.4278826366958244,-0.5519157260858705,0.6648477382571681,0.8671945592978684,1.1687230900914707,-0.6296210813052122,-1.5291224937550818,0.24071349524815377,-0.7001410254836059,2019-03-01,4,0,7,0
2019,3,Middle East,Pickup,Camry,Fleet,0.6461419630939627,-0.0010465340088287554,0.51652618366236,0.2970234658730294,1.011877256352871,0.8503458365940663,0.6003113492643951,-1.2093230057369826,-0.7679184722874396,2019-03-01,4,3,0,2
2019,3,Japan,Hatchback,RAV4,Online,-1.2155589744097304,-0.4841582281798058,-1.0773114931075038,-1.0473205527056917,-0.962593263766034,-0.9115493344467133,-0.39948380873865197,0.40802539920797687,-1.0164357772348314,2019-03-01,2,1,6,3
2019,3,Europe,EV,Camry,Fleet,0.47821248506097014,0.7334212520693699,0.8412142124322154,1.1419810783020348,0.38528982715135035,-0.26368371855837996,-1.142477324426342,2.0625542272551187,-0.7905109545553839,2019-03-01,1,0,0,2
2019,3,Latin America,Pickup,Corolla,Fleet,-0.8768046825155903,-1.6008722673423803,-1.142499912514371,-1.1567016403712278,-1.1061008435465103,-0.740414133111349,1.2105759262272942,-0.5103310514159427,0.40689060564568547,2019-03-01,3,3,1,2
2019,3,Europe,EV,Yaris,Dealer,-0.6176721258957139,-0.4441497380835921,-0.6563866186438277,-0.7481669145414555,-0.38998291744454977,-0.27042363634888505,0.8022901690629908,-0.6330264476531465,-0.29347634466060035,2019-03-01,1,0,7,1
2019,4,North America,Sedan,Camry,Fleet,1.626213140924445,0.9435208826296703,2.193801753559497,2.4669795194889264,1.4293560519502462,0.9485135819285327,-0.6245459222285151,0.6348259801312928,-1.3101380467181136,2019-04-01,5,5,0,2
2019,4,Europe,Pickup,Camry,Corporate,0.6113979331561021,-1.499786596035066,-0.505414565070075,-0.5884320538171574,-0.13543202243312566,-0.2676678820367161,0.35216594208326385,-1.2130410480472007,-0.1805139333208771,2019-04-01,1,3,0,0
2019,4,Latin America,Hybrid,Hilux,Dealer,0.8372341277521955,0.9708294299980951,1.3745752733677437,1.310046387841633,1.3077337073838862,1.210185135940613,0.10257782904642807,0.3522547645547023,1.897994435330038,2019-04-01,3,2,3,1
2019,4,Latin America,Hybrid,Corolla,Fleet,1.0616226544342116,1.5153119456744568,2.0413996535470638,1.9718794259320895,1.3983516536093614,2.0471425250448774,0.3276399425362913,1.2817653421092765,-1.4908779048616707,2019-04-01,3,2,1,2
2019,5,Europe,SUV,Yaris,Fleet,1.590021443072507,-1.352599398525142,0.0320089973398175,0.14049420565962528,-0.08348041937818962,-0.3094005046465026,-0.634644863218445,-1.718694802236889,0.3165206765739084,2019-05-01,1,4,7,2
2019,5,Latin America,Hatchback,Fortuner,Online,1.5089520398841658,0.9981379773665198,2.118431406919103,2.1771951187021896,1.6870057158336524,1.4848019463436617,-0.1686508718259713,1.0847090996677071,-0.4064387560003236,2019-05-01,3,1,2,3
2019,5,Europe,Hybrid,RAV4,Corporate,0.599816589843482,1.214550874253929,1.2812267657160112,1.288748586247884,1.2174261828612467,0.8763972808183612,-0.1585519308360415,-1.2390673442187286,-0.6775485432156606,2019-05-01,1,2,6,0
2019,5,Middle East,SUV,Corolla,Online,-0.41210328209670577,1.1208796203772893,0.09536491933413323,0.3327406272678757,0.3953582531203237,-1.013719704666412,-1.9431790743422022,0.6311079378210745,1.4913297545070334,2019-05-01,4,4,1,3
2019,5,Latin America,EV,RAV4,Online,0.5925782502730944,1.1514916210564106,1.2315097347431363,1.175980061969907,1.5895374768682362,0.8081916073044668,-0.19173416551723937,-0.2537861320108798,0.4746680524495202,2019-05-01,3,0,6,3
2019,5,Europe,Hatchback,Prius,Fleet,-1.0765828546582883,0.6383552067948804,-0.7449059987656949,-0.6604437567145302,-0.7101633570908401,-0.8395975684386434,-0.9390557987720423,-1.2130410480472007,0.9491101800763595,2019-05-01,1,1,5,2
2019,5,North America,Pickup,Corolla,Corporate,1.0080589416133432,1.1855538951933704,1.7226250654266069,1.4204990998567093,1.6285957243863398,2.348991832189225,0.8498994623012309,0.8839348149159186,-0.4516237205362131,2019-05-01,5,3,1,0
2019,5,Middle East,EV,Prius,Fleet,-0.6842648499432799,-0.4554548894135314,-0.7060709431935631,-0.6356759873899451,-0.3706181848596307,-0.9534084909714993,-1.4021643784531075,-1.8004917330616919,0.3165206765739084,2019-05-01,4,0,5,2
2019,6,North America,EV,Prius,Dealer,-1.0432864926345053,0.7660153247349092,-0.6840497738497142,-0.6122896091075919,-0.8907680653919389,-0.5966025625339882,-0.20760392992998633,-0.867263113196899,0.06800337162651568,2019-06-01,5,0,5,1
2019,6,Latin America,EV,Land Cruiser,Fleet,0.8213097806973428,0.776219324961283,1.2175624201623934,1.1238172261755062,0.2450476800957084,1.7931382812653902,0.8470140505898225,0.958295661120285,-1.4682854225937263,2019-06-01,3,0,4,2
2019,6,Japan,Hybrid,Hilux,Corporate,-0.9028627049689857,0.19202195948299158,-0.6895863944493701,-0.7561079052459397,-0.36044297099327405,-0.42723832120008204,0.3867908826201657,1.170224072802728,0.09059585389445993,2019-06-01,2,2,3,0
2019,6,Europe,EV,Corolla,Fleet,-1.5702376133587232,-0.12114541437104095,-1.29012900592283,-1.245084653713697,-1.213773163542387,-1.0866301072624032,-0.8308528595942233,0.2667397914196813,-1.9879125147564551,2019-06-01,1,0,1,2
2019,6,Japan,Sedan,Fortuner,Dealer,-0.9072057087112183,1.5274980178872486,-0.35008536805711543,-0.3826844918532502,-0.24327850197726772,-0.18267910469591522,0.21078076822424702,1.4081787806566985,-0.20310641558882134,2019-06-01,2,5,2,1
2019,6,Europe,Pickup,Camry,Corporate,0.08589448034596173,0.9075499465798634,0.5370637146352597,0.574199369236585,0.7691233918971688,0.07486567526967473,-0.5048013362050622,0.307638256832083,-0.15792145105293284,2019-06-01,1,3,0,0
2019,6,Middle East,Hybrid,Corolla,Fleet,-0.9998564552121797,0.6629475814411769,-0.6638658473334164,-0.686351490689908,-0.49726872972473674,-0.4702080358887867,0.1646141808417109,-1.1609884557041443,0.9265176978084152,2019-06-01,4,2,1,2
2019,6,Japan,EV,Fortuner,Fleet,-0.6799218462010473,-0.19550981889849875,-0.6204683451881218,-0.5800792424102511,-0.7148768457116406,-0.5085492117245235,-0.07487499120519508,1.289201426729713,0.45207557018157596,2019-06-01,2,0,2,2
2019,6,Europe,Hybrid,Hilux,Corporate,0.563624891991544,-0.32500518867780337,0.2389507770848124,0.19953353337807095,0.6071656686221544,0.07248349700483642,-0.20760392992998633,0.5716192608575817,0.2035582652341832,2019-06-01,1,2,3,0
2019,6,Japan,SUV,RAV4,Online,-1.5456272588194053,1.6255004661045793,-1.1201958937040313,-1.1416491787887162,-0.9304782143913888,-0.7964576242058002,0.6190665253885508,1.225994707456002,0.6328154283251339,2019-06-01,2,4,6,3
2019,6,Asia,EV,RAV4,Dealer,-1.691841718141235,-1.3580317439693987,-1.4432333136925393,-1.4194943316160797,-1.3189618410920694,-1.1409854579991654,0.008801948425651582,0.5232847108247443,-0.1805139333208771,2019-06-01,0,0,6,1
2019,6,North America,Hybrid,Hilux,Corporate,1.61752713343998,-1.598229504693823,-0.1845787050690417,-0.20852518399579104,0.2753601849784045,-0.32946032321056673,-0.4110254555842857,0.6125177262699835,-0.11273648651704232,2019-06-01,5,2,3,0
2019,7,Europe,Pickup,Prius,Fleet,0.6389036235235751,1.3944055545029632,1.4462026526156193,1.4187207639766315,1.928654695519788,0.7685774691372017,-0.3807286326144965,-0.39507173979917537,-1.6038403162013948,2019-07-01,1,3,5,2
2019,7,Latin America,SUV,Camry,Dealer,-0.8608803354607376,1.5471719176042857,-0.2882901761157451,-0.27797219493811276,-0.46460823073674606,-0.11997105718400627,0.23097865020410663,-0.4619965013831046,-0.11273648651704232,2019-07-01,3,4,0,1
2019,7,North America,Hybrid,Prius,Corporate,0.8155191090410328,1.410996231130017,1.6672104959789769,1.8467218238097458,0.4867951701554523,1.209425010384076,-0.11671346102061829,-1.4435596712807353,-1.1068057063066103,2019-07-01,5,2,5,0
2019,7,North America,EV,Fortuner,Corporate,-0.5959571071845511,-0.4812952353105355,-0.6539910081232339,-0.6817628232103066,-0.591754120994155,-0.3770182510396927,0.4430564109926316,-1.0754734825691237,-1.3553230112540022,2019-07-01,5,0,2,0
2019,7,North America,Hatchback,Yaris,Online,-1.547074926733483,-1.079000054325897,-1.35440249795155,-1.3152377987180803,-1.2377833051953264,-1.1337833626010931,-1.0789982667753548,1.7688288847478737,1.265404931827587,2019-07-01,5,1,7,3
2019,7,Japan,Sedan,Prius,Fleet,-1.2893900380276841,-1.0370094922432656,-1.2132371428384676,-1.1755736536547479,-1.1802625931053472,-0.9794825222410035,-0.20039040065146496,1.4676674576201914,-1.3779154935219473,2019-07-01,2,5,5,2
2019,8,Asia,EV,Prius,Online,-1.5181215684519325,0.3258485236029872,-1.2076744366641443,-1.1954188991889534,-1.181683085631211,-0.8764314809632529,0.6984153474522843,0.03622116818614717,-1.7168027275411182,2019-08-01,0,0,5,3
2019,8,Latin America,SUV,Fortuner,Fleet,1.199151106271576,-0.20997160339199253,0.7935499286423131,0.598100856699629,0.3718160637444718,1.5343511550190123,1.0994875753380666,0.19237894521531562,0.7005928751289687,2019-08-01,3,4,2,2
2019,8,Middle East,Sedan,Land Cruiser,Fleet,0.6273222802109549,-0.6653342897531186,0.05796906004277668,-0.0952538418172423,0.05056082515927728,0.6156981585421237,1.0114825181401073,0.6831605301641309,-0.6549560609477163,2019-08-01,4,5,4,2
2019,8,Asia,Hybrid,Land Cruiser,Dealer,-0.52067837565252,-1.3704380464029036,-0.9230429673860561,-0.9139679544335932,-0.8082607953925591,-0.7295376599121941,-0.015724051121320703,-0.2500680897006616,0.04541088935857143,2019-08-01,0,2,4,1
2019,8,Asia,Hybrid,Camry,Corporate,-1.5731329491868784,-0.9169106118810533,-1.355220868921506,-1.3559920631773883,-1.2314516558848363,-0.9898573080700619,1.3880287464789172,-0.8300826900947161,-0.20310641558882134,2019-08-01,0,2,0,0
2019,8,Middle East,Sedan,Fortuner,Fleet,0.5375668695381486,-1.1623204878290212,-0.3185895088086021,-0.4158615127322282,0.01488722911032712,-0.0651644330293648,0.4243012348684765,0.5716192608575817,-0.5194011673400478,2019-08-01,4,5,2,2
2019,8,Europe,Sedan,Fortuner,Corporate,-1.1330419033073116,0.795526174310465,-0.7694308149644352,-0.8474585164081899,-0.8372424111041821,-0.18401247744287885,1.5928929779889214,-0.7073872938575122,0.8813327332725267,2019-08-01,1,5,2,0
2019,8,Japan,SUV,Corolla,Online,-0.260098151118566,-1.5207084670028108,-0.8717952417114595,-0.8768335301773056,-0.6261815139968675,-0.7260662414323975,-0.1787498128159011,-0.11993660884302128,-1.0842132240386662,2019-08-01,2,4,1,3
2019,8,Europe,Pickup,Camry,Fleet,0.6808859930318232,-1.4320290981290014,-0.43073199103234805,-0.46610115796431945,-0.5266884247013931,-0.09690745127656367,0.6190665253885508,-0.4954588821750692,-0.4516237205362131,2019-08-01,1,3,0,2
2019,8,Europe,Hatchback,Fortuner,Online,0.33778869739545053,1.3588750788945827,1.0687417729385469,1.1564212054524798,0.5733296111649882,0.7102781300639089,-0.1686508718259713,-0.6850790399962022,0.24874322977007368,2019-08-01,1,1,2,3
2019,8,Asia,Sedan,Fortuner,Dealer,-1.722242744336863,1.38992754001513,-1.349420437346674,-1.348898838843206,-1.2574873736912993,-0.9703934456322336,1.587122154566104,-1.079191524879342,0.9265176978084152,2019-08-01,0,5,2,1
2019,8,Middle East,SUV,RAV4,Corporate,0.5303285299677609,-0.3860089598153329,0.1757102510803922,-0.0657088206371808,-0.4092885962258876,1.3939727622551674,2.093511909918297,0.017630956635055418,-0.5194011673400478,2019-08-01,4,4,6,0
2019,8,Japan,Pickup,Fortuner,Fleet,-0.46711466283165165,0.32702308478012376,-0.2631955122978556,-0.33043350470833943,-0.20254801096055033,0.034722428649303506,0.5325041740462955,0.028785083565710735,-0.7905109545553839,2019-08-01,2,3,2,2
2019,9,Europe,Pickup,Land Cruiser,Fleet,-0.15152305756275186,1.3579941580117303,0.4936717535434075,0.626807081289191,0.43167647225420774,-0.12445527613240415,-0.7500613316747853,0.08827376052920353,1.0394801091481385,2019-09-01,1,3,4,2
2019,9,Europe,Sedan,Prius,Fleet,1.490132357001158,-1.0568302121074449,0.2527244151597091,0.2499215127032524,-0.19169071121356568,0.46529581264457215,0.40843147045572975,-0.5661016860692173,2.0561418112056518,2019-09-01,1,5,5,2
2019,9,Asia,Hatchback,Fortuner,Corporate,-1.0606585076034356,-1.3486352545523064,-1.1584444216653693,-1.0905483340324105,-0.9735092633656509,-1.1526610717849504,-1.8739291932683981,-0.23147787814957047,0.022818407090625176,2019-09-01,0,1,2,0
2019,9,Latin America,Hatchback,Corolla,Online,0.35805604819253584,1.4886640889681713,1.1698118948484002,1.299212433371852,1.604960609445207,0.02701241368645022,-0.9736807393089443,1.0400925919450872,-2.4397621601153503,2019-09-01,3,1,1,3
2019,9,Japan,Sedan,Corolla,Corporate,0.96318123627694,-0.3686841824525688,0.4952372858426697,0.753930032246285,0.7136054507666587,-0.7714916917781063,-1.6676222559026899,0.7723935456093701,0.4746680524495202,2019-09-01,2,5,1,0
2019,9,Asia,Pickup,Hilux,Dealer,-1.4269184898650487,0.42766829564601183,-1.1137328942157805,-1.122233345421768,-1.1032565340440967,-0.7257086230156357,1.0677480465125733,0.021348998945273638,2.0335493289377076,2019-09-01,0,3,3,1
2019,10,Japan,EV,Land Cruiser,Dealer,1.1774360875604133,-0.24058360407111384,0.7522250930567252,1.0261851192512026,0.8054290771351064,-0.5495219812391146,-1.458429906825573,1.1441977766312,1.1976274850237523,2019-10-01,2,0,4,1
2019,10,Middle East,EV,Fortuner,Online,0.6635139780628929,-0.07093292404845346,0.48329827635472544,0.6195960218806164,0.7095123597525506,-0.32774115380810354,-1.0313889735371145,-0.640462532273583,0.9717026623443037,2019-10-01,4,0,2,3
2019,10,Middle East,Pickup,Camry,Dealer,-0.886938357914133,1.1902521399019166,-0.41387602121356154,-0.40778132638289355,0.0028921854006143054,-0.5685111758678791,-0.6404156866412621,-0.5140490937261609,-0.5194011673400478,2019-10-01,4,3,0,1
2019,10,Middle East,Pickup,Prius,Fleet,1.0124019453555757,-0.8719102367820093,0.14267710469734363,0.04996776918648057,-0.36868959126612555,0.7695361114611512,1.108143810472292,-0.9788043825034481,0.2035582652341832,2019-10-01,4,3,5,2
2019,11,Europe,Hatchback,Yaris,Dealer,-0.37880692007292277,0.9700219191888136,0.07226293199676899,0.055626335525983936,-0.48560916430877304,0.46791180002458777,0.71717052357644,-0.17570724349629588,0.00022592482268092738,2019-11-01,1,1,7,1
2019,11,Middle East,Hybrid,Camry,Corporate,0.4970321679439779,0.7414229500886127,0.8652304167562598,0.8317492814342075,1.3081861149417653,0.42463794821244044,-0.33023392766484777,1.884088196364641,-0.13532896878498657,2019-11-01,4,2,0,0
2019,11,Middle East,Sedan,Corolla,Fleet,-0.4627716590894191,-1.5058796321414618,-0.9482003445626502,-0.9636068414978805,-0.821182733588619,-0.6629541179769894,0.4156449997342511,0.7389311648174055,2.0561418112056518,2019-11-01,4,5,1,2
2019,11,Japan,Hybrid,Camry,Fleet,1.7434742419647242,-0.6991029235957944,0.7321018339717071,0.596845725701014,1.2619870414399041,0.6591142222684623,0.08237994706656844,0.46379603386125146,-0.7679184722874396,2019-11-01,2,2,0,2
2019,11,North America,EV,Prius,Dealer,1.371423588046801,0.9718571710280896,1.9474115094184663,2.3503285816671053,1.999732600391593,-0.22463514847373314,-1.4728569653826158,-0.05301184725909204,0.00022592482268092738,2019-11-01,5,0,5,1
2019,12,North America,SUV,RAV4,Fleet,0.9791055833317928,0.8740015429579007,1.4527505296763443,1.5305719463460938,1.0660853146290707,0.9363070485387238,-0.223473694342733,0.8579085187443904,-0.4742162028041583,2019-12-01,5,4,6,2
2019,12,Asia,EV,Fortuner,Dealer,1.2802205094599173,0.12382400113550067,1.1357766702620358,1.1443783597253347,0.2280448330707332,1.3145460508916273,0.4286293524355894,1.817163434780711,-1.0164357772348314,2019-12-01,0,0,2,1
2019,12,Latin America,SUV,Yaris,Fleet,0.20605091721439603,-1.0432493484968035,-0.4184039143457707,-0.37419849154943474,-0.49666375586667544,-0.39692552710270207,-0.19029145966153516,-0.3244289359050279,0.542445499253355,2019-12-01,3,4,7,2
2019,12,Latin America,SUV,RAV4,Fleet,0.9704195758473276,-1.6473408439128452,-0.47019034407760424,-0.5238439855802058,-0.4040937970399698,-0.15899525631866093,0.5599155853046764,-1.417533375109207,0.7231853573969129,2019-12-01,3,4,6,2
2019,12,Asia,SUV,Land Cruiser,Corporate,0.0641794616347989,-1.7015908882818396,-0.8341010748352905,-0.8141545731065846,-0.7392592653560428,-0.6973968136902586,-0.17442169524878845,-0.6330264476531465,0.06800337162651568,2019-12-01,0,4,4,0
2019,12,Europe,Sedan,Fortuner,Dealer,1.7420265740506466,1.4898386501453078,2.844359732006303,2.201590629101809,3.3238839432783838,4.009366542218184,1.1326698100192645,-0.10506443960214841,-1.1293981885745557,2019-12-01,1,5,2,1
2019,12,Europe,Pickup,Land Cruiser,Online,-0.19929609872731008,-1.6381645847164659,-0.8996228667497802,-0.8757237921399212,-0.7091502598670469,-0.8175309100517487,-0.5048013362050622,-1.8190819446127833,-1.784580174344953,2019-12-01,1,3,4,3
2019,12,Latin America,Hybrid,Camry,Online,-0.9390544028209238,-1.2700130657577287,-1.084124232522776,-1.0338045483959861,-0.9900895153595124,-0.9787754406056326,-0.8092122717586597,-0.6702068707553294,0.4746680524495202,2019-12-01,3,2,0,3
2019,12,Middle East,Hatchback,Land Cruiser,Fleet,0.4159627647556367,0.2604401480511956,0.48961269036374355,0.35262589909010805,0.09270985749124772,1.0953810201176932,0.9869565185931348,-0.0158314241569092,1.1072575559519733,2019-12-01,4,1,4,2
2019,12,Europe,EV,Corolla,Dealer,1.6508234954637628,-0.7336056581741806,0.6418052248934191,0.6069825758253841,1.0909475304661758,0.2750814929656969,-0.32590581009773484,-0.08275618574083844,0.9717026623443037,2019-12-01,1,0,1,1
2020,1,Latin America,Hybrid,Yaris,Corporate,-1.2025299631830326,0.7318062304508072,-0.8519189715316794,-0.8191236685961413,-0.8686096293295259,-0.6859686234826826,-0.07054687363808217,0.043657252806583606,0.06800337162651568,2020-01-01,3,2,7,0
2020,1,North America,Pickup,Corolla,Fleet,-1.4631101877169868,-1.4753410415359116,-1.3534797846829247,-1.3376546166500982,-1.2586984079024235,-1.032071220733517,0.6363789956570015,-1.4547137982113898,0.04541088935857143,2020-01-01,5,3,1,2
2020,1,Asia,SUV,Camry,Online,1.196255770443421,-1.2209017265387065,-0.0370434969968583,0.11258643900934857,-0.1958441195017314,-0.4817881921265792,-0.8900037996780976,-0.703669251547294,0.3165206765739084,2020-01-01,0,4,0,3
2020,1,Japan,Hybrid,Hilux,Corporate,0.08299914451780668,-0.27435223791378965,-0.08268663181623885,0.07015250010042208,-0.5827591543269498,-0.30607556281789516,-0.4975878069265411,1.270611215178622,0.6102229460571897,2020-01-01,2,2,3,0
2020,1,Japan,Pickup,Yaris,Corporate,1.3873479351016538,-0.19609709948706702,0.9477083152707209,0.7912654808480547,1.071329212188081,1.1435835957827927,0.4372855875698147,-2.1574237948426482,0.06800337162651568,2020-01-01,2,3,7,0
2020,1,Europe,EV,Camry,Online,-0.3324815468224421,-1.3507641466858664,-0.8312783485490923,-0.7243840344160354,-0.9619407686327794,-0.8756624358828,-0.9217433285035913,-0.878417240127554,-1.2423605999142788,2020-01-01,1,0,0,3
2020,1,Latin America,SUV,Land Cruiser,Corporate,-1.2329309893786606,-1.4967767830186536,-1.2612258766191669,-1.2420857715488278,-1.1018656591479565,-1.0235971065805622,-0.3013798105507625,0.6236718532006381,-1.2649530821822241,2020-01-01,3,4,4,0
2020,1,Middle East,Hybrid,Prius,Fleet,0.8560538106352034,-0.3368976205963109,0.4420632342505633,0.3515109350206464,-0.04889830276666282,0.9502293355261778,0.8542275798683439,-0.3244289359050279,-1.0390282595027767,2020-01-01,4,2,5,2
2020,1,Latin America,EV,Hilux,Online,1.3207552110540879,0.9282515873268951,1.8559637535914324,1.4048675657189869,0.8146168059371612,3.6012817817913882,1.7862155626532912,0.2667397914196813,0.06800337162651568,2020-01-01,3,0,3,3
2020,1,Japan,Pickup,Land Cruiser,Fleet,1.0167449490978082,0.2668268244518756,1.0236691108828064,0.6430287090621215,1.6132766847511086,1.7332791583723817,1.0172533415629244,1.0363745496348689,-0.09014400424909808,2020-01-01,2,3,4,2
2020,1,North America,Hybrid,RAV4,Fleet,-0.38314992381515534,-1.345478621388752,-0.8519762574995764,-0.8084328271821102,-0.7257006097263079,-0.81763938838385,-0.6317594515070365,-1.7075406753062343,-0.33866130919648985,2020-01-01,5,2,6,2
2020,1,Asia,Pickup,Yaris,Fleet,0.4174104326697142,-0.9009806259161388,-0.218974069713504,-0.023957403745959234,-0.28155728229985816,-0.8354115971466908,-1.4714142595269113,-0.29096655511306324,-0.38384627373237934,2020-01-01,0,3,7,2
2020,1,Middle East,EV,Fortuner,Online,1.520533383196786,0.28466547232963696,1.484397730722982,1.0551051193664098,1.7330093008822784,2.443707726070234,1.187492632536026,0.3671269337955758,-3.0271666990819126,2020-01-01,4,0,2,3
2020,1,North America,Sedan,Prius,Online,-0.03426195652247259,0.09805706531206762,0.013446553554720816,-0.03233520420787969,-0.02026559756328295,0.20151727205858092,0.3362961776705171,-1.2093230057369826,0.33911315884185267,2020-01-01,5,5,5,3
2020,2,Asia,Hybrid,Corolla,Online,1.0312216282385835,1.441241181441283,1.9469951347718426,2.0755551865273483,1.3716580193956154,1.2008599099171433,-0.2984943988393541,-0.6144362361020548,-0.15792145105293284,2020-02-01,0,2,1,3
2020,2,Middle East,EV,Hilux,Corporate,0.38700940647408627,1.718804669613364,1.3436120088098513,1.2725436043975935,1.9477423584381262,0.7842152171848604,-0.29705169298364986,0.8244461379524258,0.3617056411097969,2020-02-01,4,0,3,0
2020,2,Latin America,EV,Land Cruiser,Online,-0.4396089724641787,-1.5538898202569185,-0.957081772345414,-0.9634203187958862,-0.8462551694070629,-0.6924212379586276,0.30888476641213614,-0.8412368170253711,1.4009598254352544,2020-02-01,3,0,4,3
2020,2,Asia,Hybrid,Yaris,Online,-1.486272874342227,1.0852757346953377,-1.1014617625091958,-1.0386635917645237,-0.8961824328966009,-1.1082466523431302,-1.6272264919429709,1.538310261514339,0.6780003928610224,2020-02-01,0,2,7,3
2020,2,Europe,Pickup,Corolla,Online,-0.16310440087537204,-0.8642755891306216,-0.533241280807318,-0.41456839252999117,-0.6222408615917764,-0.7453970710352282,-0.9549255631847892,-2.0904990332587188,-0.5194011673400478,2020-02-01,1,3,1,3
2020,2,Asia,Hybrid,Yaris,Corporate,-0.028471284866162502,1.2881811780456764,0.6038126651854617,0.643720577385981,-0.06895583384890608,0.6887156355773041,0.2641608848853045,-0.14596290501454948,-0.22569889785676558,2020-02-01,0,2,7,0
2020,2,Middle East,Pickup,Fortuner,Fleet,1.598707450556972,-0.9517069867537236,0.4075638967109944,0.34072566387129616,0.18992793602298805,0.6635026610172791,0.4863375866637593,0.9397054495691932,0.8135552864686919,2020-02-01,4,3,2,2
2020,2,North America,SUV,Fortuner,Online,0.8227574486114203,-1.4983918046372164,-0.4177365441860351,-0.27842989460806694,-0.07794890083000541,-1.01902939257107,-1.8017939004831853,-0.5252032206568156,0.5650379815212992,2020-02-01,5,4,2,3
2020,3,Japan,Hybrid,Camry,Dealer,0.3971430818726289,-0.4113354351973397,0.06608795362488887,-0.053016996779738694,0.3561283349115772,0.30342628158545026,0.4329574700027018,0.08083767590876645,-2.7334644295986315,2020-03-01,2,2,0,1
2020,3,Latin America,Pickup,Land Cruiser,Online,1.7029395403705536,1.2577894075872682,2.5754951455968103,3.134709362899496,2.237899592097608,-0.135025018089344,-1.5348933171778987,0.43033365306928684,0.7683703219328014,2020-03-01,3,3,4,3
2020,3,Asia,Hatchback,RAV4,Dealer,0.4941368321158229,1.5588441193020801,1.3786864792810838,0.9793353434528372,0.9824253720016211,2.673499038831488,1.5409555671835677,-0.3987897821093936,0.00022592482268092738,2020-03-01,0,1,6,1
2020,3,Asia,Hatchback,Hilux,Fleet,0.6461419630939627,-0.06535375845705485,0.4732885764284523,0.6009119094623794,0.655731222325708,-0.27409320879230814,-0.9477120339062678,0.15148047980291457,0.4294830879136317,2020-03-01,0,1,3,2
2020,3,Latin America,EV,Land Cruiser,Fleet,1.5321147265094062,0.9363266954197089,2.0871982220194187,1.559755133386394,2.5308212162715,3.091534605125843,1.1211281631736303,-0.7817481400618783,-0.22569889785676558,2020-03-01,3,0,4,2
2020,3,North America,EV,Prius,Fleet,0.602711925671637,-0.3722078659839784,0.23606840633104686,0.3567421827562501,-0.07451005006174194,-0.09246151601465845,-0.4730618073795688,-0.6776429553757658,0.2035582652341832,2020-03-01,5,0,5,2
2020,3,North America,Pickup,Hilux,Online,1.2208661249827388,-0.15513427843442987,0.8552411192729182,1.1268608573446415,0.5755890279252047,-0.2582779077264533,-1.1439200302820463,0.5679012185473635,-0.33866130919648985,2020-03-01,5,3,3,3
2020,3,Japan,Pickup,RAV4,Corporate,-1.5007495534830022,0.33084040860581754,-1.1915796939257102,-1.2087220969520538,-1.209221596279762,-0.7279284903233235,1.8367102676029397,0.5864914300984553,-0.7001410254836059,2020-03-01,2,3,6,0
2020,3,Latin America,Hybrid,Prius,Online,0.8560538106352034,0.11582230311625794,0.7718637230829726,0.7340534189932995,0.49616588263734224,0.8378892611291561,0.2641608848853045,1.0066302111531225,-0.8582884013592186,2020-03-01,3,2,5,3
2020,4,Japan,Hybrid,Hilux,Dealer,-1.4717961952014518,0.6692608477682859,-1.129641514389867,-1.0893448071229261,-0.9790811188808426,-1.008231392540284,-0.8524934474297872,1.501129838412156,0.11318833616240417,2020-04-01,2,2,3,1
2020,4,Latin America,EV,Corolla,Fleet,0.3479223727939932,-0.8890881939976313,-0.25154779172703007,-0.3260106552077054,-0.2787774321936836,0.12579190356488795,0.7113997001536225,-0.15711703194520413,-1.2875455644501683,2020-04-01,3,0,1,2
2020,4,Europe,EV,Hilux,Fleet,0.4564974663498073,-0.03584290888149904,0.3411279162254832,0.3797336110220002,0.6333555455080697,-0.1012096660488499,-0.5884782758359088,-0.6739249130655476,-0.1805139333208771,2020-04-01,1,0,3,2
2020,4,Japan,Hatchback,Camry,Dealer,-0.41789395375301586,0.23342524097705497,-0.2552712943933534,-0.07608225725252833,-0.11455694306561298,-0.9309401112806988,-1.6632941383355773,1.5792087269267405,1.7624395417223706,2020-04-01,2,1,0,1
2020,4,Latin America,Hybrid,Fortuner,Fleet,-0.5322597189651401,-1.3647120606643628,-0.9261470371088354,-0.9599882426791889,-0.815040376349561,-0.5690990069101106,0.76477981681468,1.1665060304925092,-1.2423605999142788,2020-04-01,3,2,2,2
2020,4,Japan,EV,RAV4,Dealer,1.6942535328860886,0.2970717747631417,1.650342591583545,1.7502285750098143,1.2592342125764289,0.9899886353601572,-0.3028225164064668,-0.04929380494887382,1.3105898963634754,2020-04-01,2,0,6,1
2020,4,North America,Pickup,Land Cruiser,Fleet,-0.16889507253168212,1.1252108147179802,0.3674890091193795,0.41668416516602047,0.8118705654897679,-0.2203617486393194,-0.7918998014902086,0.06968354897811178,0.22615074750212943,2020-04-01,5,3,4,2
2020,4,Europe,EV,Camry,Dealer,-0.25141214363410086,-0.9172042521753374,-0.6073449426307772,-0.5464047821943722,-0.7225772345427849,-0.5630770075463322,-0.27685381100379025,0.10686397208029463,-0.09014400424909808,2020-04-01,1,0,0,1
2020,4,Japan,Pickup,Fortuner,Online,-0.7074275365685202,0.3130017607280562,-0.48347835854567645,-0.5969811979743616,-0.14748870289226887,-0.11733981627088867,0.7099569942979186,0.028785083565710735,-0.24829138012471083,2020-04-01,2,3,2,3
2020,4,Japan,Hybrid,Yaris,Fleet,-1.0186761380951874,1.2812072210564283,-0.5419875353017457,-0.6310409514585543,-0.3232503496428928,-0.17297624438513415,0.7272694645663698,0.39315322996710333,2.0561418112056518,2020-04-01,2,2,7,2
2020,4,Middle East,EV,Land Cruiser,Corporate,0.7445833812512341,-1.5236448699456522,-0.4674671862594173,-0.5181820781456472,-0.15243246572792196,-0.3274798361354858,0.0953642997679067,-0.5623836437589984,-0.9938432949668871,2020-04-01,4,0,4,0
2020,4,Latin America,Hatchback,Corolla,Dealer,0.9573905646206299,1.5451164355442968,1.9371455570822258,1.680672099404424,1.287326481724842,2.6789770504849004,0.9278055785092605,-1.2836838519413483,-1.0616207417707209,2020-04-01,3,1,1,1
2020,5,Japan,Pickup,Camry,Dealer,-1.1446232466199318,1.0403487696698646,-0.7339047628454759,-0.7645832721382151,-0.511603790202217,-0.5224977195310776,0.19202559210009187,0.2741758760401184,2.0561418112056518,2020-05-01,2,3,0,1
2020,5,Japan,EV,Camry,Online,-1.6049816432965838,-0.13729563055666852,-1.3183221131630802,-1.2942340104155214,-1.1433046927586397,-1.0905739392921643,-0.686582274023798,2.798726604678342,1.897994435330038,2020-05-01,2,0,0,3
2020,5,Latin America,Sedan,Fortuner,Corporate,0.8647398181196685,-0.5462631504209009,0.2953197148448362,0.20266283735537488,0.4916349655003347,0.4192260213404012,0.27281712001952985,1.162787988182291,1.6720696126505914,2020-05-01,3,5,2,0
2020,5,North America,Pickup,Land Cruiser,Fleet,0.5100611791706756,1.5025385928730968,1.362431188071113,1.7088294865048164,0.8307829801246429,-0.03418882939659097,-1.1208367365907783,-0.703669251547294,0.3165206765739084,2020-05-01,5,3,4,2
2020,5,Asia,SUV,Fortuner,Dealer,-1.4775868668577619,1.1287344982493899,-1.0873540699508686,-1.1112101853076315,-1.1107690869311309,-0.6289201572961589,1.5005598032238492,-0.3207108935948097,-0.4742162028041583,2020-05-01,0,4,2,1
2020,5,Middle East,SUV,Hilux,Fleet,-1.7034230614538552,0.31358904131662446,-1.3746575204458629,-1.359896576512813,-1.221766809695538,-1.0795716319734556,0.13431735787192145,-0.5028949667955056,-0.9260658481630524,2020-05-01,4,4,3,2
2020,6,North America,SUV,Corolla,Dealer,-1.7121090689383205,1.4479214981362474,-1.3350105158426366,-1.327703508127648,-1.1977083492576721,-1.0150476453946307,0.6075248785429165,-1.2874018942515668,-1.6038403162013948,2020-06-01,5,4,1,1
2020,6,Europe,Sedan,Land Cruiser,Corporate,-0.6379394766927992,0.14834296570822614,-0.4754771342061541,-0.5551126479614462,-0.7191082486595494,0.13267910822057152,1.370716276210466,-1.0643193556384687,1.9657718821338728,2020-06-01,1,5,4,0
2020,6,Asia,SUV,Land Cruiser,Fleet,1.5176380473686308,1.0330077623127611,2.1593652714569265,1.5939985537354662,1.3872304677485474,4.0599619364805095,1.8064134446331503,-0.6032821091714001,-1.3101380467181136,2020-06-01,0,4,4,2
2020,6,Asia,SUV,Yaris,Corporate,1.0181926170118858,1.6222704228674538,2.0711320370179567,2.0646179478056146,2.854482183290197,0.9189491674358573,-0.5913636875473173,0.36340889148535693,0.13578081843035045,2020-06-01,0,4,7,0
2020,6,Europe,EV,RAV4,Online,1.3670805843045686,-1.6854406720962118,-0.3561383295906278,-0.4753781648277622,-0.21475103445572227,0.11447816002679898,0.952331578056233,1.4007426960362621,0.7231853573969129,2020-06-01,1,0,6,3
2020,6,Middle East,Sedan,Yaris,Fleet,1.054384314863824,-1.6780996647391084,-0.46310930401308475,-0.5898899607772108,-0.17266713357875452,-0.02489619978761232,0.9018368731065839,-1.1609884557041443,0.09059585389445993,2020-06-01,4,5,7,2
2020,6,North America,Pickup,Prius,Online,-1.5065402251393123,-1.1355992210491646,-1.3386965382551623,-1.3261418881366536,-1.2731081632311163,-0.9912124433081746,1.037451223542784,-1.688950463755143,-0.6549560609477163,2020-06-01,5,3,5,3
2020,7,Asia,Sedan,Hilux,Corporate,0.8806641651745212,-0.2718562954123745,0.5076174484316057,0.47897393499437224,-0.16183894741742094,0.8776112767795642,0.6508060542140441,-0.46943258600354104,0.3842981233777412,2020-07-01,0,5,3,0
2020,7,Middle East,Pickup,Fortuner,Fleet,0.402933753528939,0.648192156653399,0.7136311727641437,0.5864758534070588,1.051061201261777,0.7396243446082599,0.20500994480143012,-0.46943258600354104,0.8135552864686919,2020-07-01,4,3,2,2
2020,7,Latin America,EV,Fortuner,Dealer,1.3250982147963204,1.0286765679720702,1.9463172792340544,1.483988631715239,1.9208544029131982,3.0538158715267496,1.2293311023514493,0.4191795261386315,0.8813327332725267,2020-07-01,3,0,2,1
2020,7,Latin America,Hatchback,Yaris,Corporate,-1.311105056738847,-0.2598904534202959,-1.10901788397117,-1.0346778951213584,-0.9724283352508205,-1.1124479460005237,-1.644538962211422,-0.4136619513502671,-0.8808808836271629,2020-07-01,3,1,7,0
2020,7,Europe,Pickup,Yaris,Corporate,0.0033774092435429797,1.2393634791209387,0.6161818593301477,0.6225329554711578,0.5566125324871944,0.4297743808180626,-0.09651557904075866,0.3894351876568851,0.24874322977007368,2020-07-01,1,3,7,0
2020,7,North America,SUV,Land Cruiser,Fleet,-1.7034230614538552,0.8407467796302222,-1.3513954961188184,-1.336704360191077,-1.200996036088374,-1.062036240872605,0.09969241733501961,-0.19801549735760585,-0.8582884013592186,2020-07-01,5,4,4,2
2020,7,Middle East,EV,Camry,Corporate,-0.08637800142926337,0.37172981958488366,0.10021319901794837,0.11176181786756895,0.32723775179971637,-0.12087743855464489,-0.37207239748027093,-0.7743120554414415,1.0846650736840289,2020-07-01,4,0,0,0
2020,7,Middle East,Hatchback,Hilux,Corporate,-1.322686400051467,-0.6564516708510234,-1.1754767106462591,-1.164757118139259,-1.0534255810558133,-0.9104857586561159,0.14153088715044282,1.4342050768282268,-0.5871786141438816,2020-07-01,4,1,3,0
2020,7,Japan,Sedan,Fortuner,Corporate,1.3859002671875764,-1.480626566833026,-0.1711342339842828,0.0019305041959492431,0.28116046878704404,-1.0508188081167096,-1.9561634270435404,3.4865644320687275,-0.38384627373237934,2020-07-01,2,5,2,0
2020,7,Latin America,Sedan,RAV4,Online,0.3623990519347684,-0.6024218567027422,-0.07225308392510937,-0.1735189850371509,-0.2974768154013913,0.47342764938829757,1.027352282552854,0.31879238376273766,-1.4908779048616707,2020-07-01,3,5,6,3
2020,8,Latin America,Hatchback,Camry,Fleet,-0.7971829472413267,-0.20938432280342426,-0.713422756069635,-0.8110165901968743,-0.562154932562844,-0.21347015592203109,1.2206748672172238,-0.718541420788167,0.22615074750212943,2020-08-01,3,1,0,2
2020,8,Europe,EV,RAV4,Dealer,0.7112870192274512,-0.11196915517466166,0.49283485556399287,0.30251359353331536,-0.04335778535163041,1.3857787039450895,1.393799569901734,-0.8598270285764625,-0.33866130919648985,2020-08-01,1,0,6,1
2020,8,Middle East,Sedan,RAV4,Online,-0.9911704477277146,-1.4790849552880343,-1.157740111149351,-1.0873465099271398,-1.0365384244666467,-1.1207104724117098,-1.6243410802315625,0.6236718532006381,-1.6490252807372845,2020-08-01,4,5,6,3
2020,8,North America,Sedan,RAV4,Fleet,-1.6889463823130801,1.3645276545595522,-1.3112586623912832,-1.2876695639370173,-1.23569576746397,-1.0202868489842538,0.21222347407995149,-0.7445677169596951,-0.09014400424909808,2020-08-01,5,5,6,2
2020,8,Europe,Hybrid,Yaris,Online,-1.4717961952014518,-1.2833736991476568,-1.3367384152155908,-1.3407372985966413,-1.2421023804491782,-0.9467031671673204,1.6881115644654021,1.4639494153099732,0.33911315884185267,2020-08-01,1,2,7,3
2020,8,Middle East,Sedan,Fortuner,Dealer,-0.5423933943636827,-0.7590789537033295,-0.7159315177430887,-0.7185409113799887,-0.5840863762973679,-0.5572431370028206,0.013130065992764506,-1.27996580963113,0.33911315884185267,2020-08-01,4,5,2,1
2020,8,Latin America,SUV,Camry,Dealer,-1.2604366797461337,0.7326137412600886,-0.9100863931608161,-0.8919468518656196,-1.0322215244429942,-0.6029791760697367,0.5267333506234786,-0.7668759708210051,-1.4908779048616707,2020-08-01,3,4,0,1
2020,8,Europe,SUV,RAV4,Corporate,-0.5308120510510626,-1.3062042320282485,-0.9045750056660672,-0.9584590070281244,-0.7569332347430113,-0.5031384420961817,0.9638732249018668,0.05109333742702004,0.4746680524495202,2020-08-01,1,4,6,0
2020,9,Japan,Hatchback,Corolla,Dealer,-1.0273621455796527,0.028170675272442915,-0.8338089334484114,-0.8924920966018155,-0.5573308096283351,-0.5199967940095779,0.5613582911603804,-0.718541420788167,1.5139222367749778,2020-09-01,2,1,1,1
2020,9,North America,EV,Yaris,Online,-1.4761391989436843,-1.4856918619094275,-1.3599936766158696,-1.3289277724180568,-1.2016856311055901,-1.134010780346802,-1.0414879145270444,1.1925323266640373,-1.3553230112540022,2020-09-01,5,0,7,3
2020,9,Asia,Hatchback,Hilux,Online,0.7243160304541488,1.3347965747632833,1.506000877312004,1.332582256490265,1.9866062868852439,1.3547539683624108,0.13576006372762595,-0.29840263973349973,1.1976274850237523,2020-09-01,0,1,3,3
2020,9,Middle East,Pickup,RAV4,Online,0.5809969069604742,0.8902985792906704,1.047484246006038,1.1186820733438012,1.4193468612407203,0.20229931354502237,-0.7154363911378833,1.021502380393996,-0.4516237205362131,2020-09-01,4,3,6,3
2020,9,Japan,EV,Corolla,Fleet,1.4495976554069874,-0.8167058614565914,0.44433699842674146,0.5284516192169739,1.0569126287423471,-0.4065580694432673,-1.1208367365907783,0.31879238376273766,-1.1745831531104451,2020-09-01,2,0,1,2
2020,9,Middle East,Hybrid,Camry,Online,1.61752713343998,-1.3721264780950373,0.02617000571615816,0.006576882791579446,0.27666874835734173,-0.06958206385991084,-0.18596334209442247,-1.1721425826347993,0.09059585389445993,2020-09-01,4,2,0,3
2020,9,North America,Pickup,Corolla,Online,-0.5829280959578533,-0.7087196432335999,-0.7232720780183237,-0.5921061445516659,-0.6036165406274056,-1.0536841908346424,-1.7412002545436067,0.8244461379524258,0.18096578296623894,2020-09-01,5,3,1,3
2020,9,Japan,Pickup,Prius,Fleet,-0.9173393841097609,-0.922636597619594,-0.9855430949879357,-0.9410039392481205,-0.7434389892252059,-0.9855333752608451,-1.1150659131679612,1.6052350230982688,-0.3612537914644341,2020-09-01,2,3,5,2
2020,9,Japan,SUV,Prius,Online,1.2425811436939016,0.29215329983388244,1.2440239339940613,1.3897321046654043,1.9038342682966203,-0.12764122682667814,-1.1684460298290187,1.817163434780711,0.27133571203801793,2020-09-01,2,4,5,3
2020,9,Japan,Hybrid,Corolla,Online,-0.05452930731955789,1.684595575329262,0.7659677580636618,1.0862634387792354,0.5188023966622182,-0.5209251013481706,-1.4266903780000797,0.5679012185473635,0.2939281943059622,2020-09-01,2,2,1,3
2020,9,North America,Pickup,Camry,Dealer,-0.028471284866162502,-0.27648113004734964,-0.1659701995012263,-0.1778122702833267,-0.04565989800511572,-0.14468981411671272,-0.0474635799468141,0.5009764569634343,0.04541088935857143,2020-09-01,5,3,0,1
2020,10,Middle East,SUV,Camry,Online,0.0004820734153879359,1.2929528328277937,0.6396537617121955,0.7668778094965514,-0.15609138437861095,0.46570130682105415,-0.07198957949378638,-0.16455311656564123,0.5650379815212992,2020-10-01,4,4,0,3
2020,10,Japan,EV,Prius,Fleet,1.4105106217268941,-1.5069073731714564,-0.18395733986070745,-0.04694241339004495,-0.2175379478995052,-0.6138907293836111,-1.0198473266914805,0.3336645530036112,0.40689060564568547,2020-10-01,2,0,5,2
2020,10,Asia,SUV,Corolla,Corporate,1.3873479351016538,-0.1481603214451816,0.9894394663597602,0.7683595275220328,0.6483410154964409,1.710440039100216,1.0360085176870795,0.17378873366422387,1.5591072013108682,2020-10-01,0,4,1,0
2020,10,Japan,Pickup,Prius,Dealer,-0.6278058012942566,0.5584850467495951,-0.3307999446682483,-0.35539537298300955,-0.6787486243108906,0.09154870261184687,0.8282588744656674,1.0698369304268336,-0.5194011673400478,2020-10-01,2,3,5,1
2020,10,Asia,SUV,RAV4,Online,0.1307721856823649,1.5021715425052415,0.9022144479063813,1.2093833778757235,0.04325739679779681,0.011531306532024934,-0.8467226240069702,-1.8227999869230014,0.3842981233777412,2020-10-01,0,4,6,3
2020,10,Asia,SUV,RAV4,Fleet,0.1380105252527525,1.280399710247147,0.7920133803149035,1.0585385302306027,0.6015717359765694,-0.3389886878062047,-1.211727205500146,0.22212328369706202,-0.20310641558882134,2020-10-01,0,4,6,2
2020,10,North America,Hatchback,Camry,Online,0.3623990519347684,-1.4601451563067076,-0.5838782687299263,-0.6966004630618101,-0.21603836525811287,-0.20831774704374847,0.7532381699690462,-0.4954588821750692,0.6554079105930782,2020-10-01,5,1,0,3
2020,10,Japan,Hybrid,Corolla,Online,-1.6339350015781342,-1.012270297449827,-1.3956103746860151,-1.3840000907266978,-1.3245951496606294,-1.0295252688243264,1.662142859062725,-0.279812428182408,-1.7393952098090635,2020-10-01,2,2,1,3
2020,11,North America,Pickup,Hilux,Online,1.7072825441127861,0.27769151534038866,1.6434160190396048,1.7908504297512347,1.8248232339231552,0.44137047891234604,-0.794785213201617,-1.4584318405216083,0.903925215540471,2020-11-01,5,3,3,3
2020,11,Latin America,Sedan,Corolla,Dealer,1.6334514804948326,-1.672887549515565,-0.24837362057428966,-0.3975277772947657,-0.008587765590117211,0.2357818167727099,0.9508888722005285,0.9397054495691932,-0.6549560609477163,2020-11-01,3,5,1,1
2020,11,Japan,Hybrid,Prius,Fleet,-1.3545350941611725,-0.6202605045805035,-1.1907457227591396,-1.1840013853530078,-1.0221065516840349,-0.9357632506277973,0.03477065382832835,0.8690626456750458,-1.0390282595027767,2020-11-01,2,2,5,2
2020,11,Europe,Hybrid,Corolla,Corporate,-1.549970262561638,1.3553513953631728,-1.1486114103047622,-1.113294231769488,-1.133122668696809,-0.9159701760190678,-0.07487499120519508,-0.4136619513502671,0.00022592482268092738,2020-11-01,1,2,1,0
2020,11,North America,EV,Fortuner,Fleet,-0.48738201362873695,-0.45134392529355344,-0.5688383152416576,-0.4824369911744543,-0.6744239709692987,-0.6383259673463901,-0.5841501582687962,-0.4136619513502671,-1.8523576211487867,2020-11-01,5,0,2,2
2020,11,North America,SUV,Fortuner,Online,1.4003769463283515,0.7047179133030955,1.7449316984775451,1.8490965947203735,1.705904055317816,0.8124015709685475,-0.5163429830506963,-0.8449548593355893,-1.1293981885745557,2020-11-01,5,4,2,3
2020,11,Latin America,Hatchback,Corolla,Dealer,-0.10954068805450373,-0.8702218050898755,-0.504970598818874,-0.5711582396754875,-0.4407432022522974,-0.13446170856784614,0.7258267587106653,2.285636765868217,0.5198530169854108,2020-11-01,3,1,1,1
2020,11,Asia,EV,Yaris,Corporate,0.3421317011376831,1.265864515680082,1.0188663246685363,1.1023357350484544,0.12572448888407667,0.9469690731520246,0.14008818129473885,0.13289026825182282,0.22615074750212943,2020-11-01,0,0,7,0
2020,12,Europe,Sedan,Prius,Fleet,-0.16310440087537204,0.3978638057761719,0.04227111356213642,0.2288081583060366,-0.044650877937823394,-0.6120864287179977,-1.1987428527988078,-0.29468459742328146,-1.9653200324885098,2020-12-01,1,5,5,2
2020,12,Japan,EV,Hilux,Corporate,-0.6726835066306597,0.46797042603650973,-0.40284182312927486,-0.3240620821587653,-0.5464509891921733,-0.47364721645585744,-0.41535357315139865,0.895088941846574,0.13578081843035045,2020-12-01,2,0,3,0
2020,12,Asia,EV,Yaris,Dealer,-1.4356044973495137,0.5086396067948628,-1.112399944082806,-1.0351312927856393,-1.1301409724614937,-1.02686748444052,-1.0429306203827484,-1.1795786672552362,-0.7905109545553839,2020-12-01,0,0,7,1
2020,12,Middle East,EV,Corolla,Online,-0.5800327601296983,0.2984665661609914,-0.3744944188623974,-0.24399788680943504,-0.6141431448988438,-0.586086809508867,-0.7414050965405597,0.5307207954451807,-0.5645861318759373,2020-12-01,4,0,1,3
2020,12,Middle East,Hatchback,Hilux,Online,0.02798776378286085,-1.0322378374611483,-0.5075765988763272,-0.3473877674669107,-0.1161815644802192,-1.1905622483663167,-2.2418191864729824,-0.2575041743210986,-0.7227335077515501,2020-12-01,4,1,3,3
2020,12,North America,Pickup,RAV4,Fleet,1.584230771416197,-0.9512665263122974,0.3999124122984935,0.6775839716093469,0.21939628581395276,-0.6512463193367398,-1.458429906825573,-0.18686137042695053,0.13578081843035045,2020-12-01,5,3,6,2
2021,1,Japan,EV,Yaris,Dealer,-0.4135509500107833,-1.5351702514963046,-0.9394906326052838,-0.8346338363801865,-0.9383875619735917,-1.0253463757912242,-1.4021643784531075,1.125607565080108,-0.9260658481630524,2021-01-01,2,0,7,1
2021,1,Europe,Hybrid,Fortuner,Corporate,-1.4298138256932036,-1.134498069945599,-1.2996319978235387,-1.284781574545879,-1.21612334407886,-0.9849202325599897,0.5353895857577039,-0.8375187747151529,-0.09014400424909808,2021-01-01,1,2,2,0
2021,1,Latin America,Sedan,Land Cruiser,Corporate,-1.1446232466199318,-0.9148551298210643,-1.1123160894740443,-1.0348380759629465,-1.0920875827267382,-1.0518976517804797,-1.217498028922963,-0.42109803597070355,-0.4516237205362131,2021-01-01,3,5,4,0
2021,1,Japan,Pickup,Hilux,Dealer,-0.05887231106179046,-1.4434810696060827,-0.7530356050511291,-0.6507757706506526,-0.4675343813152278,-1.0720212693186628,-1.788809547781847,2.241020258145597,-0.6775485432156606,2021-01-01,2,3,3,1
2021,1,Asia,Pickup,Land Cruiser,Corporate,-1.1330419033073116,1.3224636824033495,-0.6658152751814322,-0.7127465834696467,-0.6350188761633575,-0.2933528442466089,0.7604516992475671,-1.5142024751748826,0.3165206765739084,2021-01-01,0,3,4,0
2021,1,Latin America,Sedan,Corolla,Dealer,0.6475896310080402,0.938749227847553,1.149944859757691,1.4048874758945697,0.2986300695843113,0.3685525697717535,-0.5985772168258386,0.5864914300984553,-1.5134703871296158,2021-01-01,3,5,1,1
2021,1,Latin America,Hatchback,RAV4,Corporate,1.7376835703084141,-0.7027734272743461,0.7249483055618974,0.46484608688948936,0.6568022330933799,1.5030764734397055,1.162966632989054,1.586644811547177,1.536514719042922,2021-01-01,3,1,6,0
2021,2,Asia,Hatchback,Camry,Corporate,-0.5988524430127061,-0.4006909745295398,-0.628604060840172,-0.5127508011699196,-0.3594453557632047,-1.0284203520441835,-1.7181169608523388,-1.4249694597296434,0.1583733006982947,2021-02-01,0,1,0,0
2021,2,Asia,Pickup,Hilux,Corporate,-0.015442273639464805,-1.2983493541561477,-0.6626644332844672,-0.5665232037440968,-0.521418982188768,-0.8959265789428715,-1.2550083811712736,0.13289026825182282,-1.1971756353783893,2021-02-01,0,3,3,0
2021,2,North America,Hatchback,Prius,Dealer,-1.3516397583330175,-0.1342858175402561,-1.1217216440811428,-1.0430282617964528,-1.030574411461757,-1.1081706915551315,-1.594044257261773,0.4972584146532161,0.09059585389445993,2021-02-01,5,1,5,1
2021,2,Europe,Pickup,Camry,Online,0.5288808620536835,-0.6695920740202386,-0.007093137008238422,0.08453050847126102,-0.11925203295765448,-0.2749566602935782,-0.5278846298963302,-0.4843047552444146,1.446144789971145,2021-02-01,1,3,0,3
2021,2,Asia,Hybrid,Prius,Dealer,-0.2340401286651706,0.43427520226740496,-0.006898603408921821,0.13706107411651164,0.0481575743824171,-0.577200428364084,-1.0977534428995102,1.0624008458063972,0.7005928751289687,2021-02-01,0,2,5,1
2021,3,Asia,SUV,Corolla,Corporate,-1.167785933245172,0.42142843939247393,-0.8750881903174782,-0.9458589572425903,-0.8973403027791113,-0.3114816776593185,1.662142859062725,-0.5066130091057245,1.9431793998659286,2021-03-01,0,4,1,0
2021,3,Asia,Hybrid,Land Cruiser,Dealer,0.8734258256041336,-1.2676639434034553,-0.22778562339157607,-0.3068088766874813,-0.5935247023712947,0.37551872655416374,1.2076905145158856,-0.3504552320765561,1.265404931827587,2021-03-01,0,2,4,1
2021,3,Europe,SUV,RAV4,Corporate,-1.6310396657499793,0.4587207567665594,-1.3006651911731082,-1.3022353625204974,-1.2476445197660273,-0.9048131766227206,1.5813513311432872,0.14776243749269635,0.7457778396648572,2021-03-01,1,4,6,0
2021,3,Asia,Sedan,Corolla,Corporate,-0.9448450744772339,-0.2935122671158296,-0.8457001477984576,-0.8368963932169574,-0.8504494321474844,-0.5998759302986668,0.27281712001952985,-0.9044435362990821,-0.7227335077515501,2021-03-01,0,5,1,0
2021,3,Japan,Hybrid,Yaris,Corporate,-0.4700099986598067,-0.8339572287457845,-0.6999113376930284,-0.6267463898648885,-0.5877324586256669,-0.8166717247214835,-0.9332849753492254,1.4267689922077904,1.6494771303826472,2021-03-01,2,2,7,0
2021,3,Japan,Sedan,RAV4,Corporate,0.9313325421672345,-0.5836288778685573,0.31163371280563773,0.46564468045510327,-0.3575055343079511,0.06357249539283259,-0.30426522226217123,1.162787988182291,-0.7001410254836059,2021-03-01,2,5,6,0
2021,3,Asia,Pickup,Corolla,Corporate,-0.9448450744772339,1.4782398585210845,-0.40815214142321093,-0.4517579951862765,-0.5383532008129727,-0.029024113869715595,0.7344829938448906,-1.7224128445471076,-0.7227335077515501,2021-03-01,0,3,1,0
2021,3,Latin America,Pickup,Prius,Fleet,-1.4602148518888316,1.0302181795170617,-1.0787744732945934,-1.0582751827185573,-0.8783265618444073,-0.9319871257237552,-0.5249992181849218,-0.0158314241569092,0.04541088935857143,2021-03-01,3,3,5,2
2021,3,North America,Pickup,Yaris,Dealer,-0.15876139713313947,0.8817096006828593,0.2674423908194859,0.021506490741325025,0.318346324745869,1.0656068734883857,1.3447475708077896,-1.491894221313573,-1.8297651388808425,2021-03-01,5,3,7,1
2021,4,Latin America,SUV,Corolla,Online,-1.250303004347591,-0.0519931250671266,-1.0295646334134803,-0.9427702159112591,-0.9719397955735998,-1.0548281441549847,-1.4137060252987415,-0.8114924785436247,1.626884648114701,2021-04-01,3,4,1,3
2021,4,Europe,EV,Yaris,Online,1.5712017601894992,0.9050540040784483,2.0999256807887297,2.534832703605604,0.7842394697857105,0.634468519391443,-0.829410153738519,-0.8635450708866808,-0.2708838623926551,2021-04-01,1,0,7,3
2021,4,Middle East,Hatchback,Corolla,Dealer,-1.092507201713141,1.1827643123976712,-0.6475886760662629,-0.7629517446510817,-0.5029187815173006,-0.0985492172799252,1.3332059239621559,-0.804056393923188,0.8587402510045805,2021-04-01,4,1,1,1
2021,4,Latin America,EV,Land Cruiser,Corporate,-0.8131072942961793,-0.12371476694602715,-0.7012729876412686,-0.7647035062233627,-0.7880023904261868,-0.18044160340340507,1.2841539248682112,0.43405169537950505,0.8135552864686919,2021-04-01,3,0,4,0
2021,4,Japan,Hatchback,Yaris,Dealer,-1.3603257658174825,0.7795227782719795,-1.004299901878397,-0.9995498683721559,-0.947767600390928,-0.7308806017882721,0.33196806010340424,0.701750741715222,0.18096578296623894,2021-04-01,2,1,7,1
2021,4,Europe,EV,Camry,Corporate,0.43912545138087705,-0.7711916158425501,-0.12651159071504203,-0.14051467218516597,0.10105672428951415,-0.17868509675910907,-0.18019251867160535,-0.6367444899633647,-0.4742162028041583,2021-04-01,1,0,0,0
2021,5,North America,Sedan,Hilux,Dealer,-0.7030845328262877,-0.8783703232562603,-0.85082425828107,-0.8545330665721707,-0.8438934496216142,-0.5641054214838075,0.4444991168483361,-0.3169928512845908,-0.8356959190912734,2021-05-01,5,5,3,1
2021,5,Japan,Sedan,RAV4,Corporate,0.3102830070279776,0.5142921824598324,0.5444202445106723,0.8021171424300506,0.07495707801323596,-0.2943237545009603,-1.0212900325471848,1.3226638075216777,0.33911315884185267,2021-05-01,2,5,6,0
2021,5,Latin America,EV,Hilux,Fleet,0.9747625795895601,-1.1069692923564614,-0.05777541949078113,-0.15320248987906782,-0.3449580426129652,0.5010554861020828,1.0475501645327137,0.31135629914230123,1.0394801091481385,2021-05-01,3,0,3,2
2021,5,Japan,SUV,Land Cruiser,Dealer,-0.8985197012267532,1.6763736470893063,-0.3008825184280374,-0.36423995508417106,-0.541739933424098,0.1878363929897175,0.9783002834589095,2.188967665802541,0.27133571203801793,2021-05-01,2,4,4,1
2021,5,Europe,SUV,RAV4,Online,0.3638467198488459,0.3221046098508645,0.4805185429601086,0.2667047333718318,0.08419011477695486,1.3756283516930472,1.40245580503596,0.14776243749269635,-0.5419936496079921,2021-05-01,1,4,6,3
2021,5,Middle East,EV,Hilux,Online,-0.5062016965117447,-1.4857652719829986,-0.9586128648663572,-0.8568593543360706,-1.0640650217535095,-0.9584447338058294,-1.034274385248523,0.4414877799999415,0.3617056411097969,2021-05-01,4,0,3,3
2021,5,Latin America,Hatchback,Land Cruiser,Dealer,-1.2126636385815754,-0.8883540932619209,-1.1462127593086897,-1.1443620684421074,-1.0787584082825148,-0.822709314610023,0.6205092312442547,0.11430005670073107,-0.4968086850721026,2021-05-01,3,1,4,1
2021,5,Asia,EV,Land Cruiser,Online,0.9848962549881028,-0.7764037310660936,0.1996452718675907,0.35129688632129097,0.04822270359722393,-0.3345129137253858,-0.8366236830170404,-0.2500680897006616,-0.22569889785676558,2021-05-01,0,0,4,3
2021,6,Europe,Sedan,Yaris,Online,-0.04294796400693772,0.2358477734048991,0.07343055982754879,0.25203460317840426,-0.42092870106024544,-0.30066311970331394,-0.6620562744768257,0.701750741715222,1.1072575559519733,2021-06-01,1,5,7,3
2021,6,Europe,Sedan,Fortuner,Dealer,-1.3574304299893276,-1.5986699651352494,-1.326303474957186,-1.2942046160021925,-1.1603599110828875,-1.120044410548303,-1.051586855516974,0.1886609029050974,2.0561418112056518,2021-06-01,1,5,2,1
2021,6,Asia,Sedan,Fortuner,Corporate,-0.8420606525777298,0.3774558053234244,-0.5862576823250731,-0.629159750500248,-0.3081986572241258,-0.41304349973678356,0.13576006372762595,-0.7408496746494769,-1.4005079757898917,2021-06-01,0,5,2,0
2021,6,Japan,EV,Fortuner,Corporate,-0.7117705403107528,1.1806354202641112,-0.21902453592331794,-0.21034652187470554,-0.34324223850547275,-0.1005113203844912,0.14008818129473885,1.374716399864734,-0.20310641558882134,2021-06-01,2,0,2,0
2021,6,Japan,Pickup,Land Cruiser,Online,0.2900156562308923,0.15942788681745235,0.3203887477385972,0.24653111036947567,0.8947160356208904,0.123983675153936,-0.22058828263132457,-0.1013463972919302,-0.2708838623926551,2021-06-01,2,3,4,3
2021,6,North America,EV,RAV4,Dealer,-1.2242449818941956,1.3355306754989937,-0.7697887670168149,-0.6834522596819084,-0.9229509994223228,-0.7430828503649841,-0.5278846298963302,-1.0271389325362859,-0.4516237205362131,2021-06-01,5,0,6,1
2021,6,Latin America,Pickup,Fortuner,Dealer,-1.7265857480790956,1.5227997731787024,-1.3495167095982785,-1.3487136727887097,-1.1824097267676879,-1.01962952739388,0.7748787578046098,0.5121305838940889,0.00022592482268092738,2021-06-01,3,3,2,1
2021,6,Asia,Pickup,Hilux,Corporate,1.1412443897084752,1.7308439216790137,2.311688375938232,2.5457024146314264,1.908596212354296,0.942837812097442,-0.6793687447452769,-0.23147787814957047,0.5650379815212992,2021-06-01,0,3,3,0
2021,7,Latin America,Hybrid,Land Cruiser,Corporate,0.9400185496516996,1.028529747824928,1.5279538206593644,1.137995690179951,1.8801767133133622,2.259933190806134,0.9653159307575713,-1.0420111017771592,0.8135552864686919,2021-07-01,3,2,4,0
2021,7,Latin America,EV,Fortuner,Dealer,1.3743189238749562,1.3271619271118957,2.25858348805935,2.660252828352978,1.4646825968535333,0.5314606345561765,-0.9679099158861274,-0.24263200508022512,-0.3160688269285446,2021-07-01,3,0,2,1
2021,7,Europe,Sedan,Corolla,Corporate,1.5972597826428945,-0.15814409145084227,1.1421308946088633,1.2649182864705748,1.9057522836851821,-0.1772276551552829,-1.1785449708189484,-0.2575041743210986,-0.4968086850721026,2021-07-01,1,5,1,0
2021,7,Asia,Hatchback,RAV4,Online,0.6128456010701797,0.5708913491830999,0.8689852050627888,0.6615109776137454,1.2474561833621576,1.117849809934513,0.4949938217979846,-0.9081615786093004,2.0561418112056518,2021-07-01,0,1,6,3
2021,7,Asia,EV,Camry,Dealer,0.4275441080682569,-1.2854291812076457,-0.449213052370988,-0.45993779465563484,-0.04260763335939777,-0.5230492185704255,-0.46584827810104745,1.4453592037588814,-0.09014400424909808,2021-07-01,0,0,0,1
2021,7,North America,Hatchback,RAV4,Fleet,-1.2792563626291413,-0.9279955329902795,-1.1906533150371152,-1.1484485853948851,-1.169574932191343,-0.9735939816123195,-0.291280869560833,-0.554947559138562,1.1072575559519733,2021-07-01,5,1,6,2
2021,7,Middle East,Hatchback,RAV4,Online,0.7315543700245365,-1.6584257650220713,-0.566426394132982,-0.5491797940852653,-0.41672203659543466,-0.542008471131768,-0.2999371046950583,0.7538033340582784,-1.1971756353783893,2021-07-01,4,1,6,3
2021,7,Middle East,EV,Prius,Fleet,0.7011533438289085,-0.8932725681911803,-0.05189059340967253,-0.10565022425583043,0.2819509555060885,-0.04802865094001979,-0.033036521389771624,-0.8152105208538429,0.06800337162651568,2021-07-01,4,0,5,2
2021,7,North America,Hatchback,Camry,Online,-1.1069838808539163,-0.5100719841503809,-1.0085783623587214,-1.0038540582825293,-0.8254315428585122,-0.814717746700922,-0.11238534345350562,-0.532639305277252,0.5198530169854108,2021-07-01,5,1,0,3
2021,7,Europe,SUV,Hilux,Corporate,-0.9028627049689857,-0.23104029450687938,-0.7988139415745044,-0.8732584946890835,-0.6211558070361355,-0.37432368150677187,0.9984981654387691,0.2704578337298995,-0.9260658481630524,2021-07-01,1,4,3,0
2021,7,North America,Sedan,Prius,Online,-1.3009713813403043,-1.3662536722093546,-1.269377618702712,-1.2342064627765401,-1.120262096186478,-1.0823674610469358,-0.9015454465237317,-0.43968824752179464,-0.8131034368233291,2021-07-01,5,5,5,3
2021,7,Japan,Hybrid,Camry,Online,1.1093956955987696,-1.621794138310125,-0.39834112378242154,-0.3028352884402075,-0.036442907764481954,-0.8566293247878095,-1.3963935550302904,0.8244461379524258,-0.13532896878498657,2021-07-01,2,2,0,3
2021,7,North America,Sedan,Hilux,Fleet,-0.4453996441204888,-1.508081934348593,-0.9419427050396728,-0.861435465046054,-0.9131725309668256,-0.9538286722482943,-1.0472587379498612,-1.2241951749778557,-1.1519906708424998,2021-07-01,5,5,3,2
2021,7,Asia,Hybrid,Yaris,Fleet,1.232447468295359,1.2878875377513923,2.060603978646061,1.6188854475450936,2.56945693372417,2.7118991867735787,0.844128638878414,-1.8376721561638747,0.6554079105930782,2021-07-01,0,2,7,2
2021,7,Europe,Pickup,Fortuner,Dealer,0.013511084642085633,1.3205550204905028,0.6686154272727373,0.44492767421672885,0.2793915989195564,1.534723140752513,1.2928101600024366,0.787265714850243,-0.13532896878498657,2021-07-01,1,3,2,1
2021,8,Asia,Hybrid,Hilux,Dealer,-1.0548678359471255,0.4093891873268243,-0.7733957654825542,-0.741778538700791,-0.8550046330078263,-0.5870860227605705,0.07516641778804707,-0.13480877808389483,-0.22569889785676558,2021-08-01,0,2,3,1
2021,8,Asia,Pickup,RAV4,Corporate,-1.3776977807864128,0.806244045051836,-1.0185047759894064,-0.9789266510058815,-0.9782818461135587,-0.8600060858955532,-0.32734851595343933,-0.6887970823064204,1.1524425204878617,2021-08-01,0,3,6,0
2021,8,Asia,Pickup,Prius,Online,1.2005987741856536,-0.8802055750955361,0.24464072857870026,0.1506764564093765,0.5334490863081138,0.3307374924083032,0.20356723894572565,0.8839348149159186,-1.4231004580578368,2021-08-01,0,3,5,3
2021,8,Japan,Pickup,Prius,Online,-1.6310396657499793,1.2650570048708007,-1.2494779056045218,-1.2276531257464638,-1.1840992399363375,-0.9655383279276871,0.22087970921417682,0.07340159128833001,1.2202199672916965,2021-08-01,2,3,5,3
2021,9,Japan,Hatchback,RAV4,Dealer,-1.483377538514072,0.72064789926801,-1.1358165780087233,-1.1452962234048565,-0.992309197765413,-0.8220963640661136,0.5469312326033382,1.289201426729713,-1.4682854225937263,2021-09-01,2,1,6,1
2021,9,Japan,Hybrid,Hilux,Fleet,-0.39038826338554294,-1.0261448013547525,-0.7290393201038186,-0.6469526296545649,-0.7515330028743493,-0.7833975597755657,-0.7644883902318278,0.06224746435767536,0.5650379815212992,2021-09-01,2,2,3,2
2021,9,North America,Hatchback,Land Cruiser,Fleet,-0.4410566403782562,0.6382083866477384,-0.12101378590514174,0.040673159331885964,-0.5353162098227616,-0.4198373376267684,-0.6808114506009811,1.4713854999304097,1.0168876268801943,2021-09-01,5,1,4,2
2021,9,Asia,Sedan,Hilux,Online,1.6841198574875458,0.7475159861950085,2.0691939754334125,2.4400305587511175,0.679934385976219,0.8999826458927255,-0.60579074610436,1.1739421151129463,-0.5194011673400478,2021-09-01,0,5,3,3
2021,9,Latin America,Hybrid,Corolla,Online,0.43333477972456697,1.5429141333371656,1.2942230934477432,1.2064712692822859,1.7393447540453724,0.9149777106940836,-0.12969781372195655,-0.6999512092370758,0.7683703219328014,2021-09-01,3,2,1,3
2021,10,Japan,Sedan,Prius,Online,-1.261884347660211,-1.6566639232563665,-1.2990539949103488,-1.2689035639530784,-1.1623527579746105,-1.0756854972177714,-0.6332021573627408,0.19237894521531562,-0.7905109545553839,2021-10-01,2,5,5,3
2021,10,Europe,Pickup,Corolla,Corporate,-0.27747016608749625,-1.5800972165217777,-0.9040860858428359,-0.8826813678611705,-0.840495737810483,-0.7300090065609057,-0.08785934390653334,-1.1721425826347993,-0.9260658481630524,2021-10-01,1,3,1,0
2021,10,Europe,Sedan,RAV4,Online,-1.730928751821328,-0.8053273000530811,-1.4404191973509208,-1.4103375553798896,-1.3021033545297696,-1.1717517281492695,-1.142477324426342,-0.3095567666641544,-1.3553230112540022,2021-10-01,1,5,6,3
2021,10,North America,Sedan,Camry,Dealer,-0.028471284866162502,0.5698636081531054,0.25041464834398464,0.08931515215375771,0.8364126730170536,0.3949626735019365,0.29878582542220633,-0.4657145436933228,0.6780003928610224,2021-10-01,5,5,0,1
2021,10,Europe,Sedan,Camry,Corporate,-1.1301465674791566,-1.031503736725438,-1.1271430960161726,-1.1128894252151031,-1.0064053704748837,-0.8902553921983462,-0.008510521842799337,-0.6218723207224912,-1.2423605999142788,2021-10-01,1,5,0,0
2021,10,North America,Sedan,RAV4,Dealer,-0.85364199589035,-1.6167288432337237,-1.1379299926229758,-1.0953238277403508,-0.9821523893484028,-1.0257777365870624,-0.9520401514733805,0.28904804528099126,-0.8808808836271629,2021-10-01,5,5,6,1
2021,10,Europe,Sedan,Corolla,Dealer,1.668195510432693,-0.018885181886590104,1.328355840574694,0.980245504850141,1.2303327062694591,2.2574146442058756,1.1903780442474345,0.1886609029050974,0.1583733006982947,2021-10-01,1,5,1,1
2021,10,Asia,Sedan,Fortuner,Fleet,1.0080589416133432,-1.0746688599852061,-0.01578079841446996,-0.09594562292530379,-0.08636151961753305,0.333746168281751,0.6378217015127059,-1.242785386528947,-0.6323635786797711,2021-10-01,0,5,2,2
2021,10,Middle East,Hybrid,Fortuner,Dealer,1.1861220950448783,0.609505047881464,1.4530140564949336,1.367658677613495,0.8086692001268934,1.710464443032371,0.5195198213449572,-1.3915070789376789,0.49726053471746445,2021-10-01,4,2,2,1
2021,10,Latin America,EV,Fortuner,Fleet,1.2498194832642893,0.45431615235229733,1.3856673541487596,1.2144750680401268,1.6467267318160705,1.4058688904766723,0.2858014727208681,0.043657252806583606,-0.3612537914644341,2021-10-01,3,0,2,2
2021,11,Latin America,Hybrid,Camry,Fleet,1.2860111811162274,-1.4751208113151986,-0.20796467849924408,-0.34075454499237573,-0.6187164801448308,0.6183687944972058,1.683783446898289,0.999194126532686,-0.3160688269285446,2021-11-01,3,2,0,2
2021,11,North America,Pickup,Camry,Online,-0.9549787498757765,-0.19169249507280497,-0.8282549508813027,-0.8628024693237563,-1.0052102774976384,-0.31608121658750327,1.3779298054889875,-1.3097101481128763,2.0561418112056518,2021-11-01,5,3,0,3
2021,11,North America,Hatchback,RAV4,Fleet,0.4955845000299004,0.03683306395382497,0.4183954343175823,0.2771021170631471,0.26958574406943153,0.9046385556384562,0.8253734627542589,0.028785083565710735,1.3105898963634754,2021-11-01,5,1,6,2
2021,11,Asia,SUV,Hilux,Dealer,-0.6524161558335744,-0.9818785269914188,-0.8552828172061023,-0.7814529105992443,-0.625129567296131,-0.9994025896469919,-1.4021643784531075,-1.0271389325362859,-0.8131034368233291,2021-11-01,0,4,3,1
2021,11,Middle East,Hatchback,Yaris,Dealer,-0.5670037489030006,0.5217065998905068,-0.28520244539670625,-0.4486205221239833,-0.5536161705855337,0.5895063035165049,1.8641216788613206,0.5418749223758353,-0.6775485432156606,2021-11-01,4,1,7,1
2021,11,Europe,SUV,Prius,Fleet,-1.3140003925670019,0.05371738087516287,-1.0646720660487803,-1.0490341176006466,-0.8489853722921545,-0.9140917013382529,-0.46729098395675167,-0.6925151246166393,0.2939281943059622,2021-11-01,1,4,5,2
2021,11,Middle East,Sedan,Corolla,Corporate,0.2900156562308923,0.7261536547858375,0.6474677552766817,0.8677782112587784,1.3295002211771683,-0.8224258028101307,-1.7772679009362131,-0.7668759708210051,0.4294830879136317,2021-11-01,4,5,1,0
2021,11,Latin America,Pickup,Camry,Dealer,-0.3614349051039925,1.4631907934390225,0.28958219553831965,0.08955250860270383,0.3105444640021636,0.9283590773122746,1.08361781092532,-0.30212068204371795,-1.1068057063066103,2021-11-01,3,3,0,1
2021,11,Latin America,Hybrid,Corolla,Online,-0.21087744203993025,1.208090787779678,0.35753940831121245,0.11399748457546034,-0.15998883460616478,1.4812710968752518,1.8035280329217418,0.7500852917480602,2.0561418112056518,2021-11-01,3,2,1,3
2021,12,Europe,Pickup,Camry,Online,0.48689849254543527,0.6947341432974348,0.8255983587894987,0.8443163037113294,0.6433214623537901,0.6033257521216263,-0.07920310877230775,0.34853672224448407,-1.4908779048616707,2021-12-01,1,3,0,3
2021,12,Europe,Pickup,Fortuner,Fleet,1.3685282522186462,-0.8343242791136397,0.38103623122592173,0.11471104542770383,0.8590677448245958,0.944861099981256,0.946560754633416,-0.878417240127554,0.49726053471746445,2021-12-01,1,3,2,2
2021,12,Latin America,Hybrid,Land Cruiser,Online,1.1224247068254674,0.14981116717964685,1.0233467920664103,0.6847162002314584,0.3541814725206742,2.382039654894729,1.7472625045492765,-0.27609438587218976,0.4746680524495202,2021-12-01,3,2,4,3
2021,12,Europe,EV,Fortuner,Dealer,0.4738694813187376,-1.238666964342897,-0.39827372184003484,-0.3277245524447973,-0.25072222484590206,-0.6262281073136432,-0.8106549776143639,0.45264190693059614,-0.02236655744526332,2021-12-01,1,0,2,1
2021,12,Japan,EV,Fortuner,Corporate,0.7822227470172497,-0.7159872405171323,0.12015169949023549,-0.02943144412576425,-0.14156403444761184,0.8068172764478428,1.21923216136152,1.0289384650144324,-2.2138373374359026,2021-12-01,2,0,2,0
2021,12,Europe,Hybrid,Prius,Dealer,0.5245378583114508,-0.31428731793643233,0.2175018706911004,0.17316965962762473,-0.013615618658501749,0.46001797833874797,0.4545980578382659,-0.6925151246166393,0.13578081843035045,2021-12-01,1,2,5,1
2021,12,Asia,Sedan,Fortuner,Fleet,1.5480390735642588,0.5899045582379978,1.7876405471347536,1.7681807955056388,0.5091132851399652,2.0960358131547525,0.5700145262946062,1.5754906846165224,-0.9938432949668871,2021-12-01,0,5,2,2
2021,12,Middle East,Hybrid,Yaris,Fleet,0.7851180828454047,-1.598156094620252,-0.503970481296007,-0.38310774281991994,-0.7070269260457309,-0.6608291762006747,-0.754389449241898,-0.5289212629670338,-0.11273648651704232,2021-12-01,4,2,7,2
2021,12,Middle East,EV,Land Cruiser,Fleet,-1.5325982475927078,-0.5964022306699174,-1.3034984596686763,-1.279944790032095,-1.1217281341347696,-1.0829098412353864,-0.6937958033023194,0.9285513226385386,2.0335493289377076,2021-12-01,4,0,4,2
2021,12,North America,EV,Prius,Dealer,0.4232011043260243,-1.2951193109190222,-0.45718057573931703,-0.49428527805147093,-0.10031847535406792,-0.3981187156214577,-0.11671346102061829,-0.39135369748895715,-0.33866130919648985,2021-12-01,5,0,5,1
2022,1,Europe,Hatchback,Yaris,Dealer,-0.038604960264705154,1.2061087157932602,0.5519472115068418,0.30638035894935206,-0.14365054616925563,1.7338593346849245,1.7689030923848401,-0.5661016860692173,0.6328154283251339,2022-01-01,1,1,7,1
2022,1,North America,Hybrid,Camry,Corporate,-0.32958621099428703,0.707947956540221,0.017117061017607762,0.2240279495660677,-0.44547633515076585,-0.4646072244747598,-0.9073162699465488,-0.681360997685984,-0.20310641558882134,2022-01-01,5,2,0,0
2022,1,North America,Sedan,Camry,Online,0.9385708817376222,-0.4261642700586887,0.43456027848597767,0.4865214364508138,0.3834984343544895,0.1316710887315097,-0.32879122180914355,-0.1794252858065141,-0.20310641558882134,2022-01-01,5,5,0,3
2022,1,Asia,Pickup,Fortuner,Fleet,1.074651665660909,-0.045239398298591436,0.8291922576365871,0.8736920874384133,0.9630146325139233,0.307178058483613,-0.44276498440977935,-1.4324055443500803,2.0561418112056518,2022-01-01,0,3,2,2
2022,1,Middle East,Hatchback,Yaris,Corporate,-0.7117705403107528,-1.2388137844900389,-0.9673066356392047,-0.9127252630203749,-0.8169338347108909,-0.9520022706658652,-0.9808942685874656,-0.5884099399305266,-0.2708838623926551,2022-01-01,4,1,7,0
2022,2,North America,SUV,RAV4,Corporate,0.24513795089448914,0.4083614462968298,0.422757465250082,0.42873172861466824,0.5812162812443025,0.1612346872741675,-0.2739683992923818,1.1850962420436009,-0.33866130919648985,2022-02-01,5,4,6,0
2022,2,Japan,SUV,RAV4,Fleet,-0.8854906900000554,1.6100109405810912,-0.3019166779100018,-0.11623565942296957,-0.07394073564169173,-1.0424708808490457,-1.9013406045267787,1.5308741768939025,1.265404931827587,2022-02-01,2,4,6,2
2022,2,Latin America,Hatchback,RAV4,Fleet,-0.19929609872731008,-1.300771886583992,-0.7490429492657981,-0.841538044485821,-0.8624246770060136,-0.08710177409355561,1.849694620304278,-0.060447931879528474,0.9717026623443037,2022-02-01,3,1,6,2
2022,2,Asia,Hatchback,Yaris,Corporate,0.08878981617411677,-0.4953899694361741,-0.19409113096843192,-0.04034532668737646,-0.6523657209470118,-0.41130945681308945,-0.5740512172788664,0.5381568800656171,0.022818407090625176,2022-02-01,0,1,7,0
2022,2,North America,EV,Corolla,Fleet,-0.7088752044825978,-0.2353714888475704,-0.6547979559984008,-0.6349354007824934,-0.34177956533139237,-0.7158818730988744,-0.6707125096110513,-0.5846918976203084,-0.5419936496079921,2022-02-01,5,0,1,2
2022,2,Latin America,Hybrid,Yaris,Online,1.3207552110540879,-0.7199513844899682,0.450475377430243,0.5470536435115946,-0.25303158901344935,0.3935193109794297,0.03477065382832835,1.1441977766312,0.7683703219328014,2022-02-01,3,2,7,3
2022,2,Middle East,Hybrid,Yaris,Corporate,-1.4023081353257307,-1.7008567875461291,-1.3562569606682606,-1.3236030596998578,-1.2081674653880425,-1.130877784665256,-1.0155192091243679,-1.8227999869230014,-1.1293981885745557,2022-02-01,4,2,7,0
2022,2,Europe,Pickup,Corolla,Dealer,-1.083821194228676,-0.4056828595323701,-0.9710495746160646,-0.9788792813013653,-0.7199314467188273,-0.7860751420608486,-0.11238534345350562,-1.0457291440873773,2.0561418112056518,2022-02-01,1,3,1,1
2022,2,Europe,Sedan,Hilux,Online,-0.2818131698297288,0.08102592824358765,-0.20105728652491212,-0.21893250721436958,0.13297862397542287,-0.28263427099888666,-0.28695275199372006,-0.5623836437589984,1.3331823786314196,2022-02-01,1,5,3,3
2022,3,Middle East,SUV,Prius,Dealer,-1.0577631717752805,0.9871998764044356,-0.6508116937362726,-0.7652819417574598,-0.4131920389774191,-0.1635535919219778,1.1326698100192645,-0.0158314241569092,0.5876304637892434,2022-03-01,4,4,5,1
2022,3,Latin America,Hatchback,Prius,Fleet,-1.1460709145340093,1.5857856163026498,-0.6301286177596189,-0.5459656875367183,-0.2714883769289667,-0.9684481390523668,-1.524794376187969,-1.7038226329960158,1.5139222367749778,2022-03-01,3,1,5,2
2022,3,Latin America,EV,Hilux,Fleet,0.1438011969090626,1.5663319468063257,0.9525364482525326,0.7579894389175306,1.24796615947375,1.1790768235584375,0.4719105281067166,0.9285513226385386,0.06800337162651568,2022-03-01,3,0,3,2
2022,3,Middle East,Hatchback,Corolla,Online,1.7362359023943366,0.9239203929862041,2.2919059626790688,2.4804605168374003,1.2458780549728359,1.5107334516514284,-0.24511428217829687,-0.11250052422258484,0.18096578296623894,2022-03-01,4,1,1,3
2022,3,Japan,Hybrid,Hilux,Fleet,0.2900156562308923,-1.512706768983568,-0.6446637954871136,-0.7050469669039652,-0.801360550764896,-0.10886914516888618,1.2870393365796196,-0.4619965013831046,-0.9938432949668871,2022-03-01,2,2,3,2
2022,3,Latin America,Hybrid,Fortuner,Online,1.5567250810487239,-1.2657552814906086,0.09657923409212266,0.028178135424786456,0.35716491162838404,0.15358976189178758,0.11700488760347079,0.2704578337298995,0.1583733006982947,2022-03-01,3,2,2,3
2022,3,Middle East,Pickup,Corolla,Fleet,0.4680788096624275,-0.3817511755482129,0.13430465819283852,0.10470772461080169,-0.31276248731899575,0.4871753646582342,0.6378217015127059,0.6794424878539127,0.3617056411097969,2022-03-01,4,3,1,2
2022,3,North America,Sedan,Fortuner,Dealer,0.9733149116754827,1.6641141648029434,2.0470599675089494,2.015300309566693,1.7955775237594858,1.6593712145769197,0.013130065992764506,0.25558566448902664,0.09059585389445993,2022-03-01,5,5,2,1
2022,3,Middle East,Sedan,Prius,Online,-0.047290967749170285,0.32056299830587276,0.11088600675515524,0.10323643137052456,0.02506444347160435,0.15823190660374511,0.10402053490213253,0.6125177262699835,-0.6775485432156606,2022-03-01,4,5,5,3
2022,4,Asia,Pickup,RAV4,Dealer,-0.49462035319912456,1.4962987366195588,0.14161137541858682,-0.06428219763800469,0.257640974835648,0.789648043275799,1.1456541627206027,-0.15711703194520413,-0.42903123826826883,2022-04-01,0,3,6,1
2022,4,North America,Hatchback,RAV4,Online,0.2625099658634194,0.03631919343882773,0.2267611414873192,0.0179700307620438,0.5856601107664913,0.7023922527771839,0.8354724037441887,-0.3393011051459008,0.1583733006982947,2022-04-01,5,1,6,3
2022,4,North America,Hybrid,Prius,Corporate,0.08589448034596173,0.1349823323182979,0.1333510855188878,-0.1051096276990253,0.5551942219121173,0.7098728079682743,1.0244668708414457,-0.24635004739044333,0.8135552864686919,2022-04-01,5,2,5,0
2022,4,North America,Sedan,Hilux,Corporate,-0.8637756712888927,0.6128085011921605,-0.5428384422008891,-0.554587026779753,-0.38728288103717257,-0.4216340653010957,0.003031125002834695,-1.079191524879342,0.4746680524495202,2022-04-01,5,5,3,0
2022,4,Middle East,Sedan,RAV4,Online,0.23210893966779145,1.204126643806842,0.8577124006925743,0.8146250738910121,0.6323767367224096,0.8832144571732551,0.22665053263699372,-1.9566495100908603,1.1072575559519733,2022-04-01,4,5,6,3
2022,4,Japan,Sedan,Camry,Online,1.2194184570686613,1.3699600000038088,2.1133121839297835,2.359524046370142,2.610474548406576,0.18731662852661699,-1.1857585000974695,0.958295661120285,0.8135552864686919,2022-04-01,2,5,0,3
2022,4,Japan,Pickup,Land Cruiser,Online,-0.7334855590219157,1.0672168565968632,-0.2779118682650876,-0.35109372731498395,-0.18709076916111703,0.027672313621518323,0.5498166443147466,-1.778183479200382,1.3105898963634754,2022-04-01,2,3,4,3
2022,4,North America,Sedan,Prius,Fleet,-1.622353658265514,1.5353528957593492,-1.2217081348472716,-1.2062603599805028,-1.2210552674792896,-0.8815858357891164,0.7878631105059481,-0.7854661823720965,1.2879974140955313,2022-04-01,5,5,5,2
2022,4,Asia,EV,RAV4,Online,1.002268269957033,-0.638392792752549,0.3160639981502844,0.2729468206564431,0.543081715771655,0.22865625146343938,-0.051791697513927024,-0.20173353966782406,0.18096578296623894,2022-04-01,0,0,6,3
2022,4,Latin America,SUV,Corolla,Online,-0.3730162484166127,1.402627482742919,0.25144107876678834,0.25572467860917375,-0.006111995192243652,0.31836626474160956,0.17327041597593673,1.4751035422406278,-0.33866130919648985,2022-04-01,3,4,1,3
2022,5,North America,EV,Land Cruiser,Corporate,0.7112870192274512,-0.7565830112019143,0.04819395979455756,-0.03236761006360113,-0.4726247044859101,0.6665590448716207,1.125456280740743,-0.2537861320108798,0.3617056411097969,2022-05-01,5,0,4,0
2022,5,North America,Sedan,Fortuner,Dealer,0.2871203204027373,-0.24183157532182142,0.08664546080583986,-0.004076113113580342,0.4900292827016944,0.13879273203146972,0.1054632407578365,-0.30583872435393616,0.6780003928610224,2022-05-01,5,5,2,1
2022,5,Latin America,Hybrid,Yaris,Fleet,1.3670805843045686,1.7238699646897655,2.593346515939123,2.3845562705146777,1.2899206397543632,3.361719820337592,0.8902952262609501,0.6273898955108563,-1.2649530821822241,2022-05-01,3,2,7,2
2022,5,Middle East,Pickup,Prius,Fleet,-1.1330419033073116,1.5483464787814223,-0.6213983044497102,-0.6453118058086506,-0.3406067757443242,-0.5093516490933857,-0.07487499120519508,-1.3580446981457142,-1.1745831531104451,2022-05-01,4,3,5,2
2022,5,Europe,Hybrid,Corolla,Corporate,-0.5814804280437759,0.03756716468953531,-0.4655635928688508,-0.34278709071774327,-0.7274421514442607,-0.6044296942874752,-0.6577281569097131,-0.11621856653280306,-0.4968086850721026,2022-05-01,1,2,1,0
2022,5,North America,Pickup,Yaris,Dealer,-1.6889463823130801,-1.0941959395551013,-1.4292726437522172,-1.3919935757361872,-1.32603360183686,-1.1686479460595591,-1.1843157942417653,0.40058931458754043,1.1298500382199175,2022-05-01,5,3,7,1
2022,5,Europe,Hatchback,RAV4,Online,-0.30352818854089164,-1.2179653235958652,-0.7626838293833463,-0.6502286709458589,-0.7111910872741185,-0.9667824351691452,-1.3862946140403605,-1.6592061252733965,-0.42903123826826883,2022-05-01,1,1,6,3
2022,6,Middle East,Pickup,Prius,Fleet,0.32620735408283036,0.8138786927032235,0.7353281194424649,1.0206881192165773,1.076889940650339,-0.7880455810484569,-1.754184607244945,-0.8263646477844979,-1.2875455644501683,2022-06-01,4,3,5,2
2022,6,Asia,Sedan,Land Cruiser,Corporate,1.1673024121618705,0.32959243735510996,1.2074747476687049,1.1528275269151123,1.4501653457255594,0.8625271085154981,-0.11671346102061829,0.4712321184816879,-0.29347634466060035,2022-06-01,0,5,4,0
2022,6,Latin America,SUV,Yaris,Corporate,-0.0415002960928602,0.2025196000036495,0.05841535637798944,0.27394577311484397,-0.24227582166431474,-0.5725783095607255,-1.1381492068592292,-1.930623213919332,-0.8356959190912734,2022-06-01,3,4,7,0
2022,6,North America,EV,Land Cruiser,Dealer,0.16696388353430294,-0.6377321020904096,-0.21850694470047952,-0.16276256810107828,-0.6706735156747747,-0.06590190414236063,0.21510888579135992,-0.2091696242882605,-0.8131034368233291,2022-06-01,5,0,4,1
2022,6,Latin America,Sedan,Fortuner,Dealer,0.4434684551231096,1.2757748756121716,1.1414860012351429,0.9538946539167257,1.7070962181188507,1.107530782601986,0.2006818272343172,-0.8821352824377722,-0.7227335077515501,2022-06-01,3,5,2,1
2022,6,Europe,Hybrid,Corolla,Dealer,0.7301067021104589,-0.9137539787174989,-0.049552695091855795,0.11414678073179987,0.435031432167173,-0.954579757824322,-1.7960230770603685,0.6496981493721663,-0.5871786141438816,2022-06-01,1,2,1,1
2022,6,North America,Hybrid,Camry,Corporate,-0.4338183008078686,-1.1701753657011218,-0.8075990118586877,-0.8535661753326163,-0.8851822646573968,-0.32314630695102065,1.243758160908492,-0.15711703194520413,-0.3612537914644341,2022-06-01,5,2,0,0
2022,6,North America,SUV,Hilux,Dealer,1.3540515730778708,-0.9909079660406559,0.23760455683923493,0.09715016490603277,0.5175992770631365,0.5051537348801268,0.4964365276536891,0.2072511144561885,0.99429514461225,2022-06-01,5,4,3,1
2022,6,Europe,Pickup,Corolla,Online,1.090576012715762,-1.5132940495721363,-0.31960014012518023,-0.437890719453606,-0.05700463301275232,0.057975849769316225,0.7200559352878484,1.1293256073903264,-1.9427275502205656,2022-06-01,1,3,1,3
2022,7,Latin America,Hatchback,Corolla,Online,1.1832267592167234,1.366142676178115,2.0675852513329582,2.463885577867626,2.017600440810371,-0.05344552800443187,-1.364654026204797,1.2111225382151292,0.27133571203801793,2022-07-01,3,1,1,3
2022,7,Asia,SUV,RAV4,Online,1.2744298378036072,-0.2432997767932421,0.8223744886497287,0.9350481975514314,1.231304980403739,-0.12796991415099565,-0.9679099158861274,2.2261480889047243,-1.2875455644501683,2022-07-01,0,4,6,3
2022,7,Middle East,Hatchback,Prius,Fleet,0.9906869266444129,1.6796036903264318,2.0807216398463195,1.6669138945189943,2.209487541707974,2.8645905865174623,0.9480034604891201,-2.15370575253243,-1.0842132240386662,2022-07-01,4,1,5,2
2022,7,Japan,EV,Hilux,Online,1.2541624870065218,0.18123067866804954,1.1617091413604177,0.7955033333468403,0.2052297911156266,2.762142335843598,1.9434705009250548,-0.29096655511306324,-0.6323635786797711,2022-07-01,2,0,3,3
2022,7,Japan,EV,Fortuner,Fleet,-1.3878314561849556,-1.2429247486100168,-1.2922493823734589,-1.2512228281778748,-1.1909115120718101,-1.0890552039245538,-0.8481653298626745,2.8730874508827076,-0.9486583304309976,2022-07-01,2,0,2,2
2022,7,Europe,EV,Corolla,Corporate,-0.5452887301918378,-1.4349655010718427,-0.956815659701885,-1.021917968404792,-0.8850298686121014,-0.44792409245007225,1.5423982730392722,0.1886609029050974,-1.1971756353783893,2022-07-01,1,0,1,0
2022,7,Middle East,EV,Fortuner,Fleet,-0.6972938611699776,-0.03217240520294732,-0.5825017005608797,-0.627228097316079,-0.80537276622736,-0.08304444614098852,1.1297843983078562,-0.6776429553757658,0.04541088935857143,2022-07-01,4,0,2,2
2022,7,Asia,Hatchback,Land Cruiser,Corporate,0.6287699481250324,0.009818156879684329,0.5096951729785573,0.2166364095508116,-0.2693107004360038,1.9360266481352866,2.1367930855894244,-0.9267517901603918,-0.5871786141438816,2022-07-01,0,1,4,0
2022,8,Japan,Sedan,Camry,Corporate,-1.325581735879622,-1.390625816634938,-1.2838862846206591,-1.2679278308758388,-1.177751656112556,-0.9929256113910898,0.2540619438953747,1.415614865277135,0.903925215540471,2022-08-01,2,5,0,0
2022,8,Latin America,Sedan,RAV4,Online,0.5346715337099935,1.0352834745934631,1.0920428403806164,1.2537106169177938,0.8647547732903481,0.27820128431023045,-0.6591708627654173,0.22584132600728024,1.1524425204878617,2022-08-01,3,5,6,3
2022,8,Latin America,EV,RAV4,Corporate,0.9009315159716065,-1.6165820230865817,-0.47316799253492053,-0.5866492718524452,-0.1365430005354848,-0.11087711642328747,0.6984153474522843,0.2667397914196813,-0.42903123826826883,2022-08-01,3,0,6,0
2022,8,Asia,Sedan,Land Cruiser,Online,-0.2210111174384729,-1.307231973058243,-0.7619490288655655,-0.7297056480918337,-0.7291947037249616,-0.6549140189669419,-0.21481745920850742,-1.8302360715434383,-1.784580174344953,2022-08-01,0,5,4,3
2022,8,Middle East,Hybrid,Prius,Corporate,-1.6238013261795916,-0.495243149289032,-1.3563115755642416,-1.314491674099574,-1.2938499890271247,-1.1103126650333033,-0.6620562744768257,0.7947017994706794,0.5650379815212992,2022-08-01,4,2,5,0
2022,8,Middle East,Hatchback,Land Cruiser,Online,1.371423588046801,-1.3914333274442194,-0.09987799165441393,-0.23038744046967233,-0.005459441813896208,0.35934245579704693,0.8614411091468652,0.6236718532006381,-0.4516237205362131,2022-08-01,4,1,4,3
2022,8,Latin America,EV,Yaris,Fleet,1.207837113756041,-0.6433112676818082,0.4436649965146412,0.2613159393264703,-0.1617406072986995,1.3671849582733486,1.458721333408426,-0.4322521629013582,-2.3493922310435713,2022-08-01,3,0,7,2
2022,8,Japan,Sedan,Fortuner,Fleet,-1.3212387321373895,0.14085513820398066,-1.057897318369162,-1.096501025084167,-1.0033848583655627,-0.6039046311682864,1.4154401577372981,1.423050949897572,0.1583733006982947,2022-08-01,2,5,2,2
2022,9,Middle East,SUV,Yaris,Fleet,1.0529366469497463,-1.44186604798752,-0.2791048144477504,-0.42102540758772605,-0.5809650934567964,0.5347904448387543,1.718408387435191,0.31879238376273766,0.4294830879136317,2022-09-01,4,4,7,2
2022,9,Japan,EV,Prius,Corporate,-0.7320378911078381,-1.1207703861878158,-0.9411636045100114,-0.9922501385446005,-0.8274991114837983,-0.5164929454601092,1.1023729870494752,2.5347456006528426,-0.7227335077515501,2022-09-01,2,0,5,0
2022,9,Japan,SUV,Corolla,Fleet,1.553829745220569,0.4231168710846077,1.6406299773687611,1.770741424049776,1.3084217790679042,0.8329262630734522,-0.4398795726983709,0.6496981493721663,-1.2197681176463346,2022-09-01,2,4,1,2
2022,9,Asia,Sedan,Yaris,Fleet,-1.2025299631830326,-0.33205255574062265,-1.0413468452968337,-0.9941501865678617,-0.8318026689007921,-1.0122250391073109,-1.1381492068592292,-1.2204771326676371,0.022818407090625176,2022-09-01,0,5,7,2
2022,9,Europe,Hatchback,Corolla,Fleet,0.36674205567700097,0.7625650512770705,0.7463589644790274,0.7977206340214015,1.1207368779247242,0.07174642311179613,-0.6721552154667555,0.9917580419122496,1.9205869175979842,2022-09-01,1,1,1,2
2022,9,Middle East,Hybrid,Hilux,Online,1.3149645393977778,0.7044976830823824,1.659372292273296,1.344397046737772,2.0255900568511347,2.0596972582930753,0.6522487600697482,0.05852942204745714,1.7624395417223706,2022-09-01,4,2,3,3
2022,10,Latin America,EV,Camry,Fleet,0.6229792764687223,0.8920604210563752,1.0927036181075385,0.715188225063061,1.4945293470912997,1.8883533243239996,1.1009302811937711,-0.6739249130655476,2.0561418112056518,2022-10-01,3,0,0,2
2022,10,North America,EV,Yaris,Dealer,-1.586161960413576,-1.0046356497984394,-1.3692159502244883,-1.3391367603808835,-1.2238591526470561,-1.1282540106269021,-0.8597069767083085,-0.6999512092370758,0.2035582652341832,2022-10-01,5,0,7,1
2022,10,Middle East,EV,Land Cruiser,Dealer,1.3685282522186462,-1.4084644645126994,-0.11588987433214006,-0.17697908547230978,-0.1511109764187598,0.17243467390016565,0.5180771154892527,-0.1794252858065141,-0.11273648651704232,2022-10-01,4,0,4,1
2022,10,Middle East,Hybrid,RAV4,Fleet,0.8676351539478235,-1.1251749906020778,-0.12627710469962272,-0.08851400590622656,-0.07573472258538112,-0.25841751691783,-0.343218280366186,0.6682883609232574,1.1298500382199175,2022-10-01,4,2,6,2
2022,10,Japan,Pickup,Camry,Online,1.093471348543917,-1.375723571700018,-0.20947184503557956,-0.3746449192498932,-0.04949757532621061,0.37288177255691746,1.1543103978548281,1.8469077732624575,0.4746680524495202,2022-10-01,2,3,0,3
2022,10,Europe,Sedan,RAV4,Dealer,-1.483377538514072,1.408647108775744,-1.0649777048735318,-1.0178728920191233,-0.8498128468853664,-1.031408931742686,-1.200185558654512,0.17007069135400565,1.175035002755808,2022-10-01,1,5,6,1
2022,10,Latin America,Sedan,Camry,Fleet,-1.2893900380276841,0.24465698223342322,-1.0147935488876325,-0.9488038666602082,-0.9727186399946579,-0.9572670655454888,-0.8885610938223935,-0.9676502555727932,0.06800337162651568,2022-10-01,3,5,0,2
2022,10,North America,Hatchback,Camry,Online,1.7304452307380265,1.004891704135055,2.3636960215728817,2.6021698137888674,2.226070461775128,0.7913170238651536,-0.8120976834700682,-1.6480519983427415,1.446144789971145,2022-10-01,5,1,0,3
2022,11,Middle East,Sedan,Corolla,Online,0.5911305823590168,-0.9236643386495885,-0.134838458503026,0.025617789275412826,0.2861660341466229,-0.9592641455162662,-1.7758251950805088,-1.666642209893833,2.0561418112056518,2022-11-01,4,5,1,3
2022,11,Middle East,Hatchback,Corolla,Fleet,-1.189500951956335,-1.3319711678516815,-1.2134621380238881,-1.1650989740981685,-1.0341622912609088,-1.1132356718909528,-1.4367893189900096,0.8541904764341722,-0.02236655744526332,2022-11-01,4,1,1,2
2022,11,Europe,Hatchback,Land Cruiser,Fleet,-1.2676750193165212,1.2642494940615194,-0.8319740207048721,-0.8594362588080755,-0.8038139662480873,-0.476332473546928,0.7344829938448906,-0.17570724349629588,1.71725457718648,2022-11-01,1,1,4,2
2022,11,North America,Sedan,RAV4,Online,-1.2097683027534203,0.9247279037954854,-0.825228569569352,-0.7608469074030324,-0.7134730247235124,-0.8680905086298322,-0.9015454465237317,1.5754906846165224,1.4235523077031986,2022-11-01,5,5,6,3
2022,11,Asia,Hatchback,Hilux,Corporate,-0.009651601983154717,-1.2375658132393315,-0.6297677388943954,-0.5724880650496452,-0.32660447396279507,-0.8323550067953325,-1.0890972077652847,0.14404439518247747,0.7683703219328014,2022-11-01,0,1,3,0
2022,12,Asia,SUV,Yaris,Dealer,-1.7019753935397777,-0.674804189243782,-1.4173596061763056,-1.3849106889714116,-1.3214871691031906,-1.1378744255697573,-0.4701763956681601,-0.7594398862005686,0.903925215540471,2022-12-01,0,4,7,1
2022,12,North America,Hatchback,Prius,Fleet,-1.3704594412160254,-0.557054431235843,-1.1926046467342626,-1.1674155920506202,-1.130416229809608,-0.9377164987387651,0.030442536261215423,0.4749501607919061,-0.13532896878498657,2022-12-01,5,1,5,2
2022,12,Japan,EV,Hilux,Fleet,1.0789946694031418,-0.8535577183892507,0.19562883217594532,0.35084480726766226,0.26194093001766755,-0.48990125341586227,-1.091982619476693,1.1590699458720728,0.5650379815212992,2022-12-01,2,0,3,2
2022,12,North America,EV,Hilux,Corporate,-0.17613341210206973,-0.2360321795097097,-0.25651933853819486,-0.08414787126363149,0.13623726442635037,-1.0676745759493826,-1.9720331914562872,0.021348998945273638,-0.24829138012471083,2022-12-01,5,0,3,0
2022,12,Middle East,Hatchback,Hilux,Dealer,1.4828940174307703,1.1044357638973776,2.1855940326283543,2.602569679395413,2.19869473271997,-0.09144998894432682,-1.4223622604329669,-0.33186502052546435,-2.1234674083641236,2022-12-01,4,1,3,1
2022,12,Europe,Hybrid,Hilux,Online,0.9530475608783974,-0.5685798127864953,0.3372113575740946,0.12712836697476337,0.8620195702880533,0.6754619127955775,0.608967584398621,1.0884271419779252,-1.0164357772348314,2022-12-01,1,2,3,3
2022,12,Latin America,Hybrid,Fortuner,Corporate,0.007720412985775545,1.0189864382606935,0.5105899252390425,0.6233259376414997,1.1036775734831918,-0.45624944557859065,-1.229039675768597,0.3002021722116459,-0.8131034368233291,2022-12-01,3,2,2,0
2022,12,Latin America,EV,Prius,Fleet,0.16696388353430294,1.4150337851764239,0.8986824667795545,1.029389107230364,0.5041599813100611,0.37047245570846,-0.4211243965742155,-0.03442163570800029,-0.29347634466060035,2022-12-01,3,0,5,2
2022,12,Latin America,Sedan,Hilux,Fleet,-0.5843757638719309,-0.8781500930355471,-0.7823443678824352,-0.8486258203300103,-0.8521812693368869,-0.23526168571430892,1.4630494509755383,-0.09019227036127488,0.11318833616240417,2022-12-01,3,5,3,2
2022,12,Europe,Pickup,Prius,Online,-1.0432864926345053,1.6576540783286924,-0.48732191736991864,-0.5948823863005709,-0.592530814827169,0.14031293869032463,1.432752628005749,-0.7073872938575122,-0.9486583304309976,2022-12-01,1,3,5,3
2023,1,Europe,Hatchback,RAV4,Fleet,-0.46566699491757413,1.1105288000037734,0.03198390631320392,-0.03547917503921365,0.40537914437292855,0.03433496137557847,-0.002739698419982449,-0.11993660884302128,-1.2875455644501683,2023-01-01,1,1,6,2
2023,1,Asia,Sedan,Hilux,Fleet,-0.992618115641792,1.6852562659914012,-0.4173033190538147,-0.2558986341809271,-0.6684031757194495,-0.7229726006406184,-1.035717091104227,1.0029121688429044,-0.9486583304309976,2023-01-01,0,5,3,2
2023,1,Asia,Sedan,Prius,Dealer,1.7087302120268637,1.0073876466364702,2.342635727727264,1.755089641631176,3.375823072922662,3.1106461578410474,0.9104931082408098,0.5939275147188917,-1.694210245273174,2023-01-01,0,5,5,1
2023,1,Middle East,SUV,RAV4,Corporate,-0.4280276291515585,0.7900938288662085,-0.04972460982686389,-0.025757625796544864,0.2804238498181199,-0.334307274244904,-0.5913636875473173,0.2481495798685902,-0.2708838623926551,2023-01-01,4,4,6,0
2023,1,Latin America,Sedan,Prius,Corporate,-1.7294810839072507,1.4311840013620514,-1.35644842537644,-1.355475938143969,-1.2165708568087423,-1.0075041573696855,1.111029222183701,-0.6887970823064204,-1.3553230112540022,2023-01-01,3,5,5,0
2023,1,Europe,Hatchback,Land Cruiser,Corporate,0.8126237732128777,-0.1861867395549774,0.51879022968327,0.7504071664051423,0.6766432716458215,-0.6158218622376928,-1.4569872009698692,-0.22775983583935225,1.6494771303826472,2023-01-01,1,1,4,0
2023,1,Latin America,Hatchback,Corolla,Corporate,1.3250982147963204,0.5867479250744433,1.5689539220975683,1.1125603127390828,1.4256553715679705,2.852726228722381,1.4717056861097642,0.22212328369706202,0.7457778396648572,2023-01-01,3,1,1,0
2023,1,Middle East,Hatchback,Fortuner,Corporate,-1.2734656909728312,-0.9550104400644202,-1.191691168554708,-1.1286674565352135,-1.088184417759496,-1.104761745592923,-1.4194768487215583,-0.6144362361020548,0.1583733006982947,2023-01-01,4,1,2,0
2023,1,Europe,SUV,Hilux,Fleet,-0.8217933017806445,0.825330664180305,-0.44243128602367604,-0.4281684770950817,-0.14423053736286787,-0.5423474517587653,-0.5278846298963302,0.36340889148535693,2.0561418112056518,2023-01-01,1,4,3,2
2023,1,Latin America,Pickup,Land Cruiser,Corporate,0.4507067946934972,1.0423308416562824,1.005066544187655,0.7719066224496963,1.3581410717327662,1.321702404332486,0.5757853497174231,0.5270027531349625,0.2035582652341832,2023-01-01,3,3,4,0
2023,1,North America,Hatchback,Camry,Corporate,0.6461419630939627,-1.0541140393853166,-0.19151431379244194,-0.38031382431143473,-0.059976819616558964,0.49137149302219596,1.3620600410762407,0.8058559264013347,0.1583733006982947,2023-01-01,5,1,0,0
2023,1,Middle East,SUV,Camry,Online,0.6736476534614356,-0.44231448624431624,0.23889201350266417,0.35144788068831884,-0.32707541690138175,0.10322169073070421,-0.1585519308360415,0.307638256832083,0.2939281943059622,2023-01-01,4,4,0,3
2023,1,Asia,Pickup,Prius,Dealer,-0.10230234848411611,-0.8318283366122246,-0.4826529404923681,-0.5040482993665149,-0.26515327995701776,-0.3847119928904243,-0.027265697966954733,1.1441977766312,1.6946620949185358,2023-01-01,0,3,5,1
2023,2,Middle East,EV,RAV4,Fleet,-0.9491880782194664,1.6473766680287476,-0.3718180900497135,-0.4987755104006347,-0.3946655361661297,0.23784456279479907,1.3029091009923663,1.7019041231639445,0.903925215540471,2023-02-01,4,0,6,2
2023,2,Middle East,Hatchback,Land Cruiser,Online,-0.16455206878944956,-1.194253869832421,-0.6844172451477514,-0.7518451001921438,-0.8991920464529677,-0.07219512443151624,1.5813513311432872,0.3968712722773222,-2.326799748775626,2023-02-01,4,1,4,3
2023,2,Japan,SUV,Prius,Online,-1.059210839689358,-1.0930213783779648,-1.102482936035144,-1.1383035442855236,-0.923431402708109,-0.7240664210741277,0.9898419303045438,1.021502380393996,0.4294830879136317,2023-02-01,2,4,5,3
2023,2,Middle East,Hatchback,Corolla,Corporate,-1.0215714739233426,0.663094401588319,-0.6852948059347357,-0.6089009022950295,-0.7940408921842681,-0.6774510474437399,-0.48171804251379413,0.4117434415181951,0.7005928751289687,2023-02-01,4,1,1,0
2023,2,Europe,Sedan,Corolla,Fleet,-0.7624389173034661,-1.0920670474215413,-0.9482229350113001,-0.9155563907850393,-0.7831440821025555,-0.8667585885320209,-0.6000199226815429,-1.1275260749121798,-0.9938432949668871,2023-02-01,1,5,1,2
2023,2,Europe,Sedan,Hilux,Corporate,-0.8015259509835592,-0.097727600901881,-0.6848489074187445,-0.5729044148261833,-0.6868713639917977,-0.8781541522109575,-1.1670033239733142,0.7909837571604612,0.022818407090625176,2023-02-01,1,5,3,0
2023,2,Latin America,Hatchback,Camry,Fleet,-0.2876038414860389,1.2709298107564835,0.2970840999235342,0.029903651189301866,0.11091845410526723,1.3166336955783071,1.6808980351868807,-0.4731506283137599,-1.0616207417707209,2023-02-01,3,1,0,2
2023,2,Japan,EV,RAV4,Dealer,-0.8044212868117142,-1.3252908511567174,-1.0363691322877355,-0.9902133638135668,-0.9756446875241291,-0.9097214285908779,-0.5480825118761898,0.31507434145251945,0.9491101800763595,2023-02-01,2,0,6,1
2023,2,Middle East,Sedan,Prius,Corporate,0.33778869739545053,-0.3101763538164544,0.08414874737166606,-0.11953174075301637,0.5541490495637202,0.5160686996967981,0.7806495812274268,-0.532639305277252,-0.29347634466060035,2023-02-01,4,5,5,0
2023,3,Latin America,SUV,Prius,Online,1.1209770389113898,-1.6119571884516066,-0.3861067619381675,-0.37139206352923065,-0.1517222698693974,-0.46521720519004683,-0.4211243965742155,-1.9566495100908603,-1.3553230112540022,2023-03-01,3,4,5,3
2023,3,Latin America,Pickup,Hilux,Fleet,0.9776579154177152,1.701553302324171,2.0810062510836485,2.532751459191384,1.3415006077540539,0.19004161908531833,-1.1742168532518356,0.7314950801969684,0.40689060564568547,2023-03-01,3,3,3,2
2023,3,Middle East,SUV,Camry,Fleet,0.3768757310755436,-0.5933190075799339,-0.05737794125717894,-0.0356022657298967,0.1389394245394215,-0.24561867121372588,-0.4095827497285815,-0.19801549735760585,0.7683703219328014,2023-03-01,4,4,0,2
2023,3,Japan,Hybrid,Yaris,Online,0.2248706000974038,-0.45361963757425555,-0.07836182539660869,-0.171046897817245,-0.2776112646256355,0.42065651651755454,0.9364618136434862,1.0772730150472707,1.3783673431673102,2023-03-01,2,2,7,3
2023,3,Latin America,Pickup,Land Cruiser,Fleet,-0.40486494252631816,0.3477981356007265,-0.1991317278301867,0.005700762065942399,0.1040138321348555,-1.0927850175705789,-2.039840366674387,0.4414877799999415,0.3617056411097969,2023-03-01,3,3,4,2
2023,4,Middle East,Hatchback,Prius,Corporate,-1.6498593486329869,1.3907350508244114,-1.2637625424694434,-1.2127920655716748,-1.203167101763296,-1.0808870939722344,-0.9159725050807742,-0.16455311656564123,0.4294830879136317,2023-04-01,4,1,5,0
2023,4,Japan,EV,Fortuner,Fleet,0.9718672437614051,0.5922536805922709,1.2312136435797008,1.5327907081734264,1.207283839389031,-0.28035330208436027,-1.3213728505336693,3.036681312532313,-0.02236655744526332,2023-04-01,2,0,2,2
2023,4,Japan,Sedan,Camry,Online,1.0152972811837309,1.6665366972307876,2.101659945269228,1.9504415004407705,3.094013550615293,1.3458253212935283,-0.26964028172526916,1.8915242809850774,0.5650379815212992,2023-04-01,2,5,0,3
2023,4,Middle East,Pickup,Prius,Dealer,-0.48593434571465943,0.07375833096005525,-0.3737281906261175,-0.3286998317693621,-0.11207139197252919,-0.5874720345171291,-0.7457332141076723,0.6905966147845674,0.6780003928610224,2023-04-01,4,3,5,1
2023,4,North America,EV,RAV4,Online,-1.092507201713141,0.02398630107889396,-0.8880067443914057,-0.8676856334314358,-0.8934546315014922,-0.6709329289592808,0.12277571102628768,-0.1831433281167323,0.2035582652341832,2023-04-01,5,0,6,3
2023,4,Japan,Pickup,Fortuner,Dealer,1.5769924318458093,-1.0064709016377151,0.3450252943072635,0.32593906946676465,0.7464025031346846,0.04687421738557267,-0.36485886820174984,2.5756440660652435,0.8135552864686919,2023-04-01,2,3,2,1
2023,4,Middle East,Pickup,RAV4,Fleet,0.38556173856000875,-1.286236692016927,-0.46932210362666665,-0.5485172110589349,-0.3044300182596472,-0.12632196470918935,0.6464779366469313,0.5790553454780182,-1.694210245273174,2023-04-01,4,3,6,2
2023,5,Europe,Hatchback,Yaris,Dealer,0.7590600603920094,1.699718050484895,1.8029582921022687,1.2959808102795294,1.1050488130624476,3.554277822361768,1.8107415622002632,-0.04185772032843739,-0.5419936496079921,2023-05-01,1,1,7,1
2023,5,Japan,Sedan,Camry,Online,-0.4642193270034966,-1.0480944133524916,-0.7769075999073775,-0.8406659337658295,-0.471025934931754,-0.4815212273341574,0.49066570423087225,0.7909837571604612,1.0846650736840289,2023-05-01,2,5,0,3
2023,5,Japan,EV,Corolla,Fleet,-1.4080988069820408,-0.8529704378006824,-1.253952405714073,-1.269303312375402,-1.0595142183976793,-0.9124162031868084,0.8282588744656674,1.1441977766312,1.1298500382199175,2023-05-01,2,0,1,2
2023,5,Asia,Pickup,Prius,Dealer,-0.986827443985482,-1.6990215357068532,-1.2077812795407776,-1.2223590346101316,-1.0165022805344657,-0.8821572273744069,0.6479206425026357,0.7166229109560955,-0.20310641558882134,2023-05-01,0,3,5,1
2023,5,Europe,Sedan,Fortuner,Fleet,-0.8768046825155903,1.2446490044180532,-0.38800819573867446,-0.29361406088208286,-0.558526151267323,-0.5047017019490122,-0.5177856889064004,-1.291119936561785,0.09059585389445993,2023-05-01,1,5,2,2
2023,5,Japan,SUV,RAV4,Corporate,-0.5279167152229075,0.5912259395622764,-0.22312829693408398,-0.24365380550294521,-0.6455132328151094,0.19658467208454444,0.8022901690629908,0.16263460673356922,0.11318833616240417,2023-05-01,2,4,6,0
2023,5,Latin America,Hatchback,Yaris,Dealer,0.24369028298041162,1.3475699275646433,0.9518445553793571,0.8358372702976519,0.46826796840304874,1.3841349432379069,0.7099569942979186,-1.3394544865946227,0.33911315884185267,2023-05-01,3,1,7,1
2023,5,North America,Hybrid,RAV4,Fleet,1.404719950070584,1.325693725640475,2.2927448213389323,2.2617846359671874,2.7056563202465296,1.3966993531657486,-0.331676633520552,0.025067041255492514,-0.9034733658951081,2023-05-01,5,2,6,2
2023,6,Europe,Sedan,Hilux,Dealer,1.7289975628239491,0.4812576493528669,1.8584509477799487,1.7754447795350492,1.3590636538420455,1.8821963820278191,0.3290826483919958,-0.9490600440217017,1.536514719042922,2023-06-01,1,5,3,1
2023,6,Europe,Hatchback,Yaris,Dealer,-0.5366027227073726,-1.2299311655879437,-0.8800874139801964,-0.9437305014186048,-0.9872935201616339,-0.28707321691037924,1.802085327066038,1.0066302111531225,-0.5194011673400478,2023-06-01,1,1,7,1
2023,6,Europe,SUV,RAV4,Corporate,1.2223137928968164,0.6295459979663564,1.504829441782961,1.4664908535522154,0.4568810393060203,1.8282654701348147,0.5829988789959445,0.07340159128833001,0.09059585389445993,2023-06-01,1,4,6,0
2023,6,Japan,Pickup,Hilux,Dealer,1.199151106271576,1.1853336649726574,1.9380142521837023,2.3776141654159564,2.9504954911984926,-0.9825058321565031,-2.0975486009025572,-1.3729168673865875,-0.8582884013592186,2023-06-01,2,3,3,1
2023,6,Europe,SUV,Prius,Corporate,-0.293394513142349,1.6107450413168014,0.4335307507563779,0.37687333243350385,-0.24496836461647473,0.9380180641770414,0.8498994623012309,-0.32814697821524613,0.40689060564568547,2023-06-01,1,4,5,0
2023,6,North America,Hybrid,Prius,Fleet,-1.7135567368523978,0.588142716472293,-1.372355226948371,-1.3481749250531334,-1.2248094840626955,-1.1097545939395972,-0.4773899249466815,0.872780687985264,0.7909628042007477,2023-06-01,5,2,5,2
2023,6,Latin America,Hatchback,Prius,Online,1.232447468295359,1.1485552181135692,1.9450796636359482,1.9475633599032027,2.7390954261948153,0.7935714034207652,-0.6332021573627408,-0.2537861320108798,-0.5194011673400478,2023-06-01,3,1,5,3
2023,6,Latin America,SUV,Camry,Fleet,0.7416880454230791,0.016571883648219488,0.6062926133810148,0.7291735917543589,0.740576432431275,-0.13591194141817953,-0.845279918151266,0.05109333742702004,1.7850320239903148,2023-06-01,3,4,0,2
2023,6,Japan,SUV,Corolla,Fleet,0.08299914451780668,1.263735623546522,0.7198652272904175,0.5557551598149055,0.5018071304600994,1.2373366944554058,0.8325869920327797,-0.8523909439560261,0.022818407090625176,2023-06-01,2,4,1,2
2023,6,Asia,Pickup,Camry,Fleet,1.404719950070584,-1.1983648339523991,0.08371256701094303,0.2386563810028879,-0.38052036141198936,-0.22470883205851996,-0.5365408650305559,-1.62946178679165,-0.7679184722874396,2023-06-01,0,3,0,2
2023,7,North America,Hatchback,Land Cruiser,Dealer,-0.11533135971081382,0.6934861720467272,0.22467642668833257,0.3426252523787241,0.5201639294727278,-0.4779284215907013,-1.091982619476693,-0.06416597418974669,-0.8808808836271629,2023-07-01,5,1,4,1
2023,7,Latin America,EV,Corolla,Fleet,0.3073876711998226,-0.16181459512939397,0.14832625130536842,0.3180655991581918,-0.20360118080823703,-0.30826667111398576,-0.7471759199633766,0.8430363495035176,-0.5871786141438816,2023-07-01,3,0,1,2
2023,7,North America,EV,Hilux,Fleet,1.7405789061365693,-1.1955018410831286,0.25127297173004326,0.029594195322955454,0.8157922747985014,0.635393202994194,0.6839882888952421,-0.8709811555071175,0.4294830879136317,2023-07-01,5,0,3,2
2023,7,Latin America,Sedan,Hilux,Online,0.10471416322896951,-0.4495086734542776,-0.15907766891638347,-0.0012388787062284899,0.17186289564132298,-0.9081814670507584,-1.6589660207684644,1.4118968229669169,-0.33866130919648985,2023-07-01,3,5,3,3
2023,7,Europe,SUV,Corolla,Corporate,-0.05887231106179046,-0.6179847922998014,-0.3536180027440917,-0.3555271841008399,-0.1536847083422511,-0.3592184648870726,-0.2133747533528032,0.48610428772256076,1.0168876268801943,2023-07-01,1,4,1,0
2023,7,Asia,Hybrid,Land Cruiser,Fleet,0.5795492390463967,0.2646979323183156,0.6364758396925093,0.7047031841160197,0.763281196263818,0.09320700701863639,-0.5625095704332324,-1.4361235866602984,1.6946620949185358,2023-07-01,0,2,4,2
2023,8,Europe,Hybrid,Hilux,Online,0.9588382325347075,1.616103976687487,1.9925822623279668,1.5302421649725466,1.2506225725467641,3.54369229772312,1.5813513311432872,-0.5289212629670338,-0.1805139333208771,2023-08-01,1,2,3,3
2023,8,North America,Hatchback,Camry,Fleet,-1.5398365871630952,0.8348739737445394,-1.1824526127736663,-1.119685129184077,-1.0987927331756415,-1.0848735260497402,-1.2752062631511332,-1.1498343287734898,-0.5194011673400478,2023-08-01,5,1,0,2
2023,8,Middle East,Sedan,Camry,Dealer,-0.4917250173709695,-0.05184630491998453,-0.42477604055756585,-0.2910042725964164,-0.10169162134001725,-0.9924242151244267,-1.7282159018422685,-1.0494471863975956,1.0846650736840289,2023-08-01,4,5,0,1
2023,8,North America,Sedan,RAV4,Dealer,0.2972539958012799,-0.3125254761707275,0.05327263363894224,-0.1198247965914836,-0.30380307032020326,0.9105422408157057,1.556825331596315,-1.2130410480472007,1.2428124495596407,2023-08-01,5,5,6,1
2023,8,Middle East,Pickup,Yaris,Fleet,-1.3994127994975758,-0.3035694471950613,-1.1799854800401772,-1.199758079539505,-1.0538781387068163,-0.8023140143961891,1.0764042816467987,-0.24635004739044333,-0.38384627373237934,2023-08-01,4,3,7,2
2023,8,Middle East,Hybrid,Camry,Fleet,-0.44829497994864387,0.7817984905526816,-0.07359498499056763,-0.2751317819567736,0.29329355112666017,0.4677425685493637,1.0186960474186286,-0.3244289359050279,-1.1745831531104451,2023-08-01,4,2,0,2
2023,9,Japan,SUV,Prius,Corporate,-1.583266624585421,0.37363848149773055,-1.2625450167420231,-1.255493289011348,-1.1980860081996376,-0.9186195671595495,0.8628838150025692,1.4936937537917196,-3.0723516636178023,2023-09-01,2,4,5,0
2023,9,Latin America,Hybrid,Camry,Corporate,-0.7725725927020087,0.36908705693632643,-0.5253352489243703,-0.4983423145277537,-0.7071309047374811,-0.3384853484599747,0.20212453309002168,-1.9454953831602053,0.18096578296623894,2023-09-01,3,2,0,0
2023,9,Europe,Sedan,Corolla,Online,-0.8058689547257918,-0.7294212839806316,-0.867733308550269,-0.8557403875609643,-0.8378713371365878,-0.6487863576609287,0.14585900471755575,0.872780687985264,0.06800337162651568,2023-09-01,1,5,1,3
2023,9,Middle East,Hatchback,RAV4,Dealer,1.1484827292788629,1.1578048873835196,1.8586517328241747,2.2790391277754356,2.155343369337868,-0.5060982441409955,-1.690705549593958,0.03622116818614717,-0.6549560609477163,2023-09-01,4,1,6,1
2023,9,North America,SUV,Hilux,Dealer,0.21907992844109372,0.8958043348084979,0.6708531603937105,0.9383259908428927,0.5668569684062298,-0.4795316601263699,-1.335799909090712,-1.343172528904841,-0.33866130919648985,2023-09-01,5,4,3,1
2023,9,Latin America,Sedan,Camry,Online,-0.5409457264496053,-1.0074252325941386,-0.8032025127322103,-0.7011947492366841,-0.6152067719808966,-1.042480471488266,-1.6373254329329008,1.1665060304925092,2.0561418112056518,2023-09-01,3,5,0,3
2023,9,Japan,SUV,Land Cruiser,Dealer,-0.10085468057003859,0.5067309448820159,0.1508373714784925,0.20708511591911236,-0.07049740672186494,0.033420291444130515,-0.16576546011456286,1.3226638075216777,0.8361477687366362,2023-09-01,2,4,4,1
2023,9,Middle East,Pickup,Yaris,Corporate,0.9704195758473276,-1.3022400880554126,-0.2082360196239701,-0.1922368334480781,0.16136268983812943,-0.4366689051562895,-0.6101188636714727,-1.101499778740652,-2.3042072665076816,2023-09-01,4,3,7,0
2023,9,Europe,Hybrid,Camry,Fleet,-1.1359372391354667,0.7823857711412499,-0.7749687995157076,-0.7539381598495966,-0.6749929202374207,-0.6648706081849769,-0.2177028709199159,0.03993921049636539,-0.04495903971320757,2023-09-01,1,2,0,2
2023,9,Middle East,Hatchback,Prius,Corporate,-0.7667819210456986,-0.18251623587642568,-0.6825520981433776,-0.764474668875229,-0.3450567434032231,-0.37036093348987625,0.558472879448972,-1.1126539056713065,0.8135552864686919,2023-09-01,4,1,5,0
2023,10,Japan,Hybrid,Corolla,Corporate,-0.989722779813637,1.3925703026636873,-0.48241925011539183,-0.5934579759700268,-0.7375959669595759,0.25259798163239455,1.7241792108580083,1.1590699458720728,-0.33866130919648985,2023-10-01,2,2,1,0
2023,10,Latin America,EV,Corolla,Online,-0.03426195652247259,1.1791672187926905,0.5436574261534339,0.3713466064118337,-0.22185822837874014,1.4996108010262001,1.46016403926413,0.07711963359854823,0.22615074750212943,2023-10-01,3,0,1,3
2023,10,North America,Hatchback,RAV4,Fleet,-1.1417279107917768,-0.9841542392721208,-1.1241417773151765,-1.1421489337626798,-0.9637802181116489,-0.7931879475752952,0.6710039361939039,-0.05301184725909204,-1.8071726566128972,2023-10-01,5,1,6,2
2023,10,Middle East,Pickup,Land Cruiser,Online,1.568306424361344,-0.3432842969969909,0.9497401769445646,0.7056527078854974,1.4751113045650346,1.2149027079899426,0.5166344096335487,0.3039202145218648,-1.1068057063066103,2023-10-01,4,3,4,3
2023,10,North America,Hybrid,Prius,Dealer,0.6881243326022108,-1.653507290092812,-0.5790318076482667,-0.6437416801642135,-0.5577501630960112,-0.16240868498694025,0.8773108735596119,-0.47686867062397814,1.0620725914160827,2023-10-01,5,2,5,1
2023,10,Europe,Hatchback,RAV4,Fleet,0.7576123924779319,-1.6392657358200313,-0.5433923202198606,-0.5168958779598594,-0.5499623528608626,-0.46097035312834306,-0.10949993174209692,1.4081787806566985,1.446144789971145,2023-10-01,1,1,6,2
2023,10,Latin America,EV,Yaris,Dealer,1.495923028657468,1.2481726879494628,2.329311767450963,2.535985472457618,3.1285011936861866,0.28714934066467596,-1.1742168532518356,-2.9977013569519833,0.8135552864686919,2023-10-01,3,0,7,1
2023,10,Japan,Hatchback,Camry,Corporate,-0.7146658761389079,-1.6057173321980687,-1.081887096130635,-1.0921348781468339,-0.9323403480937347,-0.7867433578028603,0.43007205829129336,1.9324227463974786,-1.4682854225937263,2023-10-01,2,1,0,0
2023,10,Japan,Hatchback,RAV4,Dealer,0.8603968143774359,-1.5784821949032148,-0.46072514500293854,-0.5369186718057298,-0.6429952459258854,0.09049746358399026,1.2062478086601818,1.1181714804596716,0.7683703219328014,2023-10-01,2,1,6,1
2023,10,Latin America,Hatchback,Hilux,Corporate,0.2552716262930318,1.509218909568061,1.0572031684970489,1.085628854329258,0.9882767569184697,0.6506513751089816,-0.22491640019843726,-0.6999512092370758,0.2035582652341832,2023-10-01,3,1,3,0
2023,10,Japan,Hatchback,Yaris,Online,0.14669653273721764,0.11611594341054207,0.1746963803787246,0.40338288384520804,-0.40639843439421125,-0.36380675833188936,-0.8654778001311254,1.5122839653428113,0.2939281943059622,2023-10-01,2,1,7,3
2023,10,Japan,Sedan,Yaris,Corporate,-0.626358133380179,0.35308366089784093,-0.3976265836292788,-0.44999663757097536,-0.20470612382289674,-0.19605656507887337,0.28147335515375566,1.7242123770252538,0.9265176978084152,2023-10-01,2,5,7,0
2023,11,Japan,EV,Corolla,Fleet,-0.12546503510935647,-1.3300625059388347,-0.7284882836507149,-0.8072423519054491,-0.4713388432520164,-0.3617193975786076,0.7532381699690462,0.6682883609232574,-1.4456929403257812,2023-11-01,2,0,1,2
2023,11,North America,Hatchback,Prius,Corporate,-0.1804764158443023,0.848895297796607,0.22989970781973482,0.2328393228114313,0.35200920162036886,0.06583039686978473,-0.20904663578569055,-1.216759090357419,-0.09014400424909808,2023-11-01,5,1,5,0
2023,11,Europe,Pickup,Fortuner,Online,0.4955845000299004,-0.25166852518034005,0.23603254576979396,0.203147293064722,0.45627567565387583,0.14085729780851852,-0.09363016732935023,0.05852942204745714,0.9717026623443037,2023-11-01,1,3,2,3
2023,11,Latin America,SUV,Land Cruiser,Corporate,0.3218643503405978,-1.4176407237090787,-0.5760375076149644,-0.6645356821994025,-0.5165296157894625,-0.09607374251573417,1.0677480465125733,-0.21660570890869693,0.542445499253355,2023-11-01,3,4,4,0
2023,11,Japan,Hybrid,Hilux,Fleet,1.4857893532589255,-1.4390030551182496,-0.09232920143237901,-0.14202170084990265,-0.18300208461230383,0.18127574472385985,0.48922299837516775,0.9471415341896297,0.9717026623443037,2023-11-01,2,2,3,2
2023,11,Middle East,Hybrid,Prius,Dealer,0.7590600603920094,0.03338279049598636,0.6322705211176245,0.704694875562596,-0.1914639877091822,0.68317268921618,0.22376512092558526,-1.3468905712150592,0.3842981233777412,2023-11-01,4,2,5,1
2023,11,Asia,Hatchback,Camry,Fleet,-0.41644628583893833,-0.2578349713603069,-0.4447348013944911,-0.4604777849281716,-0.5456376793575077,-0.17643164070404443,0.44594182270404004,-1.4398416289705167,-0.4516237205362131,2023-11-01,0,1,0,2
2023,12,North America,EV,Fortuner,Dealer,-0.6133291221534813,-0.8440878188985872,-0.787598764160091,-0.6715925675143306,-0.7045788937532381,-1.0170117718831588,-1.55220578744635,0.7352131225071866,-0.7001410254836059,2023-12-01,5,0,2,1
2023,12,Middle East,Sedan,Hilux,Fleet,1.5958121147288171,-0.03944000248647972,1.2509717614506934,0.8936657138585431,0.28571438377495106,2.7947132479529957,1.8410383851700527,-0.05672988956931026,1.0168876268801943,2023-12-01,4,5,3,2
2023,12,Japan,Pickup,Land Cruiser,Dealer,0.07141780120518651,0.14364472099967995,0.12557968702676142,0.012656205034356435,-0.2638461301416807,0.7554000398331121,1.1196854573179262,1.8320356040215846,0.8135552864686919,2023-12-01,2,3,4,1
2023,12,Asia,EV,Prius,Online,1.3120692035696226,0.6786573371853784,1.63450341927927,1.5964328442412428,2.3449175083133404,0.789100819011498,-0.47594721909097726,0.9322693649487568,1.5591072013108682,2023-12-01,0,0,5,3
2023,12,Europe,SUV,Hilux,Dealer,1.3743189238749562,-1.5195339058256743,-0.20967791539231984,-0.3957974781087416,-0.38201934144069,0.6636462581822906,1.7876582685089952,0.2518676221788084,-2.236429819703847,2023-12-01,1,4,3,1
2023,12,North America,Hybrid,Hilux,Dealer,0.829995788181808,-1.467926624105237,-0.39278432806510355,-0.31783776730216395,-0.7248426236652162,-0.3319299070737533,-0.0734322853494906,0.6571342339926027,1.6946620949185358,2023-12-01,5,2,3,1
2023,12,Asia,Sedan,Land Cruiser,Corporate,1.2121801174982738,1.3691524891945275,2.1041246058404117,1.901409823976482,1.6298965366875335,2.4784855449315075,0.6219519370999592,-1.417533375109207,1.4009598254352544,2023-12-01,0,5,4,0
2024,1,Middle East,Sedan,Land Cruiser,Online,-0.8145549622102569,0.31204742977163274,-0.5796036443635233,-0.4939944986605895,-0.45727307224082747,-0.7885208654805566,-1.0198473266914805,0.34481867993426585,-1.4908779048616707,2024-01-01,4,5,4,3
2024,1,Middle East,Hatchback,Land Cruiser,Dealer,-1.2025299631830326,-1.7071700538732382,-1.2861966197495571,-1.2575948308853988,-1.103357407824358,-1.0907728188633634,-0.9058735640908446,1.0847090996677071,0.11318833616240417,2024-01-01,4,1,4,1
2024,1,Asia,Hybrid,Corolla,Corporate,0.48545082463135775,0.012167279233957428,0.3945517414573782,0.6044225063076156,0.397511589885055,-0.5192513813654811,-1.2593364987383864,-0.6776429553757658,-1.5134703871296158,2024-01-01,0,2,1,0
2024,1,Middle East,EV,Yaris,Fleet,-0.8710140108592802,-0.2753065688702131,-0.786754819097324,-0.7007529274524544,-0.8618011924093993,-0.8032741509554955,-0.7226499204164043,-0.42853412059114,0.2939281943059622,2024-01-01,4,0,7,2
2024,1,North America,Hybrid,Hilux,Dealer,-1.3038667171684593,-1.6292085557407996,-1.3103644216126542,-1.2736446750419512,-1.2098207277069692,-1.0846830583639577,-0.6663843920439386,0.05109333742702004,0.49726053471746445,2024-01-01,5,2,3,1
2024,1,Europe,SUV,Corolla,Dealer,-1.1185652241665365,-1.259955885678497,-1.1667502050346135,-1.173234288515917,-0.9477187506795782,-0.9024730405768804,0.14585900471755575,0.23327741062771667,-1.2875455644501683,2024-01-01,1,4,1,1
2024,1,Europe,Hatchback,Yaris,Corporate,-1.5181215684519325,-0.5761410503643118,-1.2921670906259244,-1.2991256701871687,-1.2290912443737814,-0.8854100673280154,1.6808980351868807,-0.6218723207224912,-2.4849471246512387,2024-01-01,1,1,7,0
2024,1,Latin America,SUV,Prius,Fleet,-1.5658946096164907,-1.7076839243882354,-1.4150980039020422,-1.3956100037651982,-1.2638438018084133,-1.1234266122788341,-0.12392699029913966,1.352408146003424,-1.1293981885745557,2024-01-01,3,4,5,2
2024,1,Europe,SUV,Corolla,Fleet,-0.11243602388265878,1.216606356313918,0.47318204612406467,0.25037549552022037,-0.2780650924677022,1.631439703923972,1.7818874450861784,0.48238624541234254,-0.02236655744526332,2024-01-01,1,4,1,2
2024,1,Latin America,Pickup,Corolla,Corporate,-0.9144440482816059,0.08396233118642903,-0.7271391650079522,-0.6267979647540163,-0.7643997404037409,-0.8407962233923134,-0.9736807393089443,-1.101499778740652,-0.6775485432156606,2024-01-01,3,3,1,0
2024,2,North America,Sedan,Fortuner,Online,-1.6440686769766768,-1.2528351085421066,-1.4155202605900123,-1.3773654670362399,-1.2860439592788875,-1.1794415938789167,-1.6142421392416326,-1.1721425826347993,-0.6097710964118268,2024-02-01,5,5,2,3
2024,2,Middle East,EV,Prius,Fleet,-0.4077602783544732,-1.331090246968829,-0.857464287322891,-0.9280646499776111,-1.023371386439403,-0.20828076400165968,2.002621441008929,0.4266156107590686,-0.02236655744526332,2024-02-01,4,0,5,2
2024,2,Latin America,Sedan,Prius,Corporate,-0.4149986179248608,-0.6074871517791435,-0.5795455627571834,-0.4387462795351775,-0.337979151428558,-1.0707963777718148,-1.8753718991241022,-1.2539395134596019,1.0168876268801943,2024-02-01,3,5,5,0
2024,2,Europe,Hybrid,Land Cruiser,Online,-0.5366027227073726,0.6278575662742225,-0.2185015457253305,-0.1259861377999753,-0.6294889705562067,-0.2295003372098651,-0.1426821664232948,-2.1722959640835215,-0.6549560609477163,2024-02-01,1,2,4,3
2024,2,Europe,Hybrid,Fortuner,Online,1.2946971886006924,0.5526856509374833,1.5107173083395484,1.242636657251446,2.2484021232241242,1.5466815306925683,0.3117701781235446,0.010194872014618984,0.8813327332725267,2024-02-01,1,2,2,3
2024,2,Middle East,Hybrid,Yaris,Online,-0.8999673691408306,-0.9361440511566643,-0.9792361827128088,-0.9232312584273085,-0.8321401476894617,-0.9632592131842901,-1.0111910915572548,-1.3915070789376789,-0.7905109545553839,2024-02-01,4,2,7,3
2024,2,Japan,EV,Yaris,Fleet,-0.23548779657924812,0.8931615721599406,0.19212154425651068,0.03404884208977877,-0.18152680137561733,0.9586665985656931,1.3259923946836345,1.3635622729340793,-2.146059890632068,2024-02-01,2,0,7,2
2024,2,Latin America,Sedan,RAV4,Corporate,0.1177431744556672,-1.4911242073536841,-0.7032522235152386,-0.6879745955130804,-0.6420648656947495,-0.5702271632086752,-0.06766146192667372,0.5641831762371453,0.903925215540471,2024-02-01,3,5,6,0
2024,3,Japan,Sedan,Fortuner,Dealer,1.060174986520134,-1.3495895855087299,-0.20376592394151408,-0.05696490977193308,-0.19616099744909257,-0.6901320091634331,-1.16556061811761,0.8579085187443904,0.3165206765739084,2024-03-01,2,5,2,1
2024,3,Japan,Hatchback,Fortuner,Online,1.0008206020429555,0.7608032095113657,1.3885929735350346,1.0854211881357747,0.2744244999634258,2.7807529669484756,1.6332887419486402,2.2224300465945057,-0.4968086850721026,2024-03-01,2,1,2,3
2024,3,Middle East,Hatchback,Hilux,Corporate,-0.659654495403962,0.9403642494661157,-0.23796002047555287,-0.3241063889366737,-0.5843717078063528,0.3828744901488332,1.2524143960427172,-1.2316312595982921,0.00022592482268092738,2024-03-01,4,1,3,0
2024,3,Asia,SUV,Corolla,Online,1.4409116479225221,-0.5826011368385628,0.6463402787716154,0.4908950624309651,0.48456125130473704,1.1194101415449262,0.7820922870831312,0.2630217491094631,0.09059585389445993,2024-03-01,0,4,1,3
2024,3,Asia,Sedan,Land Cruiser,Corporate,1.4698650062040726,1.0325673018713348,2.1070282315068694,1.6312827075376084,2.655980135670978,2.8445243464697816,0.9090504023851053,-0.6590527438246747,1.6494771303826472,2024-03-01,0,5,4,0
2024,3,North America,Hatchback,Yaris,Fleet,1.0109542774414981,-0.7374963920734454,0.24532622792867304,0.21504725549403414,0.3251646633317832,0.2272709647928736,0.03477065382832835,0.4452058223101597,-0.20310641558882134,2024-03-01,5,1,7,2
2024,3,Middle East,Sedan,Hilux,Dealer,-0.326690875166132,0.6721972507111272,0.005275602485908658,0.21238199796097373,0.3426101596213862,-0.9853733214308077,-1.8710437815569896,0.8541904764341722,-1.9653200324885098,2024-03-01,4,5,3,1
2024,4,Latin America,Sedan,Hilux,Fleet,-1.0374958209781953,0.21947732699855843,-0.7995992651334166,-0.7365122378986875,-0.5098001323329155,-0.959952933523567,-1.314159321255148,-1.729848929167544,0.022818407090625176,2024-04-01,3,5,3,2
2024,4,Latin America,Hybrid,Prius,Dealer,1.0485936432075138,0.4516733897037401,1.195948248297804,0.977228059551923,1.0271304207880672,1.7305518432882354,0.8051755807743993,-1.7595932676492905,-1.0842132240386662,2024-04-01,3,2,5,1
2024,4,Latin America,Hybrid,Corolla,Corporate,1.7478172457069567,-0.15718976049441882,1.258804054699369,1.2902990602904472,1.2904682332351654,0.7106972114572885,-0.3129214573963966,-0.2389139627700069,-0.8808808836271629,2024-04-01,3,2,1,0
2024,4,Japan,EV,Camry,Fleet,-1.6874987143990026,1.000633919867935,-1.3271633327888133,-1.2973545071340906,-1.18051964886194,-1.0997224626636248,-0.7486186258190811,0.6831605301641309,0.5876304637892434,2024-04-01,2,0,0,2
2024,4,Europe,Pickup,RAV4,Dealer,0.029435431696938373,0.7690251377513216,0.40727314769139067,0.2719524437616365,0.10064762643857478,0.9758715170034361,0.9494461663448246,0.7575213763684966,-0.02236655744526332,2024-04-01,1,3,6,1
2024,4,Middle East,EV,Camry,Fleet,0.9704195758473276,1.2874470773099662,1.7575080143583426,1.7534068377865224,1.7176574042940822,1.2254921646759498,-0.16288004840315443,0.19609698752553384,0.11318833616240417,2024-04-01,4,0,0,2
2024,5,Latin America,Pickup,Corolla,Fleet,-1.5427319229912504,-0.008607771586645293,-1.2589089206417965,-1.253729993822178,-1.1847999844084462,-0.9153558258842676,0.8556702857240478,-0.640462532273583,0.2939281943059622,2024-05-01,3,3,1,2
2024,5,North America,SUV,Fortuner,Fleet,1.7130732157690962,-0.9219759069574547,0.49969462289437877,0.643957213824332,0.5410889876103135,-0.22810864482976032,-0.9001027406680274,-1.1870147518756726,1.4009598254352544,2024-05-01,5,4,2,2
2024,5,Europe,Sedan,Land Cruiser,Corporate,0.6837813288599782,-1.6944701111454492,-0.6085882981919366,-0.6706908168704605,-0.7345965014905435,-0.0977792243208054,1.1817218091132091,0.9843219572918132,0.8361477687366362,2024-05-01,1,5,4,0
2024,5,North America,Hatchback,Fortuner,Online,-0.8261363055228771,0.863797542731527,-0.43619163361264246,-0.43503990128180114,-0.461120507855174,-0.2823628407084787,0.14585900471755575,0.5232847108247443,1.9657718821338728,2024-05-01,5,1,2,3
2024,5,Europe,Sedan,Yaris,Online,0.9530475608783974,-1.6260519225772452,-0.4605680632417609,-0.40514644492115043,-0.2962370842810497,-0.6224982922336109,-0.713993685282179,0.37828106072623047,0.9265176978084152,2024-05-01,1,5,7,3
2024,5,Japan,EV,RAV4,Online,0.009168080899853067,0.5254505136426296,0.2643816549761921,0.46510016917687225,0.4135424652021942,-0.6664221894843071,-1.4194768487215583,0.9731678303611578,1.8754019530620938,2024-05-01,2,0,6,3
2024,6,Europe,Sedan,Hilux,Fleet,1.0312216282385835,0.10451715178631864,0.9106014148124714,1.0153034124031846,0.9137753354191973,0.2209892438063359,-0.60579074610436,-1.517920517485101,0.5650379815212992,2024-06-01,1,5,3,2
2024,6,Japan,Hatchback,RAV4,Online,-0.2818131698297288,-0.3010000946200751,-0.3631283827160571,-0.2712237261999584,-0.7378621851173162,-0.3479156556528195,-0.1686508718259713,0.5753373031678,0.24874322977007368,2024-06-01,2,1,6,3
2024,6,Latin America,Pickup,Camry,Online,-1.1981869594408001,0.07574040294647318,-0.9651257622512482,-0.9837290701900732,-0.9465480131119357,-0.5930162040862756,0.8556702857240478,-0.01954946646712742,-0.7001410254836059,2024-06-01,3,3,0,3
2024,6,Latin America,Pickup,Corolla,Dealer,1.084785341059452,0.07008782728150353,0.9283567118127903,1.0278085533428274,1.2204672689295255,0.06759710217229437,-0.7976706249130256,-0.21660570890869693,-0.5871786141438816,2024-06-01,3,3,1,1
2024,6,Europe,Sedan,Yaris,Fleet,-1.5137785647097,-0.2746458782080738,-1.2607212713523448,-1.2132762292809942,-1.168411439417175,-1.0859801292221862,-0.9866650920102826,-1.1349621595326165,0.4746680524495202,2024-06-01,1,5,7,2
2024,6,Japan,SUV,Camry,Online,-0.24272613614963573,-0.11094141414466718,-0.251953794658236,-0.34199730479507445,-0.5977859648900824,0.3876162883134424,1.3014663951366618,0.16263460673356922,0.5650379815212992,2024-06-01,2,4,0,3
2024,6,Japan,Sedan,Fortuner,Dealer,-1.286494702199529,-1.5006675169179184,-1.2838398250187188,-1.2572010438741699,-1.185416078598854,-1.0278210460774542,-0.16432275425885864,-0.6441805745838012,0.8813327332725267,2024-06-01,2,5,2,1
2024,6,Asia,Hybrid,Yaris,Dealer,-0.06755831854625559,1.3077082576155716,0.568049114991263,0.5365496655943269,-0.2146257358197861,1.0014795777166985,0.7359256997005951,-1.1944508364961093,1.0846650736840289,2024-06-01,0,2,7,1
2024,6,Asia,Hybrid,Camry,Online,-1.1272512316510015,1.1310102105300919,-0.6970141907967498,-0.5632792659348108,-0.5171474998963779,-1.0841157278866624,-1.8638302522784682,1.538310261514339,0.13578081843035045,2024-06-01,0,2,0,3
2024,6,Latin America,Sedan,RAV4,Corporate,-0.4207892895811709,0.6780700565968101,-0.08568675705957025,-0.09992736796282889,0.2515884360101852,-0.22050613450821438,-0.3230203983863264,-1.1572704133939262,-1.5586553516655053,2024-06-01,3,5,6,0
2024,6,Middle East,Pickup,Land Cruiser,Fleet,1.2889065169443823,1.449389699607668,2.2621839225079348,1.7936843860740634,2.015832341570266,3.4311591643895585,1.2206748672172238,0.5604651339269271,-0.7679184722874396,2024-06-01,4,3,4,2
2024,7,Middle East,Hatchback,Camry,Fleet,-0.5018586927695121,-1.3509109668330084,-0.9075392135168283,-0.8468923210542073,-0.7124881046834924,-0.9629534642369114,-1.1583470888390888,-1.0457291440873773,-0.22569889785676558,2024-07-01,4,1,0,2
2024,7,Europe,Pickup,Camry,Corporate,0.5549388845070788,0.4362572742538229,0.72593861968252,0.9370603674380141,1.2009274179925047,-0.6027018634823669,-1.5161381410537436,-0.038139678018218506,-1.9879125147564551,2024-07-01,1,3,0,0
2024,7,Middle East,Hatchback,Prius,Dealer,-0.5756897563874658,-1.0407534059953882,-0.8335446962383553,-0.8491719472136584,-0.5808708752984933,-0.6652805305752614,-0.04313546237970143,-0.804056393923188,-0.5419936496079921,2024-07-01,4,1,5,1
2024,7,Asia,SUV,Prius,Fleet,-1.1880532840422575,1.5463644067950044,-0.6891532261484671,-0.6888927304321969,-0.501861218645494,-0.5853972012495277,-0.15710922498033728,1.1107353958392352,0.903925215540471,2024-07-01,0,4,5,2
2024,7,Middle East,Pickup,Camry,Dealer,-1.5065402251393123,-0.967490152571496,-1.3224285736614207,-1.313004441115672,-1.2550337095463653,-0.9697189704494031,1.0749615757910946,0.10686397208029463,-1.0164357772348314,2024-07-01,4,3,0,1
2024,7,Japan,Hybrid,Fortuner,Dealer,0.7952517582439474,-1.315820951666054,-0.29899401375222945,-0.2797045096927501,-0.36644235893129806,-0.23036128493480765,-0.004182404275686671,-0.18686137042695053,0.8587402510045805,2024-07-01,2,2,2,1
2024,8,Asia,Pickup,Fortuner,Corporate,-0.726247219451528,0.4918286999470959,-0.44570297971700285,-0.5862044854995117,-0.48438987497583263,0.24873176093275887,1.5770232135761741,1.2148405805253473,0.18096578296623894,2024-08-01,0,3,2,0
2024,8,North America,Hatchback,Corolla,Fleet,1.0485936432075138,-1.102271047647915,-0.01607961748113858,-0.15217201947555675,0.21959937973219865,0.34624112924765504,0.662347701059678,0.10686397208029463,0.40689060564568547,2024-08-01,5,1,1,2
2024,8,Asia,Hatchback,Corolla,Dealer,1.1586164046774055,-1.339605815503069,-0.15136290283200435,-0.24326489527639172,-0.20598402340063443,0.27594596117797277,0.8066182866301033,-1.540228771346411,1.2202199672916965,2024-08-01,0,1,1,1
2024,8,Middle East,Hatchback,RAV4,Online,-0.6075384504971713,0.9246544937219144,-0.1878814570773047,-0.2234458748025813,-0.12687412918300375,-0.03295805411877389,0.2280932384926982,0.2146871990766256,1.0846650736840289,2024-08-01,4,1,6,3
2024,8,North America,Hybrid,Corolla,Fleet,1.4090629538128168,0.4470485550687649,1.5278045816199821,1.5407125371445045,1.3006335812788683,1.127081600359945,-0.09507287318505445,-0.42109803597070355,-0.6549560609477163,2024-08-01,5,2,1,2
2024,8,Japan,Hybrid,Prius,Fleet,0.7054963475711411,-0.4362214501379204,0.2651511510132201,0.46762794272314023,0.36612208619110115,-0.6416184203110363,-1.3805237906175436,1.6461334885106698,1.1524425204878617,2024-08-01,2,2,5,2
2024,9,Middle East,Hybrid,Yaris,Corporate,0.2422426150663341,1.095039274480285,0.8076294328672309,0.8344932579484574,0.7996430790555907,0.44924240331037296,-0.252327811456818,-0.95277808633192,-0.1805139333208771,2024-09-01,4,2,7,0
2024,9,Europe,SUV,Land Cruiser,Corporate,-1.3516397583330175,1.6677112584079241,-0.8727072991080801,-0.803475518119993,-0.8629762311531307,-0.8528881193896961,-0.7341915672620384,-1.27996580963113,-0.5419936496079921,2024-09-01,1,4,4,0
2024,9,Asia,Pickup,Land Cruiser,Corporate,0.8271004523536529,0.30800987572522587,0.8860013539495489,1.1851885614005024,0.8529521153625769,-0.49829168035077653,-1.4425601424128265,0.7314950801969684,0.3617056411097969,2024-09-01,0,3,4,0
2024,9,Middle East,SUV,Yaris,Fleet,-0.36433024093214755,-1.400903226934883,-0.8657727133483923,-0.7964704059468432,-0.5832755665213041,-1.02308157243829,-1.4916121415067711,1.4936937537917196,0.33911315884185267,2024-09-01,4,4,7,2
2024,9,Middle East,Sedan,Hilux,Fleet,-0.4642193270034966,-1.6465333331035636,-1.0016027159722425,-1.0406103959080322,-1.0760690441683076,-0.4818879660358238,1.6852261527539931,-0.3244289359050279,-0.4742162028041583,2024-09-01,4,5,3,2
2024,10,Asia,Hybrid,Fortuner,Dealer,1.656614167120073,1.252724112510867,2.5175667849041403,1.902906935398168,2.3691597768231256,4.086128107005669,1.4630494509755383,-0.1236546511532395,0.09059585389445993,2024-10-01,0,2,2,1
2024,10,Middle East,Hybrid,Camry,Fleet,0.9573905646206299,1.2191757088889041,1.6908704531901624,1.745297727681799,0.522392306078837,1.6845891436313385,0.290129590287981,0.3002021722116459,1.897994435330038,2024-10-01,4,2,0,2
2024,10,Middle East,Pickup,RAV4,Fleet,0.8459201352366607,1.381191741260177,1.681706829501057,1.9437611795143768,1.7450391393143927,0.11496242277710401,-1.103524266322327,0.006476829704400766,-1.5586553516655053,2024-10-01,4,3,6,2
2024,10,Latin America,Sedan,Hilux,Online,1.1977034383574985,-0.10315994634613754,0.8800252567727633,1.0699855890904177,0.820203074872642,-0.07750933662844983,-0.9404985046277468,0.3522547645547023,-0.8131034368233291,2024-10-01,3,5,3,3
2024,10,Middle East,SUV,Corolla,Fleet,-0.20942977412585273,1.007020596268615,0.2699874961203901,0.31508051015253247,0.10293264415730297,0.12062263793360999,-0.16720816597026708,0.9099611110874468,0.6328154283251339,2024-10-01,4,4,1,2
2024,10,Latin America,Sedan,RAV4,Online,-0.3078711922831242,-1.3624363483836608,-0.8250760058979043,-0.8949249747495621,-0.727568749393807,-0.357871709986221,1.1903780442474345,-0.16455311656564123,-0.4968086850721026,2024-10-01,3,5,6,3
2024,10,Europe,EV,Fortuner,Dealer,0.0844468124318842,0.13358754092044825,0.13139631552704037,0.10669572457929048,0.367708899819848,0.029491142212661327,-0.14845298984611194,-0.16455311656564123,-0.04495903971320757,2024-10-01,1,0,2,1
2024,10,Japan,Hatchback,RAV4,Dealer,-0.33827221847875216,0.8186503474853408,0.05372097590157989,-0.15058507270846355,-0.22487954471838176,0.9770918541438602,1.6765699176197677,1.9807572964303166,-0.22569889785676558,2024-10-01,2,1,6,1
2024,10,Europe,SUV,Prius,Dealer,1.1209770389113898,-0.31370003734786406,0.6516195955819326,0.7657127005696772,0.7061260572590342,-0.021491649057044118,-0.7255353321278131,0.5902094724086735,0.6102229460571897,2024-10-01,1,4,5,1
2024,10,North America,Pickup,Camry,Corporate,0.7286590341963814,1.391762791854406,1.5506321873571418,1.7766725766415843,2.1234902481458535,-0.1651344499094541,-1.314159321255148,0.9471415341896297,-1.0842132240386662,2024-10-01,5,3,0,0
2024,10,Latin America,EV,Fortuner,Corporate,-0.5250213793947525,-1.6047630012416452,-1.0091463345443978,-1.0063589555476689,-0.8682043241302105,-0.7808549347627552,0.07805182949945604,0.5084125415838707,0.5198530169854108,2024-10-01,3,0,2,0
2024,11,Latin America,Hybrid,Camry,Fleet,-0.0024132624127671076,-0.941870036895205,-0.47875522142268373,-0.580006238945396,-0.5412439025318561,0.09519208291631061,1.2798258073010982,1.4267689922077904,0.8361477687366362,2024-11-01,3,2,0,2
2024,11,Middle East,Sedan,RAV4,Online,1.090576012715762,-0.4694028033920279,0.5063203020285669,0.6446617683967693,0.44370738149995237,-0.13496507085818918,-0.7731446253660533,-0.20545158197804228,0.3842981233777412,2024-11-01,4,5,6,3
2024,11,Japan,Hatchback,RAV4,Dealer,1.6942535328860886,1.0559117052669238,2.373218677109396,2.008549094491435,2.714934936035614,2.7420371166160002,0.6147384078214378,0.054811379737238916,-0.8356959190912734,2024-11-01,2,1,6,1
2024,11,Japan,Pickup,Camry,Corporate,1.2889065169443823,-0.7289074134656344,0.42321305350568283,0.26392729403860216,0.4895628156744751,0.8373108758914318,0.7186132294321439,-0.4582784590728864,1.4913297545070334,2024-11-01,2,3,0,0
2024,11,North America,Pickup,Yaris,Corporate,-0.8739093466874353,-1.6757505423848353,-1.1613028380188684,-1.1694945361962008,-0.9395472083314345,-0.8941715607979044,0.1747131218316407,0.4675140761714697,-1.1293981885745557,2024-11-01,5,3,7,0
2024,11,Latin America,SUV,Corolla,Corporate,-1.3574304299893276,-0.30430354793077163,-1.1494416874357047,-1.0963372899106614,-1.0778975323687385,-1.0188004189277007,-0.8582642708526043,1.1888142843538192,0.6554079105930782,2024-11-01,3,4,1,0
2024,11,Europe,Hatchback,Corolla,Corporate,0.046807446665868634,0.4764859945707497,0.27512388216755185,0.22394075182617504,0.8187285555427505,0.02850939660096109,-0.32013498667491797,1.6126711077187053,-2.6656869827947967,2024-11-01,1,1,1,0
2024,11,Japan,Hybrid,Camry,Fleet,-0.02702361695208498,-0.8444548692664424,-0.4445547029497835,-0.27802387394830314,-0.5658053295084071,-0.8435942034763844,-1.3242582622450776,3.006936974050566,-0.6775485432156606,2024-11-01,2,2,0,2
2024,11,North America,Sedan,Fortuner,Fleet,0.2103939209566286,1.5785180190191175,1.0412129101355774,1.1271371504604575,0.3231449520110726,0.8408005636211784,0.00014571329142625122,0.40802539920797687,0.6328154283251339,2024-11-01,5,5,2,2
2024,12,Japan,EV,Prius,Dealer,-1.5572086021320255,-1.311709987546076,-1.3790649596009317,-1.3482171175203141,-1.2707998138723025,-1.1140184432869884,-0.4788326308023857,1.437923119138445,1.1976274850237523,2024-12-01,2,0,5,1
2024,12,Asia,Hatchback,Fortuner,Corporate,-1.147518582448087,0.42319028115817875,-0.8560260003431935,-0.913388910694175,-0.777541029619545,-0.4131596829888208,1.1139146338951094,-0.8932894093684272,-0.6549560609477163,2024-12-01,0,1,2,0
2024,12,Latin America,Pickup,Hilux,Online,0.0772084728614966,-1.0945629899229565,-0.5136627214835181,-0.6030053537276685,-0.583188176480042,0.03172033343425618,1.2221175730729283,0.5753373031678,-0.24829138012471083,2024-12-01,3,3,3,3
2024,12,Latin America,Hatchback,Camry,Fleet,-1.3009713813403043,0.2630095006261818,-1.0221600242435829,-0.9813733618865261,-0.9362927973703277,-0.896198731972838,-0.5192283947621047,0.16635264904378744,0.06800337162651568,2024-12-01,3,1,0,2
2024,12,Asia,Pickup,Yaris,Corporate,0.8140714411269552,-1.3084065342353794,-0.28503263342044044,-0.21469720779477505,-0.18319156261999384,-0.5198379935017112,-0.6995666267251363,-0.060447931879528474,0.40689060564568547,2024-12-01,0,3,7,0
2024,12,North America,Pickup,Fortuner,Dealer,1.5769924318458093,0.16265793005457785,1.4220890109979645,1.2402819313743085,0.5896916098350866,2.1699874038231135,0.9956127537273607,-0.4582784590728864,-1.1971756353783893,2024-12-01,5,3,2,1
2025,1,Asia,EV,Corolla,Dealer,0.8922455084871413,-1.4742398904323462,-0.37138688242925927,-0.23882035939474267,-0.21068699878217206,-0.8479915029548275,-1.3949508491745863,0.2518676221788084,-1.1293981885745557,2025-01-01,0,0,1,1
2025,1,North America,Pickup,Camry,Online,0.6157409368983348,-0.24102406451254005,0.33247591647089386,0.3396493894213129,0.10624385080454443,0.3421536699387339,0.10257782904642807,0.46379603386125146,-0.20310641558882134,2025-01-01,5,3,0,3
2025,1,Asia,Pickup,Corolla,Dealer,-1.5557609342179481,-0.23162757509544765,-1.2880933081350647,-1.2527783734156583,-1.2448607448366718,-1.0277412894727664,-0.1253696961548439,-2.6221790836199355,-0.4064387560003236,2025-01-01,0,3,1,1
2025,1,Japan,EV,Land Cruiser,Online,0.699705675914831,-0.4210255649087163,0.27156450834575857,0.017615026349249482,-0.3519166734658376,1.5299861923997826,2.0761994396498458,-0.40622586672983,-0.1805139333208771,2025-01-01,2,0,4,3
2025,1,Middle East,Sedan,Fortuner,Dealer,0.21907992844109372,-0.2212767547219318,0.04733080574652351,0.1310034194284319,0.4695556150730584,-0.5506681113821748,-1.0905399136209888,-0.5363573475874709,-0.20310641558882134,2025-01-01,4,5,2,1
2025,1,Japan,Pickup,Hilux,Dealer,-0.9303683953364587,1.423916404078519,-0.40431403840543506,-0.41553786912242374,-0.11898171748165029,-0.41329153563600746,-0.25809863487963514,1.7279304193354725,-1.0842132240386662,2025-01-01,2,3,3,1
2025,1,North America,SUV,Fortuner,Corporate,-1.0374958209781953,-1.516597502882833,-1.1853283626789595,-1.1690892051943975,-1.1559633653751287,-0.8783965711045256,0.4848948808080553,0.40802539920797687,-0.24829138012471083,2025-01-01,5,4,2,0
2025,1,North America,Pickup,Fortuner,Dealer,-0.7696772568738537,1.2861991060592586,-0.25325852804214205,-0.19159286350246973,0.1318562903201503,-0.6473924253617956,-1.0256181501142976,-1.8822886638864942,-0.4968086850721026,2025-01-01,5,3,2,1
2025,2,North America,Pickup,Prius,Dealer,0.39280007813039636,0.26631295393687837,0.47276334139342924,0.2805193580415876,0.5866236302152739,0.9633098316890095,0.8253734627542589,1.2111225382151292,0.13578081843035045,2025-02-01,5,3,5,1
2025,2,Asia,Pickup,Corolla,Online,-0.3209002035098219,0.9886680778758563,0.14196557660402087,0.10641760108435244,-0.28209503011976955,0.4998236009028011,0.6464779366469313,-0.6144362361020548,-0.4742162028041583,2025-02-01,0,3,1,3
2025,2,Middle East,Sedan,RAV4,Dealer,-0.4786960061442718,-0.3417426854519992,-0.5221137656999294,-0.6469172446301386,-0.22500349027600644,-0.07631701855197984,0.9436753429220076,-0.9341878747808285,-0.1805139333208771,2025-02-01,4,5,6,1
2025,2,Middle East,Hybrid,Fortuner,Corporate,0.533223865795916,-1.5563857627583335,-0.5738183583347674,-0.6476303248349676,-0.7836573020177815,0.023023932412854876,1.4183255694487067,-1.417533375109207,0.4294830879136317,2025-02-01,4,2,2,0
2025,2,North America,Sedan,Land Cruiser,Online,-0.5771374243015432,-0.7459385505341143,-0.7325234208457712,-0.7885340046375333,-0.6636176020756362,-0.32882632861304534,0.8888525204052456,-1.926905171609114,0.49726053471746445,2025-02-01,5,5,4,3
2025,2,Latin America,EV,RAV4,Dealer,-1.1431755787058544,-1.1050606304436144,-1.1483821243548813,-1.1667773222529236,-1.135293270651184,-0.7138061765590225,1.4688202743983552,-0.9379059170910468,0.5876304637892434,2025-02-01,3,0,6,1
2025,2,Europe,Sedan,Yaris,Corporate,0.4145150968415592,1.6393749700095048,1.3300767781112717,1.154226423359013,1.2340201000499735,1.614381903138574,0.5440458208919292,-0.941623959401265,-1.1519906708424998,2025-02-01,1,5,7,0
2025,2,Middle East,SUV,Fortuner,Online,-0.33682455056467464,-0.5404637546087891,-0.5013885208857961,-0.5560756517585248,-0.34913095404645855,-0.2313214214941141,0.4444991168483361,-0.19801549735760585,-0.15792145105293284,2025-02-01,4,4,2,3
2025,2,North America,Hybrid,RAV4,Corporate,1.5306670585953286,-0.24469456819109175,1.012270766132548,0.9781634920147938,1.0970167677117246,0.7553890108848103,-0.07054687363808217,0.9880399996020314,-1.1293981885745557,2025-02-01,5,2,6,0
2025,2,North America,EV,RAV4,Corporate,-0.9593217536180091,-1.3024603182761256,-1.1015681507352901,-1.091756168326516,-0.9162462253263274,-0.8977802883217527,-0.19750498894005653,-2.3990965450068376,-1.3101380467181136,2025-02-01,5,0,6,0
2025,3,Latin America,Pickup,Corolla,Fleet,0.9791055833317928,1.0255199348085156,1.5681149213594114,1.9161576857299523,2.2292431481503523,-0.6652091184576583,-1.781596018503326,0.519566668514526,-0.09014400424909808,2025-03-01,3,3,1,2
2025,3,Middle East,Hatchback,Prius,Corporate,1.6696431783467707,1.6677846684814952,2.925156986388193,2.527049969231998,2.631617033235645,3.645523720297985,0.8369151095998927,0.2184052413868438,0.7909628042007477,2025-03-01,4,1,5,0
2025,3,Europe,Hatchback,Corolla,Dealer,1.5161903794545533,0.3033116310166797,1.4974192631439625,1.8547984946324296,1.9392583849314424,-0.6073369629176366,-1.7152315491409302,0.6050816416495464,1.355774860899366,2025-03-01,1,1,1,1
2025,3,Europe,EV,Camry,Dealer,-0.85943266754666,0.38817367606479536,-0.5992097100449245,-0.70494981657365,-0.3131310689872572,-0.1923742285386053,0.8527848740126394,1.147915818941418,0.2035582652341832,2025-03-01,1,0,0,1
2025,3,Asia,Sedan,Camry,Fleet,0.5259855262255284,-0.23764720112827248,0.2676218925353613,0.4140816918652619,-0.07714883951377183,-0.14554741917119743,-0.5899209816916131,0.19609698752553384,0.24874322977007368,2025-03-01,0,5,0,2
2025,3,North America,Hybrid,RAV4,Fleet,-1.3733547770441803,-0.8754339203134189,-1.2366694337923168,-1.244771955110199,-1.1341406383466404,-0.868986266876167,1.0749615757910946,0.5307207954451807,-1.3327305289860578,2025-03-01,5,2,6,2
2025,3,Asia,Hybrid,Corolla,Online,1.1065003597706147,0.44792947595161736,1.2469314810214163,1.5019726056772489,0.7444349010103286,0.21027273266076657,-0.8207539186042937,-1.3766349096968056,-0.4742162028041583,2025-03-01,0,2,1,3
2025,3,Latin America,Sedan,Camry,Online,1.223761460810894,0.09379928104494763,1.0632890353633115,1.3897907305867832,1.1449716776214462,-0.554178120425975,-1.5623047284362794,-0.4136619513502671,-1.9879125147564551,2025-03-01,3,5,0,3
2025,3,Europe,Hybrid,Corolla,Corporate,-1.7367194234776382,-0.6241512384797683,-1.4374872696884191,-1.4093723973141847,-1.3437924903290352,-1.133871658717826,0.09392159391220273,-0.05672988956931026,0.542445499253355,2025-03-01,1,2,1,0
2025,3,Middle East,EV,RAV4,Dealer,-0.6943985253418226,-1.065933061230253,-0.9046992957571293,-0.94461885809804,-0.6631118868166069,-0.6154793725954186,0.4444991168483361,2.2038398350434143,1.2202199672916965,2025-03-01,4,0,6,1
2025,4,Asia,Pickup,Fortuner,Corporate,-0.4323706328937911,1.2606524004565387,0.12652251858173144,0.2301551067923529,0.1417181903907904,-0.3112354184948425,-0.7327488614063341,0.5084125415838707,-1.5586553516655053,2025-04-01,0,3,2,0
2025,4,Japan,Hybrid,Land Cruiser,Fleet,0.25092862255079923,0.9810334302244688,0.7526122279905683,1.0862349587870461,0.8322389215101051,-0.7888567873704937,-1.758512724812058,1.270611215178622,2.0561418112056518,2025-04-01,2,2,4,2
2025,4,Asia,EV,Yaris,Online,1.1166340351691573,-0.2605511440824352,0.6908826762207465,0.7775609801466932,0.9957644615528077,-0.05297590216419283,-0.7933425073459127,-0.3690454436276472,-0.33866130919648985,2025-04-01,0,0,7,3
2025,4,Latin America,Sedan,Corolla,Fleet,0.5129565149988307,1.2284253781588546,1.1914016008308668,0.7984073992605638,1.0877586026708248,2.3362180701366215,1.448622392418496,-0.718541420788167,0.7909628042007477,2025-04-01,3,5,1,2
2025,4,Japan,Sedan,Camry,Dealer,-1.5934002999839636,1.1597869593699375,-1.2139591847255016,-1.2050305523000917,-1.158488115415713,-0.8871213769377803,0.6594622893482696,0.19981502983575206,0.40689060564568547,2025-04-01,2,5,0,1
2025,4,Japan,Sedan,Land Cruiser,Fleet,1.2802205094599173,1.4634844337333066,2.2636389178949354,2.7956062734421585,2.1639787644046393,-0.39585042476335275,-1.6705076676140984,1.690749996233289,-1.1519906708424998,2025-04-01,2,5,4,2
2025,4,Latin America,Sedan,Hilux,Dealer,-0.35709190136175994,-0.05001105308070867,-0.3167002653256685,-0.3215736694478289,-0.3819013973678267,-0.15355060827351627,0.21078076822424702,-1.8748525792660578,0.04541088935857143,2025-04-01,3,5,3,1
2025,4,North America,SUV,RAV4,Online,1.2281044645531265,0.45739937544228076,1.3679693147006788,1.7027667068320376,0.7321050197028881,0.07955423592216469,-1.0111910915572548,-1.3245823173537496,-0.9034733658951081,2025-04-01,5,4,6,3
2025,4,Latin America,SUV,Hilux,Online,-1.0650015113456681,0.242014219584866,-0.8186816018097047,-0.8569981054492994,-0.76987428405012,-0.4400774711066269,0.8239307568985544,0.3262284683831741,1.4009598254352544,2025-04-01,3,4,3,3
2025,5,Middle East,Hatchback,Corolla,Corporate,-1.1127745525102264,-1.5942653607209873,-1.2315535922663798,-1.2352661988828415,-1.0360174355521103,-0.9414589431189787,0.30311394298931926,-2.0421644832258807,1.0620725914160827,2025-05-01,4,1,1,0
2025,5,Europe,Sedan,Camry,Online,0.9993729341288781,1.537334967745767,1.9825749209013641,1.760661925036137,2.5522363508606793,1.7999869269052253,0.17038500426452777,1.2854833844194948,0.9265176978084152,2025-05-01,1,5,0,3
2025,5,Europe,SUV,Land Cruiser,Online,0.9791055833317928,-1.499566365814353,-0.3544572592231767,-0.5132716996353729,-0.3570157289200584,0.3554608525036739,1.5380701554721594,-0.0158314241569092,0.7005928751289687,2025-05-01,1,4,4,3
2025,5,Latin America,Sedan,Yaris,Fleet,-0.08637800142926337,0.03213481924527877,-0.0616027813895763,-0.061786843394827574,-0.5704951370185647,0.28491776468933944,0.633493583945593,0.40058931458754043,-0.9260658481630524,2025-05-01,3,5,7,2
2025,5,Japan,Pickup,Corolla,Online,0.9863439229021803,0.522147060331933,1.1917340640374114,0.9545533737058456,0.6055483256039607,2.0637801459874874,1.1615239271333495,2.006783592601845,0.7457778396648572,2025-05-01,2,3,1,3
2025,5,Asia,EV,Land Cruiser,Fleet,0.23789961132410153,1.4056372957593315,0.9777650066541177,1.2219928803937377,1.0206315005316413,-0.2799052795604868,-1.2232688523457802,0.7352131225071866,-1.5586553516655053,2025-05-01,0,0,4,2
2025,5,Japan,Sedan,Fortuner,Online,1.2541624870065218,-1.1013167166914917,0.09086655007129157,0.20499224567746707,0.12413239287344581,-0.3860009788168458,-0.8308528595942233,0.7500852917480602,1.1298500382199175,2025-05-01,2,5,2,3
2025,5,Asia,Hatchback,Fortuner,Fleet,-0.8087642905539468,-0.8033452280666632,-0.8904628802649859,-0.880709804804775,-1.0394601013739568,-0.5412553263216014,0.7186132294321439,0.8021378840911165,-1.8071726566128972,2025-05-01,0,1,2,2
2025,5,Latin America,SUV,RAV4,Fleet,-1.044734160548583,1.2885482284135317,-0.5704330304223831,-0.4763902330821503,-0.6757491521212705,-0.668094072503952,-0.6707125096110513,-0.19057941273716875,-0.5645861318759373,2025-05-01,3,4,6,2
2025,5,Japan,Hybrid,Camry,Corporate,1.1180817030832348,-0.3297768434599206,0.636675942760927,0.5506975003326942,1.0339394446395145,0.4957641405817351,-0.030151109678363177,0.7500852917480602,1.0394801091481385,2025-05-01,2,2,0,0
2025,5,Asia,EV,RAV4,Fleet,0.37253272733331105,-0.18053416389000773,0.18712982232768383,-0.023115015555117528,0.4192081938855235,0.7622850863081696,1.008597106428699,-1.227913217288074,0.7005928751289687,2025-05-01,0,0,6,2
2025,5,Asia,Sedan,Fortuner,Online,-0.1471800538205193,-0.38336619716677567,-0.3026715682984688,-0.1346168890491709,-0.6021483879342037,-0.6395560227526628,-0.9563682690404934,1.289201426729713,0.5198530169854108,2025-05-01,0,5,2,3
2025,5,Asia,Hatchback,Hilux,Corporate,1.2527148190924444,0.6636816821768873,1.5630928515071154,1.964604232175295,2.43687871183134,-1.0042853679137274,-2.096105895046853,-0.3467371897663372,0.5876304637892434,2025-05-01,0,1,3,0
2025,6,Europe,Hybrid,Prius,Corporate,-0.7624389173034661,1.1539141534842547,-0.2840188479657489,-0.3318764109353837,-0.6172942716289231,0.20051185816034794,0.9624305190461628,0.6422620647517292,0.6328154283251339,2025-06-01,1,2,5,0
2025,6,Asia,EV,RAV4,Fleet,0.030883099611015895,-1.5963208427809763,-0.7924971690658159,-0.6824987105383629,-0.8282546601079048,-0.9218582061412384,-1.1742168532518356,-0.17570724349629588,-1.8071726566128972,2025-06-01,0,0,6,2
2025,6,North America,Hybrid,Corolla,Fleet,-1.5456272588194053,-0.587225971473538,-1.3111964605144348,-1.3106792518097716,-1.2396669626996832,-0.9315507459032054,1.4125547460258898,0.6905966147845674,0.6328154283251339,2025-06-01,5,2,1,2
2025,6,Japan,EV,Land Cruiser,Dealer,0.13945819316683003,-0.8666981215584658,-0.35905414557465853,-0.2766307329786351,-0.06522069925400245,-0.737749171522205,-1.1338210892921163,2.0997346503573024,0.6102229460571897,2025-06-01,2,0,4,1
2025,6,Japan,EV,Hilux,Dealer,-0.9014150370549082,0.08667850390855729,-0.7155765493348704,-0.6913817751695092,-0.5711046562340656,-0.6651290248613114,-0.3706296916245667,0.3373825953138294,-0.13532896878498657,2025-06-01,2,0,3,1
2025,6,Latin America,EV,Corolla,Online,0.269748305433807,-0.43100933491437693,-0.03447813133131597,-0.009569901532110089,0.16247604254812106,-0.24228211249392168,-0.43266604341984954,-1.08290956718956,-1.1293981885745557,2025-06-01,3,0,1,3
2025,6,Europe,Sedan,Land Cruiser,Dealer,-1.6570976882033746,0.1708798582945337,-1.3412638930168121,-1.2922955674622836,-1.247708215255471,-1.146754064013342,-1.3718675554833184,-1.8116458599923464,0.7683703219328014,2025-06-01,1,5,4,1
2025,7,Latin America,Hatchback,Corolla,Corporate,1.3974816105001966,0.5555486438067537,1.6117748989439242,1.5914266493797276,0.769112412697163,1.7017987412341198,0.369478412351715,-1.1461162864632712,-2.1912448551679575,2025-07-01,3,1,1,0
2025,7,Japan,Hatchback,Prius,Fleet,-1.1113268845961488,-0.44319540712716865,-0.9979699160884227,-0.9090311733576438,-0.9357078195006875,-1.044503025160465,-1.4093779077316286,1.8654979848135493,1.2879974140955313,2025-07-01,2,1,5,2
2025,7,Asia,Pickup,Prius,Dealer,1.2483718153502117,1.4277337279042128,2.19554968597182,2.295118877729576,2.782417727515772,0.7326484882020927,-0.7918998014902086,-0.8821352824377722,1.897994435330038,2025-07-01,0,3,5,1
2025,7,Japan,Hatchback,Corolla,Online,1.4915800249152356,-1.03165055687258,0.2761113263066479,0.36799459132382234,-0.13153367612721997,0.10412100818256297,-0.20039040065146496,0.307638256832083,0.40689060564568547,2025-07-01,2,1,1,3
2025,7,Japan,Sedan,Prius,Online,-1.1648905974170172,1.6946527554084938,-0.6328927225419624,-0.5709885062066732,-0.4799422371206483,-0.7555667795145722,-0.8380663888727446,0.43405169537950505,-1.8523576211487867,2025-07-01,2,5,5,3
2025,7,North America,Pickup,Fortuner,Fleet,0.39135241021631884,0.765574864293483,0.7731569481251137,0.6484227337500867,-0.08969063439063588,1.5390408241589602,1.135555221730673,0.11430005670073107,0.45207557018157596,2025-07-01,5,3,2,2
2025,7,Latin America,SUV,Corolla,Online,1.2585054907487545,-1.4769560631544745,-0.2209600685142397,-0.24798282732621238,-0.5299781433897578,0.14972714485189464,0.6940872298851719,-0.4954588821750692,-1.5134703871296158,2025-07-01,3,4,1,3
2025,7,Japan,Sedan,Yaris,Dealer,-0.889833693742288,-0.4347532486664997,-0.8423559657598405,-0.808104329840264,-0.9707836640830919,-0.6134323131765635,0.20356723894572565,0.2369954529379349,0.2035582652341832,2025-07-01,2,5,7,1
2025,7,Japan,Pickup,Yaris,Corporate,0.6171886048124122,1.3198943298283634,1.3709719121063153,1.6304789056136038,2.037460521027789,-0.47108156415767055,-1.5565339050134626,1.09958126890858,-0.6097710964118268,2025-07-01,2,3,7,0
2025,7,Japan,Hybrid,Fortuner,Fleet,-0.07334899020256568,-1.3035614693796913,-0.6920314482160654,-0.7966214310507159,-0.9300132102120787,0.07622972572968241,2.1281368504551987,0.006476829704400766,-0.3612537914644341,2025-07-01,2,2,2,2
2025,8,Latin America,Hybrid,Yaris,Fleet,-1.128698899565079,-1.4802595164651708,-1.2151313874773286,-1.2306455039949233,-1.1693627542788054,-0.79047192529675,1.5712523901533573,0.16635264904378744,0.022818407090625176,2025-08-01,3,2,7,2
2025,8,Europe,SUV,Hilux,Corporate,1.6522711633778404,0.17741335484235576,1.5003118635348525,1.388382437120934,1.0523774507527772,1.7158024511424654,0.4805667632409424,-0.6739249130655476,0.27133571203801793,2025-08-01,1,4,3,0
2025,8,North America,Hatchback,Camry,Dealer,-0.8623280033748151,0.6492933077569646,-0.5316118416916867,-0.5142099990774646,-0.22474618361747498,-0.6197235918201593,-0.594249099258726,-1.242785386528947,1.6042921658467568,2025-08-01,5,1,0,1
2025,8,Japan,EV,Fortuner,Corporate,-0.13270337467974408,0.9231128821769227,0.31393694401986605,0.14638740285834104,0.8534353748981092,0.4916202602650206,0.3593794713617852,-0.1496809473247677,0.99429514461225,2025-08-01,2,0,2,0
2025,8,Asia,Sedan,Prius,Corporate,1.5523820773064914,-0.12305407628388784,1.139724258812702,1.3170066561105072,0.4746924491905923,0.5322735502146294,-0.41535357315139865,1.0252204227042143,-0.7001410254836059,2025-08-01,0,5,5,0
2025,8,Middle East,Hatchback,RAV4,Online,-0.6133291221534813,1.7152809860819545,0.07132385130874459,0.2078188478259106,-0.1696894517744552,-0.3070908842709086,-0.6707125096110513,0.2146871990766256,-0.9486583304309976,2025-08-01,4,1,6,3
2025,8,North America,Hatchback,Camry,Dealer,-0.0747966581166432,1.7253381661611862,0.759939802309787,0.49788897947673194,-0.11031247305513858,2.0473847360074218,1.791986386076108,1.4825396268610649,-0.3160688269285446,2025-08-01,5,1,0,1
2025,8,Europe,SUV,Prius,Dealer,0.5491482128507688,0.6094316378078929,0.8325106950884409,0.8573148816664392,0.8688249493408043,0.4453433323769966,-0.27829651685949447,-0.6962331669268575,0.13578081843035045,2025-08-01,1,4,5,1
2025,8,Latin America,Pickup,Yaris,Fleet,1.193360434615266,1.133432742957936,1.8889920977281642,1.543255645686972,2.7658308736646533,2.0024259115591816,0.4069887646000253,1.4936937537917196,1.0620725914160827,2025-08-01,3,3,7,2
2025,9,Latin America,EV,Corolla,Dealer,-1.2097683027534203,-0.7469662915641088,-1.1196505972139807,-1.1566594229303606,-0.9419366819036353,-0.7303474680773471,1.08361781092532,0.43033365306928684,0.22615074750212943,2025-09-01,3,0,1,1
2025,9,Latin America,Pickup,Fortuner,Online,0.09892349157265942,-0.03452152755722042,0.05522274346276633,-0.10859559318928134,0.28298155762048455,0.502856315036603,0.8123891100529206,0.6348259801312928,-0.3160688269285446,2025-09-01,3,3,2,3
2025,9,Middle East,Pickup,Yaris,Dealer,-0.7682295889597762,0.28172906938679554,-0.5470831732943617,-0.5277787432027249,-0.8479953625270962,-0.24819915114491783,0.5224052330563657,-1.5811272367588123,-0.09014400424909808,2025-09-01,4,3,7,1
2025,9,Asia,Hatchback,Hilux,Online,0.4955845000299004,-1.2228103884515535,-0.3778297067998479,-0.41486531391093207,-0.33192059095657095,-0.14583989781723858,0.3637075889288976,0.06968354897811178,0.11318833616240417,2025-09-01,0,1,3,3
2025,9,Asia,Hatchback,Hilux,Fleet,0.05404578623625624,1.1720464416563001,0.6394656216360816,0.5104066018807228,1.1862051418974362,0.5627527708694234,0.056411241663891935,1.0809910573574888,0.7231853573969129,2025-09-01,0,1,3,2
2025,9,Japan,Hybrid,Corolla,Corporate,0.7822227470172497,1.6627193734050938,1.8060496884412771,1.9088206309988383,2.51009597912598,0.38314107062736275,-0.9174152109364786,0.010194872014618984,-0.6549560609477163,2025-09-01,2,2,1,0
2025,10,Middle East,Sedan,Camry,Fleet,-1.020123806009265,-0.5649093091079436,-0.9624114985342279,-0.9395935414610178,-0.9960515838743789,-0.7123591601865258,0.23097865020410663,-0.7966203093027515,-0.9938432949668871,2025-10-01,4,5,0,2
2025,10,Europe,Hatchback,Corolla,Dealer,-1.544179590905328,-0.06858380169418035,-1.2652800807211968,-1.2799168256504814,-1.0859726813283799,-0.9130316919232146,0.9595451073347544,-1.0420111017771592,-0.1805139333208771,2025-10-01,1,1,1,1
2025,10,Japan,SUV,Fortuner,Fleet,-0.8087642905539468,0.5941623425051178,-0.49448828965745123,-0.48183583073819064,-0.3205100457145803,-0.4919088790745621,-0.2999371046950583,0.7947017994706794,-0.5194011673400478,2025-10-01,2,4,2,2
2025,10,Asia,EV,RAV4,Corporate,0.18723123433138825,1.0910751305074493,0.7447239274786364,0.9551318138504693,-0.04711841337564371,0.22355627561931496,-0.4802753366580899,-2.019856229364571,0.8587402510045805,2025-10-01,0,0,6,0
2025,10,Europe,Hybrid,Land Cruiser,Fleet,0.80538543364249,-0.057572290658525205,0.6052310612040839,0.8659933184412334,0.9682788464093655,-0.7976859487655511,-1.7339867252650853,-0.343019147456119,0.7457778396648572,2025-10-01,1,2,4,2
2025,11,Latin America,Sedan,Hilux,Online,-1.4008604674116532,0.20472190221078054,-1.1174919164554526,-1.066680204114652,-0.9374893867984204,-1.0581340796540133,-1.2477948518927524,-1.0271389325362859,0.7683703219328014,2025-11-01,3,5,3,3
2025,11,Europe,Pickup,Camry,Fleet,0.029435431696938373,0.5934282417694074,0.31816414265193377,0.10223584063828325,0.4263851049445092,0.9511077953453426,1.0677480465125733,0.1775067759744421,0.9491101800763595,2025-11-01,1,3,0,2
2025,11,Europe,Hatchback,Corolla,Fleet,0.8864548368308313,-1.208642244252344,-0.17815773233997725,-0.09613154318513505,-0.44492748940046734,-0.25547399802318765,-0.2624267524467478,-0.45084237445244996,0.3842981233777412,2025-11-01,1,1,1,2
2025,11,Asia,Hatchback,Fortuner,Fleet,-1.4775868668577619,-0.12107200429746992,-1.2179737489836742,-1.194204756541615,-1.2037365102715734,-0.9188219901621947,0.40121794117720844,-0.12737269346345773,-1.1068057063066103,2025-11-01,0,1,2,2
2025,11,Latin America,Sedan,Corolla,Dealer,-1.19239628778449,1.3036707035691648,-0.7383425215083551,-0.6341541620080079,-0.6079958950719847,-0.969996638670524,-1.4266903780000797,-0.39135369748895715,0.3165206765739084,2025-11-01,3,5,1,1
2025,11,Europe,Hatchback,Land Cruiser,Fleet,-0.8029736188976367,-1.245347281037861,-1.0129326642320604,-0.9803711075225474,-0.9596959534693059,-0.8383923055804386,-0.22635910605414147,-0.9788043825034481,1.175035002755808,2025-11-01,1,1,4,2
2025,11,North America,Hatchback,Fortuner,Corporate,1.0167449490978082,-0.8965026114283058,0.1262153453114112,-0.02831290766648819,0.29958229396546887,0.55085380761596,0.763337110958976,-0.13852682039411304,0.8587402510045805,2025-11-01,5,1,2,0
2025,11,Asia,EV,Camry,Online,1.0978143522861494,0.21800912552713775,1.0564893955666903,0.8324143860344626,0.9127566153037463,1.6404758871823173,0.872982755992499,0.2518676221788084,1.0846650736840289,2025-11-01,0,0,0,3
2025,11,Latin America,Pickup,RAV4,Corporate,-1.167785933245172,-0.5478781720394637,-1.0566851632012322,-0.9751423141240197,-0.9780593140156657,-1.0669517747286152,-1.4367893189900096,0.0027587873941825477,-1.0164357772348314,2025-11-01,3,3,6,0
2025,12,Asia,SUV,Land Cruiser,Online,-1.5601039379601807,-0.486727580754792,-1.3123794896322185,-1.2963916474159731,-1.1504657051474683,-1.047947263470438,-0.15133840155752037,0.8913708995363557,-0.9260658481630524,2025-12-01,0,4,4,3
2025,12,Japan,EV,Prius,Dealer,-1.0722398509160558,-0.6991763336693654,-1.0253954311407765,-0.9521948026624568,-1.0798954689854998,-0.9295070721750202,-0.6995666267251363,1.4936937537917196,-0.3160688269285446,2025-12-01,2,0,5,1
2025,12,Latin America,Pickup,Fortuner,Dealer,-0.25865048320448847,-1.5535961799626343,-0.8853656794111425,-0.9450863947110373,-0.8389359185420852,-0.40361704141888893,1.3130080419822963,-0.7445677169596951,2.0561418112056518,2025-12-01,3,3,2,1
2025,12,North America,Pickup,Yaris,Corporate,-1.6672313636019171,-0.015581728575893556,-1.3599787299794044,-1.3569288269298596,-1.2969083358046554,-0.9684712021879198,1.872777913995546,-0.40994390904004824,-0.8131034368233291,2025-12-01,5,3,7,0
2025,12,Latin America,EV,Land Cruiser,Dealer,-1.1996346273548777,0.5588520971174502,-0.8799336852667429,-0.9167204815539216,-0.8515276854684347,-0.4740153877305772,0.9696440483246842,-1.8413901984740928,0.99429514461225,2025-12-01,3,0,4,1
2025,12,Latin America,Pickup,Land Cruiser,Dealer,0.1901265701595433,1.682393273122131,1.0733959168422669,1.3383404670708474,1.3051090244453099,-0.41365117026669634,-1.4093779077316286,-0.11621856653280306,-0.33866130919648985,2025-12-01,3,3,4,1
2025,12,Asia,Hybrid,Prius,Corporate,-0.7523052419049234,1.5357933562007753,-0.15870496913714938,-0.1087562385414398,0.012150693191484154,-0.40277265790950156,-0.6000199226815429,-1.1795786672552362,0.24874322977007368,2025-12-01,0,2,5,0
2025,12,Latin America,Hybrid,Yaris,Online,-0.3151095318535118,1.6890001797435241,0.43906776917525525,0.3453692089140246,0.4611708755232518,0.6315272461518574,0.3954471177543915,-0.5214851783465974,-0.7679184722874396,2025-12-01,3,2,7,3
2025,12,North America,Pickup,Yaris,Fleet,1.0442506394652813,-0.552796646968723,0.4096124952078,0.17803007116997718,0.09992360409108136,1.3386914545173847,1.4818046270996934,-0.8375187747151529,0.00022592482268092738,2025-12-01,5,3,7,2
2025,12,Europe,Hatchback,Yaris,Dealer,0.8893501726589863,0.049092546240187704,0.7506956202283267,0.5528386650736807,0.9273408438081278,1.1314137328215337,0.6565768776368611,0.4972584146532161,0.40689060564568547,2025-12-01,1,1,7,1
2025,12,Latin America,Pickup,Land Cruiser,Online,-0.17613341210206973,-0.8551727400078134,-0.5366791492725997,-0.3833208137033926,-0.20439767349243454,-1.1468453873189794,-2.113418365315304,0.5753373031678,1.3783673431673102,2025-12-01,3,3,4,3
